<?xml version='1.0' encoding='UTF-8'?>
<hotspot_log version='160 1' process='40238' time_ms='1750143798190'>
<vm_version>
<name>
OpenJDK 64-Bit Server VM
</name>
<release>
17.0.15+6-Ubuntu-0ubuntu124.04
</release>
<info>
OpenJDK 64-Bit Server VM (17.0.15+6-Ubuntu-0ubuntu124.04) for linux-amd64 JRE (17.0.15+6-Ubuntu-0ubuntu124.04), built on Apr 21 2025 05:49:19 by &quot;buildd&quot; with gcc 13.3.0
</info>
</vm_version>
<vm_arguments>
<args>
-XX:+UnlockDiagnosticVMOptions -XX:+LogCompilation -XX:+PrintCompilation -javaagent:/snap/intellij-idea-community/609/lib/idea_rt.jar=40091 -Dfile.encoding=UTF-8 </args>
<command>
com.motadata.nms.practice.TestPrime 11000
</command>
<launcher>
SUN_STANDARD
</launcher>
<properties>
java.vm.specification.name=Java Virtual Machine Specification
java.vm.version=17.0.15+6-Ubuntu-0ubuntu124.04
java.vm.name=OpenJDK 64-Bit Server VM
jdk.debug=release
sun.boot.library.path=/usr/lib/jvm/java-17-openjdk-amd64/lib
java.library.path=/usr/java/packages/lib:/usr/lib/x86_64-linux-gnu/jni:/lib/x86_64-linux-gnu:/usr/lib/x86_64-linux-gnu:/usr/lib/jni:/lib:/usr/lib
java.home=/usr/lib/jvm/java-17-openjdk-amd64
java.class.path=/home/uttam-kamalia/Motadata/starter/target/classes:/home/uttam-kamalia/.m2/repository/io/vertx/vertx-core/4.5.14/vertx-core-4.5.14.jar:/home/uttam-kamalia/.m2/repository/io/netty/netty-common/4.1.118.Final/netty-common-4.1.118.Final.jar:/home/uttam-kamalia/.m2/repository/io/netty/netty-buffer/4.1.118.Final/netty-buffer-4.1.118.Final.jar:/home/uttam-kamalia/.m2/repository/io/netty/netty-transport/4.1.118.Final/netty-transport-4.1.118.Final.jar:/home/uttam-kamalia/.m2/repository/io/netty/netty-handler/4.1.118.Final/netty-handler-4.1.118.Final.jar:/home/uttam-kamalia/.m2/repository/io/netty/netty-transport-native-unix-common/4.1.118.Final/netty-transport-native-unix-common-4.1.118.Final.jar:/home/uttam-kamalia/.m2/repository/io/netty/netty-codec/4.1.118.Final/netty-codec-4.1.118.Final.jar:/home/uttam-kamalia/.m2/repository/io/netty/netty-handler-proxy/4.1.118.Final/netty-handler-proxy-4.1.118.Final.jar:/home/uttam-kamalia/.m2/repository/io/netty/netty-codec-socks/4.1.118.Final/netty-codec-socks-4.1.118.Final.jar:/home/uttam-kamalia/.m2/repository/io/netty/netty-codec-http/4.1.118.Final/netty-codec-http-4.1.118.Final.jar:/home/uttam-kamalia/.m2/repository/io/netty/netty-codec-http2/4.1.118.Final/netty-codec-http2-4.1.118.Final.jar:/home/uttam-kamalia/.m2/repository/io/netty/netty-resolver/4.1.118.Final/netty-resolver-4.1.118.Final.jar:/home/uttam-kamalia/.m2/repository/io/netty/netty-resolver-dns/4.1.118.Final/netty-resolver-dns-4.1.118.Final.jar:/home/uttam-kamalia/.m2/repository/io/netty/netty-codec-dns/4.1.118.Final/netty-codec-dns-4.1.118.Final.jar:/home/uttam-kamalia/.m2/repository/com/fasterxml/jackson/core/jackson-core/2.16.1/jackson-core-2.16.1.jar:/home/uttam-kamalia/.m2/repository/io/vertx/vertx-web/4.5.14/vertx-web-4.5.14.jar:/home/uttam-kamalia/.m2/repository/io/vertx/vertx-web-common/4.5.14/vertx-web-common-4.5.14.jar:/home/uttam-kamalia/.m2/repository/io/vertx/vertx-auth-common/4.5.14/vertx-auth-common-4.5.14.jar:/home/uttam-kamalia/.m2/repository/io/vertx/vertx-bridge-common/4.5.14/vertx-bridge-common-4.5.14.jar:/home/uttam-kamalia/.m2/repository/io/vertx/vertx-config/4.5.14/vertx-config-4.5.14.jar:/home/uttam-kamalia/.m2/repository/io/vertx/vertx-web-client/4.5.14/vertx-web-client-4.5.14.jar:/home/uttam-kamalia/.m2/repository/io/vertx/vertx-uri-template/4.5.14/vertx-uri-template-4.5.14.jar:/home/uttam-kamalia/.m2/repository/org/slf4j/slf4j-api/2.0.9/slf4j-api-2.0.9.jar:/home/uttam-kamalia/.m2/repository/ch/qos/logback/logback-classic/1.4.11/logback-classic-1.4.11.jar:/home/uttam-kamalia/.m2/repository/ch/qos/logback/logback-core/1.4.11/logback-core-1.4.11.jar:/home/uttam-kamalia/.m2/repository/com/fasterxml/jackson/core/jackson-databind/2.19.0/jackson-databind-2.19.0.jar:/home/uttam-kamalia/.m2/repository/com/fasterxml/jackson/core/jackson-annotations/2.16.1/jackson-annotations-2.16.1.jar:/home/uttam-kamalia/.m2/repository/io/vertx/vertx-jdbc-client/4.5.1/vertx-jdbc-client-4.5.1.jar:/home/uttam-kamalia/.m2/repository/io/vertx/vertx-sql-client/4.5.14/vertx-sql-client-4.5.14.jar:/home/uttam-kamalia/.m2/repository/com/mchange/c3p0/0.9.5.5/c3p0-0.9.5.5.jar:/home/uttam-kamalia/.m2/repository/com/mchange/mchange-commons-java/0.2.19/mchange-commons-java-0.2.19.jar:/home/uttam-kamalia/.m2/repository/com/ongres/scram/client/2.1/client-2.1.jar:/home/uttam-kamalia/.m2/repository/com/ongres/scram/common/2.1/common-2.1.jar:/home/uttam-kamalia/.m2/repository/com/ongres/stringprep/saslprep/1.1/saslprep-1.1.jar:/home/uttam-kamalia/.m2/repository/com/ongres/stringprep/stringprep/1.1/stringprep-1.1.jar:/home/uttam-kamalia/.m2/repository/io/vertx/vertx-pg-client/4.5.14/vertx-pg-client-4.5.14.jar
jdk.boot.class.path.append=
java.vm.info=mixed mode, sharing
java.vm.specification.vendor=Oracle Corporation
java.vm.specification.version=17
java.vm.vendor=Ubuntu
file.encoding=UTF-8
sun.java.command=com.motadata.nms.practice.TestPrime 11000
sun.java.launcher=SUN_STANDARD
</properties>
</vm_arguments>
<tty>
<writer thread='40243'/>
<blob name='MethodHandlesAdapterBlob' size='4224'>
<sect index='1' size='4224' free='3842'/>
</blob>
<task_queued compile_id='1' method='java.lang.Object &lt;init&gt; ()V' bytes='1' count='256' iicount='256' level='3' stamp='0.016' comment='tiered' hot_count='256'/>
<writer thread='40260'/>
<thread_logfile thread='40260' filename='/tmp/hs_c40260_pid40238.log'/>
<writer thread='40261'/>
<thread_logfile thread='40261' filename='/tmp/hs_c40261_pid40238.log'/>
     16    1       3       java.lang.Object::&lt;init&gt; (1 bytes)
<nmethod compile_id='1' compiler='c1' level='3' entry='0x00007431094001a0' size='760' address='0x0000743109400010' relocation_offset='352' insts_offset='400' stub_offset='624' scopes_data_offset='688' scopes_pcs_offset='704' dependencies_offset='752' metadata_offset='672' method='java.lang.Object &lt;init&gt; ()V' bytes='1' count='273' iicount='273' stamp='0.017'/>
<writer thread='40243'/>
<task_queued compile_id='2' method='java.lang.String isLatin1 ()Z' bytes='19' count='256' iicount='256' level='3' stamp='0.018' comment='tiered' hot_count='256'/>
<task_queued compile_id='3' method='java.lang.String charAt (I)C' bytes='25' count='256' iicount='256' level='3' stamp='0.018' comment='tiered' hot_count='256'/>
<task_queued compile_id='4' method='java.lang.StringLatin1 charAt ([BI)C' bytes='28' count='256' iicount='256' level='3' stamp='0.018' comment='tiered' hot_count='256'/>
<writer thread='40261'/>
     17    2       3       java.lang.String::isLatin1 (19 bytes)
<nmethod compile_id='2' compiler='c1' level='3' entry='0x0000743109400520' size='848' address='0x0000743109400390' relocation_offset='352' insts_offset='400' stub_offset='720' scopes_data_offset='776' scopes_pcs_offset='792' dependencies_offset='840' metadata_offset='768' method='java.lang.String isLatin1 ()Z' bytes='19' count='658' iicount='658' stamp='0.018'/>
<writer thread='40243'/>
<task_queued compile_id='5' method='java.lang.String coder ()B' bytes='15' count='384' iicount='384' level='3' stamp='0.018' comment='tiered' hot_count='384'/>
<writer thread='40261'/>
     18    5       3       java.lang.String::coder (15 bytes)
<nmethod compile_id='5' compiler='c1' level='3' entry='0x00007431094008a0' size='784' address='0x0000743109400710' relocation_offset='352' insts_offset='400' stub_offset='656' scopes_data_offset='712' scopes_pcs_offset='728' dependencies_offset='776' metadata_offset='704' method='java.lang.String coder ()B' bytes='15' count='459' iicount='461' stamp='0.018'/>
     18    3       3       java.lang.String::charAt (25 bytes)
<writer thread='40243'/>
<task_queued compile_id='6' method='java.lang.String length ()I' bytes='11' count='384' iicount='384' level='3' stamp='0.019' comment='tiered' hot_count='384'/>
<writer thread='40261'/>
<nmethod compile_id='3' compiler='c1' level='3' entry='0x0000743109400c80' size='1736' address='0x0000743109400a90' relocation_offset='352' insts_offset='496' stub_offset='1360' scopes_data_offset='1464' scopes_pcs_offset='1552' dependencies_offset='1712' nul_chk_table_offset='1720' metadata_offset='1440' method='java.lang.String charAt (I)C' bytes='25' count='1382' iicount='1384' stamp='0.019'/>
     18    4       3       java.lang.StringLatin1::charAt (28 bytes)
<nmethod compile_id='4' compiler='c1' level='3' entry='0x0000743109401340' size='1104' address='0x0000743109401190' relocation_offset='352' insts_offset='432' stub_offset='848' scopes_data_offset='920' scopes_pcs_offset='968' dependencies_offset='1080' nul_chk_table_offset='1088' metadata_offset='912' method='java.lang.StringLatin1 charAt ([BI)C' bytes='28' count='1775' iicount='1775' stamp='0.019'/>
     18    6       3       java.lang.String::length (11 bytes)
<nmethod compile_id='6' compiler='c1' level='3' entry='0x00007431094017c0' size='992' address='0x0000743109401610' relocation_offset='352' insts_offset='432' stub_offset='784' scopes_data_offset='848' scopes_pcs_offset='888' dependencies_offset='968' nul_chk_table_offset='976' metadata_offset='832' method='java.lang.String length ()I' bytes='11' count='575' iicount='575' stamp='0.019'/>
<writer thread='40243'/>
<task_queued compile_id='7' method='java.io.File getPath ()Ljava/lang/String;' bytes='5' count='128' iicount='128' level='1' stamp='0.019' comment='tiered' hot_count='128'/>
<writer thread='40261'/>
     19    7       1       java.io.File::getPath (5 bytes)
<nmethod compile_id='7' compiler='c1' level='1' entry='0x0000743110ec91a0' size='656' address='0x0000743110ec9010' relocation_offset='352' insts_offset='400' stub_offset='560' scopes_data_offset='608' scopes_pcs_offset='616' dependencies_offset='648' method='java.io.File getPath ()Ljava/lang/String;' bytes='5' count='148' iicount='148' stamp='0.020'/>
<writer thread='40243'/>
<task_queued compile_id='8' method='java.lang.String hashCode ()I' bytes='60' count='256' iicount='256' level='3' stamp='0.020' comment='tiered' hot_count='256'/>
<task_queued compile_id='9' method='java.lang.Math floorMod (II)I' bytes='20' count='256' iicount='256' level='3' stamp='0.020' comment='tiered' hot_count='256'/>
<writer thread='40261'/>
     20    8       3       java.lang.String::hashCode (60 bytes)
<writer thread='40243'/>
<task_queued compile_id='10' method='java.lang.String equals (Ljava/lang/Object;)Z' bytes='56' count='256' iicount='256' level='3' stamp='0.020' comment='tiered' hot_count='256'/>
<task_queued compile_id='11' method='java.util.ImmutableCollections$SetN probe (Ljava/lang/Object;)I' bytes='56' count='384' backedge_count='124' iicount='384' level='3' stamp='0.020' comment='tiered' hot_count='384'/>
<writer thread='40261'/>
<nmethod compile_id='8' compiler='c1' level='3' entry='0x0000743109401be0' size='1448' address='0x0000743109401a10' relocation_offset='352' insts_offset='464' stub_offset='1200' scopes_data_offset='1296' scopes_pcs_offset='1344' dependencies_offset='1440' metadata_offset='1280' method='java.lang.String hashCode ()I' bytes='60' count='940' iicount='941' stamp='0.021'/>
     20   11       3       java.util.ImmutableCollections$SetN::probe (56 bytes)
<writer thread='40243'/>
<task_queued compile_id='12' method='java.lang.StringLatin1 equals ([B[B)Z' bytes='36' count='384' backedge_count='400' iicount='384' level='3' stamp='0.021' comment='tiered' hot_count='384'/>
<writer thread='40261'/>
<nmethod compile_id='11' compiler='c1' level='3' entry='0x0000743109402200' size='2272' address='0x0000743109402010' relocation_offset='352' insts_offset='496' stub_offset='1744' scopes_data_offset='1840' scopes_pcs_offset='1992' dependencies_offset='2216' nul_chk_table_offset='2224' metadata_offset='1824' method='java.util.ImmutableCollections$SetN probe (Ljava/lang/Object;)I' bytes='56' count='894' backedge_count='382' iicount='894' stamp='0.021'/>
     21   12       3       java.lang.StringLatin1::equals (36 bytes)
<writer thread='40243'/>
<task_queued compile_id='13' method='java.lang.Object &lt;init&gt; ()V' bytes='1' count='1285' iicount='1285' stamp='0.021' comment='tiered' hot_count='1285'/>
<writer thread='40260'/>
     21   13       4       java.lang.Object::&lt;init&gt; (1 bytes)
<writer thread='40261'/>
<nmethod compile_id='12' compiler='c1' level='3' entry='0x0000743109402ac0' size='1312' address='0x0000743109402910' relocation_offset='352' insts_offset='432' stub_offset='1040' scopes_data_offset='1096' scopes_pcs_offset='1152' dependencies_offset='1280' nul_chk_table_offset='1288' metadata_offset='1088' method='java.lang.StringLatin1 equals ([B[B)Z' bytes='36' count='512' backedge_count='411' iicount='512' stamp='0.021'/>
     21    9       3       java.lang.Math::floorMod (20 bytes)
<writer thread='40260'/>
<nmethod compile_id='13' compiler='c2' level='4' entry='0x0000743110ec9480' size='544' address='0x0000743110ec9310' relocation_offset='352' insts_offset='368' stub_offset='464' scopes_data_offset='496' scopes_pcs_offset='504' dependencies_offset='536' metadata_offset='488' method='java.lang.Object &lt;init&gt; ()V' bytes='1' count='1511' iicount='1511' stamp='0.021'/>
<make_not_entrant thread='40260' compile_id='1' compiler='c1' level='3' stamp='0.021'/>
     21    1       3       java.lang.Object::&lt;init&gt; (1 bytes)   made not entrant
<writer thread='40261'/>
<nmethod compile_id='9' compiler='c1' level='3' entry='0x0000743109403020' size='896' address='0x0000743109402e90' relocation_offset='352' insts_offset='400' stub_offset='720' scopes_data_offset='776' scopes_pcs_offset='808' dependencies_offset='872' nul_chk_table_offset='880' metadata_offset='768' method='java.lang.Math floorMod (II)I' bytes='20' count='1069' iicount='1069' stamp='0.022'/>
     21   10       3       java.lang.String::equals (56 bytes)
<writer thread='40243'/>
<task_queued compile_id='14' method='java.util.Objects requireNonNull (Ljava/lang/Object;)Ljava/lang/Object;' bytes='14' count='256' iicount='256' level='3' stamp='0.022' comment='tiered' hot_count='256'/>
<writer thread='40261'/>
<nmethod compile_id='10' compiler='c1' level='3' entry='0x0000743109403460' size='1752' address='0x0000743109403290' relocation_offset='352' insts_offset='464' stub_offset='1520' scopes_data_offset='1592' scopes_pcs_offset='1632' dependencies_offset='1728' nul_chk_table_offset='1736' metadata_offset='1584' method='java.lang.String equals (Ljava/lang/Object;)Z' bytes='56' count='656' iicount='656' stamp='0.022'/>
<writer thread='40243'/>
<task_queued compile_id='15' method='java.util.Set of ()Ljava/util/Set;' bytes='4' count='384' iicount='384' level='3' stamp='0.022' comment='tiered' hot_count='384'/>
<writer thread='40261'/>
     21   15       3       java.util.Set::of (4 bytes)
<writer thread='40243'/>
<task_queued compile_id='16' method='java.util.AbstractCollection &lt;init&gt; ()V' bytes='5' count='256' iicount='256' level='3' stamp='0.022' comment='tiered' hot_count='256'/>
<writer thread='40261'/>
<nmethod compile_id='15' compiler='c1' level='3' entry='0x0000743109403b20' size='712' address='0x0000743109403990' relocation_offset='352' insts_offset='400' stub_offset='592' scopes_data_offset='648' scopes_pcs_offset='656' dependencies_offset='704' metadata_offset='640' method='java.util.Set of ()Ljava/util/Set;' bytes='4' count='392' iicount='392' stamp='0.022'/>
     21   14       3       java.util.Objects::requireNonNull (14 bytes)
<writer thread='40243'/>
<task_queued compile_id='17' method='java.util.ImmutableCollections$AbstractImmutableCollection &lt;init&gt; ()V' bytes='5' count='256' iicount='256' level='3' stamp='0.022' comment='tiered' hot_count='256'/>
<writer thread='40261'/>
<nmethod compile_id='14' compiler='c1' level='3' entry='0x0000743109403e40' size='1056' address='0x0000743109403c90' relocation_offset='352' insts_offset='432' stub_offset='848' scopes_data_offset='920' scopes_pcs_offset='952' dependencies_offset='1048' metadata_offset='912' method='java.util.Objects requireNonNull (Ljava/lang/Object;)Ljava/lang/Object;' bytes='14' count='318' iicount='318' stamp='0.022'/>
     21   16       3       java.util.AbstractCollection::&lt;init&gt; (5 bytes)
<nmethod compile_id='16' compiler='c1' level='3' entry='0x00007431094042c0' size='896' address='0x0000743109404110' relocation_offset='352' insts_offset='432' stub_offset='720' scopes_data_offset='792' scopes_pcs_offset='824' dependencies_offset='888' metadata_offset='768' method='java.util.AbstractCollection &lt;init&gt; ()V' bytes='5' count='308' iicount='308' stamp='0.022'/>
     22   17       3       java.util.ImmutableCollections$AbstractImmutableCollection::&lt;init&gt; (5 bytes)
<writer thread='40243'/>
<task_queued compile_id='18' method='java.util.ImmutableCollections$AbstractImmutableSet &lt;init&gt; ()V' bytes='5' count='256' iicount='256' level='3' stamp='0.022' comment='tiered' hot_count='256'/>
<writer thread='40261'/>
<nmethod compile_id='17' compiler='c1' level='3' entry='0x00007431094046c0' size='1024' address='0x0000743109404510' relocation_offset='352' insts_offset='432' stub_offset='816' scopes_data_offset='896' scopes_pcs_offset='936' dependencies_offset='1016' metadata_offset='864' method='java.util.ImmutableCollections$AbstractImmutableCollection &lt;init&gt; ()V' bytes='5' count='311' iicount='311' stamp='0.022'/>
<writer thread='40243'/>
<task_queued compile_id='19' method='java.lang.module.ModuleDescriptor modsHashCode (Ljava/lang/Iterable;)I' bytes='43' count='384' backedge_count='48' iicount='384' level='3' stamp='0.022' comment='tiered' hot_count='384'/>
<writer thread='40261'/>
     22   19       3       java.lang.module.ModuleDescriptor::modsHashCode (43 bytes)
<writer thread='40243'/>
<task_queued compile_id='20' method='java.util.Set of ([Ljava/lang/Object;)Ljava/util/Set;' bytes='68' count='256' iicount='256' level='3' stamp='0.022' comment='tiered' hot_count='256'/>
<writer thread='40261'/>
<nmethod compile_id='19' compiler='c1' level='3' entry='0x0000743109404b80' size='2272' address='0x0000743109404990' relocation_offset='352' insts_offset='496' stub_offset='1744' scopes_data_offset='1864' scopes_pcs_offset='2000' dependencies_offset='2224' nul_chk_table_offset='2232' metadata_offset='1856' method='java.lang.module.ModuleDescriptor modsHashCode (Ljava/lang/Iterable;)I' bytes='43' count='413' backedge_count='59' iicount='413' stamp='0.022'/>
     22   18       3       java.util.ImmutableCollections$AbstractImmutableSet::&lt;init&gt; (5 bytes)
<nmethod compile_id='18' compiler='c1' level='3' entry='0x0000743109405440' size='1192' address='0x0000743109405290' relocation_offset='352' insts_offset='432' stub_offset='944' scopes_data_offset='1032' scopes_pcs_offset='1088' dependencies_offset='1184' metadata_offset='992' method='java.util.ImmutableCollections$AbstractImmutableSet &lt;init&gt; ()V' bytes='5' count='331' iicount='331' stamp='0.022'/>
     22   20       3       java.util.Set::of (68 bytes)
<nmethod compile_id='20' compiler='c1' level='3' entry='0x00007431094059c0' size='3272' address='0x0000743109405790' relocation_offset='352' insts_offset='560' stub_offset='2544' scopes_data_offset='2696' scopes_pcs_offset='2912' dependencies_offset='3248' nul_chk_table_offset='3256' metadata_offset='2640' method='java.util.Set of ([Ljava/lang/Object;)Ljava/util/Set;' bytes='68' count='298' iicount='298' stamp='0.023'/>
<writer thread='40243'/>
<nmethod compile_id='21' compile_kind='c2n' compiler='' level='0' entry='0x0000743110ec97a0' size='912' address='0x0000743110ec9610' relocation_offset='352' consts_offset='912' insts_offset='400' method='java.lang.System arraycopy (Ljava/lang/Object;ILjava/lang/Object;II)V' bytes='0' count='128' iicount='128' stamp='0.023'/>
     22   21     n 0       java.lang.System::arraycopy (native)   (static)
<task_queued compile_id='22' method='java.lang.module.ModuleDescriptor name ()Ljava/lang/String;' bytes='5' count='128' iicount='128' level='1' stamp='0.023' comment='tiered' hot_count='128'/>
<writer thread='40261'/>
     23   22       1       java.lang.module.ModuleDescriptor::name (5 bytes)
<nmethod compile_id='22' compiler='c1' level='1' entry='0x0000743110ec9ba0' size='656' address='0x0000743110ec9a10' relocation_offset='352' insts_offset='400' stub_offset='560' scopes_data_offset='608' scopes_pcs_offset='616' dependencies_offset='648' method='java.lang.module.ModuleDescriptor name ()Ljava/lang/String;' bytes='5' count='161' iicount='161' stamp='0.023'/>
<writer thread='40243'/>
<task_queued compile_id='23' method='java.lang.String isEmpty ()Z' bytes='14' count='256' iicount='256' level='3' stamp='0.023' comment='tiered' hot_count='256'/>
<writer thread='40261'/>
     23   23       3       java.lang.String::isEmpty (14 bytes)
<nmethod compile_id='23' compiler='c1' level='3' entry='0x0000743109406620' size='888' address='0x0000743109406490' relocation_offset='352' insts_offset='400' stub_offset='720' scopes_data_offset='776' scopes_pcs_offset='800' dependencies_offset='864' nul_chk_table_offset='872' metadata_offset='768' method='java.lang.String isEmpty ()Z' bytes='14' count='287' iicount='287' stamp='0.023'/>
<writer thread='40243'/>
<task_queued compile_id='24' method='java.lang.StringLatin1 indexOfChar ([BIII)I' bytes='33' count='128' backedge_count='11070' iicount='128' level='3' stamp='0.023' comment='tiered' hot_count='128'/>
<writer thread='40261'/>
     23   24       3       java.lang.StringLatin1::indexOfChar (33 bytes)
<writer thread='40243'/>
<task_queued compile_id='25' method='java.util.Objects equals (Ljava/lang/Object;Ljava/lang/Object;)Z' bytes='23' count='384' iicount='384' level='3' stamp='0.023' comment='tiered' hot_count='384'/>
<task_queued compile_id='26' method='java.lang.module.ModuleReference descriptor ()Ljava/lang/module/ModuleDescriptor;' bytes='5' count='128' iicount='128' level='1' stamp='0.023' comment='tiered' hot_count='128'/>
<writer thread='40261'/>
<nmethod compile_id='24' compiler='c1' level='3' entry='0x0000743109406a40' size='1192' address='0x0000743109406890' relocation_offset='352' insts_offset='432' stub_offset='912' scopes_data_offset='968' scopes_pcs_offset='1032' dependencies_offset='1160' nul_chk_table_offset='1168' metadata_offset='960' method='java.lang.StringLatin1 indexOfChar ([BIII)I' bytes='33' count='184' backedge_count='11931' iicount='184' stamp='0.024'/>
     23   25       3       java.util.Objects::equals (23 bytes)
<writer thread='40243'/>
<task_queued compile_id='27' method='java.util.ImmutableCollections$SetN$SetNIterator hasNext ()Z' bytes='13' count='384' iicount='384' level='3' stamp='0.024' comment='tiered' hot_count='384'/>
<writer thread='40261'/>
<nmethod compile_id='25' compiler='c1' level='3' entry='0x0000743109406f40' size='1176' address='0x0000743109406d90' relocation_offset='352' insts_offset='432' stub_offset='976' scopes_data_offset='1048' scopes_pcs_offset='1072' dependencies_offset='1152' nul_chk_table_offset='1160' metadata_offset='1040' method='java.util.Objects equals (Ljava/lang/Object;Ljava/lang/Object;)Z' bytes='23' count='418' iicount='418' stamp='0.024'/>
<writer thread='40243'/>
<nmethod compile_id='28' compile_kind='c2n' compiler='' level='0' entry='0x0000743110ec9ec0' size='1056' address='0x0000743110ec9d10' relocation_offset='352' consts_offset='1056' insts_offset='432' method='jdk.internal.misc.Unsafe getReferenceVolatile (Ljava/lang/Object;J)Ljava/lang/Object;' bytes='0' count='128' iicount='128' stamp='0.024'/>
<writer thread='40261'/>
     23   27       3       java.util.ImmutableCollections$SetN$SetNIterator::hasNext (13 bytes)
<writer thread='40243'/>
     23   28     n 0       jdk.internal.misc.Unsafe::getReferenceVolatile (native)   
<writer thread='40261'/>
<nmethod compile_id='27' compiler='c1' level='3' entry='0x0000743109407420' size='816' address='0x0000743109407290' relocation_offset='352' insts_offset='400' stub_offset='688' scopes_data_offset='744' scopes_pcs_offset='760' dependencies_offset='808' metadata_offset='736' method='java.util.ImmutableCollections$SetN$SetNIterator hasNext ()Z' bytes='13' count='444' iicount='444' stamp='0.024'/>
<writer thread='40243'/>
<nmethod compile_id='29' compile_kind='c2n' compiler='' level='0' entry='0x0000743110eca320' size='904' address='0x0000743110eca190' relocation_offset='352' consts_offset='904' insts_offset='400' method='jdk.internal.misc.Unsafe compareAndSetLong (Ljava/lang/Object;JJJ)Z' bytes='0' count='128' iicount='128' stamp='0.024'/>
     23   29     n 0       jdk.internal.misc.Unsafe::compareAndSetLong (native)   
<writer thread='40261'/>
     23   26       1       java.lang.module.ModuleReference::descriptor (5 bytes)
<writer thread='40243'/>
<nmethod compile_id='30' compile_kind='c2n' compiler='' level='0' entry='0x0000743110eca720' size='944' address='0x0000743110eca590' relocation_offset='352' consts_offset='944' insts_offset='400' method='jdk.internal.misc.Unsafe compareAndSetReference (Ljava/lang/Object;JLjava/lang/Object;Ljava/lang/Object;)Z' bytes='0' count='128' iicount='128' stamp='0.024'/>
     23   30     n 0       jdk.internal.misc.Unsafe::compareAndSetReference (native)   
<writer thread='40261'/>
<nmethod compile_id='26' compiler='c1' level='1' entry='0x0000743110ecab20' size='656' address='0x0000743110eca990' relocation_offset='352' insts_offset='400' stub_offset='560' scopes_data_offset='608' scopes_pcs_offset='616' dependencies_offset='648' method='java.lang.module.ModuleReference descriptor ()Ljava/lang/module/ModuleDescriptor;' bytes='5' count='215' iicount='215' stamp='0.024'/>
<writer thread='40243'/>
<task_queued compile_id='31' method='java.util.concurrent.ConcurrentHashMap tabAt ([Ljava/util/concurrent/ConcurrentHashMap$Node;I)Ljava/util/concurrent/ConcurrentHashMap$Node;' bytes='22' count='256' iicount='256' level='3' stamp='0.024' comment='tiered' hot_count='256'/>
<task_queued compile_id='32' method='jdk.internal.misc.Unsafe getReferenceAcquire (Ljava/lang/Object;J)Ljava/lang/Object;' bytes='7' count='256' iicount='256' level='3' stamp='0.024' comment='tiered' hot_count='256'/>
<task_queued compile_id='33' method='java.util.concurrent.ConcurrentHashMap spread (I)I' bytes='10' count='256' iicount='256' level='3' stamp='0.024' comment='tiered' hot_count='256'/>
<writer thread='40261'/>
     24   31       3       java.util.concurrent.ConcurrentHashMap::tabAt (22 bytes)
<nmethod compile_id='31' compiler='c1' level='3' entry='0x00007431094077c0' size='1344' address='0x0000743109407610' relocation_offset='352' insts_offset='432' stub_offset='1136' scopes_data_offset='1208' scopes_pcs_offset='1256' dependencies_offset='1336' oops_offset='1184' metadata_offset='1192' method='java.util.concurrent.ConcurrentHashMap tabAt ([Ljava/util/concurrent/ConcurrentHashMap$Node;I)Ljava/util/concurrent/ConcurrentHashMap$Node;' bytes='22' count='283' iicount='283' stamp='0.024'/>
     24   32       3       jdk.internal.misc.Unsafe::getReferenceAcquire (7 bytes)
<nmethod compile_id='32' compiler='c1' level='3' entry='0x0000743109407d20' size='856' address='0x0000743109407b90' relocation_offset='352' insts_offset='400' stub_offset='720' scopes_data_offset='776' scopes_pcs_offset='800' dependencies_offset='848' metadata_offset='768' method='jdk.internal.misc.Unsafe getReferenceAcquire (Ljava/lang/Object;J)Ljava/lang/Object;' bytes='7' count='284' iicount='284' stamp='0.024'/>
     24   33       3       java.util.concurrent.ConcurrentHashMap::spread (10 bytes)
<nmethod compile_id='33' compiler='c1' level='3' entry='0x00007431094080a0' size='720' address='0x0000743109407f10' relocation_offset='352' insts_offset='400' stub_offset='592' scopes_data_offset='648' scopes_pcs_offset='664' dependencies_offset='712' metadata_offset='640' method='java.util.concurrent.ConcurrentHashMap spread (I)I' bytes='10' count='275' iicount='275' stamp='0.024'/>
<writer thread='40243'/>
<nmethod compile_id='34' compile_kind='c2n' compiler='' level='0' entry='0x0000743110ecae40' size='1032' address='0x0000743110ecac90' relocation_offset='352' consts_offset='1032' insts_offset='432' method='java.lang.Object getClass ()Ljava/lang/Class;' bytes='0' count='128' iicount='128' stamp='0.025'/>
     24   34     n 0       java.lang.Object::getClass (native)   
<nmethod compile_id='35' compile_kind='c2n' compiler='' level='0' entry='0x0000743110ecb280' size='408' address='0x0000743110ecb110' relocation_offset='352' consts_offset='408' insts_offset='368' method='java.lang.invoke.MethodHandle linkToStatic (Ljava/lang/Object;Ljava/lang/Object;Ljava/lang/Object;Ljava/lang/Object;Ljava/lang/Object;Ljava/lang/Object;Ljava/lang/invoke/MemberName;)Ljava/lang/Object;' bytes='0' count='0' iicount='0' stamp='0.025'/>
     25   35     n 0       java.lang.invoke.MethodHandle::linkToStatic(LLLLLLL)L (native)   (static)
<nmethod compile_id='36' compile_kind='c2n' compiler='' level='0' entry='0x0000743110ecb5a0' size='896' address='0x0000743110ecb410' relocation_offset='352' consts_offset='896' insts_offset='400' method='java.lang.Object hashCode ()I' bytes='0' count='128' iicount='128' stamp='0.025'/>
     25   36     n 0       java.lang.Object::hashCode (native)   
<task_queued compile_id='37' method='java.lang.Enum ordinal ()I' bytes='5' count='128' iicount='128' level='1' stamp='0.026' comment='tiered' hot_count='128'/>
<writer thread='40261'/>
     25   37       1       java.lang.Enum::ordinal (5 bytes)
<nmethod compile_id='37' compiler='c1' level='1' entry='0x0000743110ecb9a0' size='656' address='0x0000743110ecb810' relocation_offset='352' insts_offset='400' stub_offset='560' scopes_data_offset='608' scopes_pcs_offset='616' dependencies_offset='648' method='java.lang.Enum ordinal ()I' bytes='5' count='178' iicount='178' stamp='0.026'/>
<writer thread='40243'/>
<nmethod compile_id='38' compile_kind='c2n' compiler='' level='0' entry='0x0000743110ecbca0' size='872' address='0x0000743110ecbb10' relocation_offset='352' consts_offset='872' insts_offset='400' method='java.lang.Class isPrimitive ()Z' bytes='0' count='128' iicount='128' stamp='0.026'/>
     25   38     n 0       java.lang.Class::isPrimitive (native)   
<nmethod compile_id='39' compile_kind='c2n' compiler='' level='0' entry='0x0000743110ecc000' size='400' address='0x0000743110ecbe90' relocation_offset='352' consts_offset='400' insts_offset='368' method='java.lang.invoke.MethodHandle linkToStatic (Ljava/lang/Object;Ljava/lang/invoke/MemberName;)I' bytes='0' count='0' iicount='0' stamp='0.026'/>
     26   39     n 0       java.lang.invoke.MethodHandle::linkToStatic(LL)I (native)   (static)
<nmethod compile_id='40' compile_kind='c2n' compiler='' level='0' entry='0x0000743110ecc300' size='416' address='0x0000743110ecc190' relocation_offset='352' consts_offset='416' insts_offset='368' method='java.lang.invoke.MethodHandle invokeBasic (Ljava/lang/Object;Ljava/lang/Object;Ljava/lang/Object;Ljava/lang/Object;Ljava/lang/Object;Ljava/lang/Object;)Ljava/lang/Object;' bytes='0' count='0' iicount='0' stamp='0.026'/>
     26   40     n 0       java.lang.invoke.MethodHandle::invokeBasic(LLLLLL)L (native)   
<nmethod compile_id='41' compile_kind='c2n' compiler='' level='0' entry='0x0000743110ecc600' size='408' address='0x0000743110ecc490' relocation_offset='352' consts_offset='408' insts_offset='368' method='java.lang.invoke.MethodHandle linkToSpecial (Ljava/lang/Object;Ljava/lang/Object;Ljava/lang/Object;Ljava/lang/Object;Ljava/lang/Object;Ljava/lang/Object;Ljava/lang/Object;Ljava/lang/invoke/MemberName;)Ljava/lang/Object;' bytes='0' count='0' iicount='0' stamp='0.026'/>
     26   41     n 0       java.lang.invoke.MethodHandle::linkToSpecial(LLLLLLLL)L (native)   (static)
<task_queued compile_id='42' method='java.util.concurrent.ConcurrentHashMap addCount (JI)V' bytes='280' count='256' iicount='256' level='3' stamp='0.027' comment='tiered' hot_count='256'/>
<writer thread='40261'/>
     27   42       3       java.util.concurrent.ConcurrentHashMap::addCount (280 bytes)
<writer thread='40243'/>
<task_queued compile_id='43' method='java.util.concurrent.ConcurrentHashMap putVal (Ljava/lang/Object;Ljava/lang/Object;Z)Ljava/lang/Object;' bytes='432' count='256' backedge_count='8' iicount='256' level='3' stamp='0.027' comment='tiered' hot_count='256'/>
<task_queued compile_id='44' method='java.util.concurrent.ConcurrentHashMap$Node &lt;init&gt; (ILjava/lang/Object;Ljava/lang/Object;)V' bytes='20' count='256' iicount='256' level='3' stamp='0.027' comment='tiered' hot_count='256'/>
<task_queued compile_id='45' method='java.lang.Class getClassLoader0 ()Ljava/lang/ClassLoader;' bytes='5' count='128' iicount='128' level='1' stamp='0.027' comment='tiered' hot_count='128'/>
<nmethod compile_id='46' compile_kind='c2n' compiler='' level='0' entry='0x0000743110ecc900' size='400' address='0x0000743110ecc790' relocation_offset='352' consts_offset='400' insts_offset='368' method='java.lang.invoke.MethodHandle linkToStatic (Ljava/lang/Object;Ljava/lang/Object;Ljava/lang/invoke/MemberName;)Ljava/lang/Object;' bytes='0' count='0' iicount='0' stamp='0.027'/>
     27   46     n 0       java.lang.invoke.MethodHandle::linkToStatic(LLL)L (native)   (static)
<nmethod compile_id='47' compile_kind='c2n' compiler='' level='0' entry='0x0000743110eccc00' size='400' address='0x0000743110ecca90' relocation_offset='352' consts_offset='400' insts_offset='368' method='java.lang.invoke.MethodHandle linkToStatic (Ljava/lang/Object;Ljava/lang/Object;Ljava/lang/Object;Ljava/lang/invoke/MemberName;)Ljava/lang/Object;' bytes='0' count='0' iicount='0' stamp='0.028'/>
     27   47     n 0       java.lang.invoke.MethodHandle::linkToStatic(LLLL)L (native)   (static)
<writer thread='40261'/>
<nmethod compile_id='42' compiler='c1' level='3' entry='0x0000743109408460' size='3552' address='0x0000743109408210' relocation_offset='352' insts_offset='592' stub_offset='2736' scopes_data_offset='2912' scopes_pcs_offset='3240' dependencies_offset='3512' nul_chk_table_offset='3520' metadata_offset='2896' method='java.util.concurrent.ConcurrentHashMap addCount (JI)V' bytes='280' count='277' iicount='277' stamp='0.028'/>
     27   43   !   3       java.util.concurrent.ConcurrentHashMap::putVal (432 bytes)
<nmethod compile_id='43' compiler='c1' level='3' entry='0x0000743109409380' size='10208' address='0x0000743109409010' relocation_offset='352' insts_offset='880' stub_offset='7536' scopes_data_offset='7824' scopes_pcs_offset='9184' dependencies_offset='9840' handler_table_offset='9848' nul_chk_table_offset='10160' metadata_offset='7792' method='java.util.concurrent.ConcurrentHashMap putVal (Ljava/lang/Object;Ljava/lang/Object;Z)Ljava/lang/Object;' bytes='432' count='277' backedge_count='8' iicount='277' stamp='0.029'/>
     28   45       1       java.lang.Class::getClassLoader0 (5 bytes)
<nmethod compile_id='45' compiler='c1' level='1' entry='0x0000743110eccf20' size='656' address='0x0000743110eccd90' relocation_offset='352' insts_offset='400' stub_offset='560' scopes_data_offset='608' scopes_pcs_offset='616' dependencies_offset='648' method='java.lang.Class getClassLoader0 ()Ljava/lang/ClassLoader;' bytes='5' count='175' iicount='175' stamp='0.029'/>
     28   44       3       java.util.concurrent.ConcurrentHashMap$Node::&lt;init&gt; (20 bytes)
<nmethod compile_id='44' compiler='c1' level='3' entry='0x000074310940b9c0' size='1128' address='0x000074310940b810' relocation_offset='352' insts_offset='432' stub_offset='944' scopes_data_offset='1016' scopes_pcs_offset='1056' dependencies_offset='1120' metadata_offset='992' method='java.util.concurrent.ConcurrentHashMap$Node &lt;init&gt; (ILjava/lang/Object;Ljava/lang/Object;)V' bytes='20' count='281' iicount='281' stamp='0.029'/>
<writer thread='40243'/>
<task_queued compile_id='48' method='java.lang.invoke.MethodType returnType ()Ljava/lang/Class;' bytes='5' count='128' iicount='128' level='1' stamp='0.029' comment='tiered' hot_count='128'/>
<writer thread='40261'/>
     29   48       1       java.lang.invoke.MethodType::returnType (5 bytes)
<writer thread='40243'/>
<nmethod compile_id='49' compile_kind='c2n' compiler='' level='0' entry='0x0000743110ecd200' size='416' address='0x0000743110ecd090' relocation_offset='352' consts_offset='416' insts_offset='368' method='java.lang.invoke.MethodHandle invokeBasic ()Ljava/lang/Object;' bytes='0' count='0' iicount='0' stamp='0.029'/>
     29   49     n 0       java.lang.invoke.MethodHandle::invokeBasic()L (native)   
<writer thread='40261'/>
<nmethod compile_id='48' compiler='c1' level='1' entry='0x0000743110ecd520' size='656' address='0x0000743110ecd390' relocation_offset='352' insts_offset='400' stub_offset='560' scopes_data_offset='608' scopes_pcs_offset='616' dependencies_offset='648' method='java.lang.invoke.MethodType returnType ()Ljava/lang/Class;' bytes='5' count='128' iicount='128' stamp='0.029'/>
<writer thread='40243'/>
<nmethod compile_id='50' compile_kind='c2n' compiler='' level='0' entry='0x0000743110ecd800' size='400' address='0x0000743110ecd690' relocation_offset='352' consts_offset='400' insts_offset='368' method='java.lang.invoke.MethodHandle linkToSpecial (Ljava/lang/Object;Ljava/lang/invoke/MemberName;)Ljava/lang/Object;' bytes='0' count='0' iicount='0' stamp='0.029'/>
     29   50     n 0       java.lang.invoke.MethodHandle::linkToSpecial(LL)L (native)   (static)
<nmethod compile_id='51' compile_kind='c2n' compiler='' level='0' entry='0x0000743110ecdb20' size='872' address='0x0000743110ecd990' relocation_offset='352' consts_offset='872' insts_offset='400' method='java.lang.Class isArray ()Z' bytes='0' count='128' iicount='128' stamp='0.030'/>
     29   51     n 0       java.lang.Class::isArray (native)   
<nmethod compile_id='52' compile_kind='c2n' compiler='' level='0' entry='0x0000743110ecde80' size='400' address='0x0000743110ecdd10' relocation_offset='352' consts_offset='400' insts_offset='368' method='java.lang.invoke.MethodHandle linkToStatic (Ljava/lang/Object;Ljava/lang/Object;Ljava/lang/invoke/MemberName;)I' bytes='0' count='0' iicount='0' stamp='0.030'/>
     29   52     n 0       java.lang.invoke.MethodHandle::linkToStatic(LLL)I (native)   (static)
<task_queued compile_id='53' method='java.lang.invoke.MethodTypeForm canonicalize (Ljava/lang/Class;I)Ljava/lang/Class;' bytes='74' count='256' iicount='256' level='3' stamp='0.030' comment='tiered' hot_count='256'/>
<writer thread='40261'/>
     30   53       3       java.lang.invoke.MethodTypeForm::canonicalize (74 bytes)
<writer thread='40243'/>
<nmethod compile_id='54' compile_kind='c2n' compiler='' level='0' entry='0x0000743110ece1c0' size='1032' address='0x0000743110ece010' relocation_offset='352' consts_offset='1032' insts_offset='432' method='java.lang.Object clone ()Ljava/lang/Object;' bytes='0' count='128' iicount='128' stamp='0.030'/>
     30   54     n 0       java.lang.Object::clone (native)   
<task_queued compile_id='55' method='java.lang.invoke.MemberName testFlags (II)Z' bytes='16' count='256' iicount='256' level='3' stamp='0.030' comment='tiered' hot_count='256'/>
<nmethod compile_id='56' compile_kind='c2n' compiler='' level='0' entry='0x0000743110ece600' size='400' address='0x0000743110ece490' relocation_offset='352' consts_offset='400' insts_offset='368' method='java.lang.invoke.MethodHandle linkToSpecial (Ljava/lang/Object;Ljava/lang/Object;Ljava/lang/invoke/MemberName;)V' bytes='0' count='0' iicount='0' stamp='0.030'/>
     30   56     n 0       java.lang.invoke.MethodHandle::linkToSpecial(LLL)V (native)   (static)
<writer thread='40261'/>
<nmethod compile_id='53' compiler='c1' level='3' entry='0x000074310940bee0' size='2848' address='0x000074310940bc90' relocation_offset='352' insts_offset='592' stub_offset='2192' scopes_data_offset='2344' scopes_pcs_offset='2536' dependencies_offset='2792' nul_chk_table_offset='2800' oops_offset='2304' metadata_offset='2312' method='java.lang.invoke.MethodTypeForm canonicalize (Ljava/lang/Class;I)Ljava/lang/Class;' bytes='74' count='271' iicount='271' stamp='0.030'/>
     30   55       3       java.lang.invoke.MemberName::testFlags (16 bytes)
<writer thread='40243'/>
<nmethod compile_id='57' compile_kind='c2n' compiler='' level='0' entry='0x0000743110ece900' size='416' address='0x0000743110ece790' relocation_offset='352' consts_offset='416' insts_offset='368' method='java.lang.invoke.MethodHandle invokeBasic (Ljava/lang/Object;)Ljava/lang/Object;' bytes='0' count='0' iicount='0' stamp='0.030'/>
     30   57     n 0       java.lang.invoke.MethodHandle::invokeBasic(L)L (native)   
<writer thread='40261'/>
<nmethod compile_id='55' compiler='c1' level='3' entry='0x000074310940c9a0' size='848' address='0x000074310940c810' relocation_offset='352' insts_offset='400' stub_offset='720' scopes_data_offset='776' scopes_pcs_offset='792' dependencies_offset='840' metadata_offset='768' method='java.lang.invoke.MemberName testFlags (II)Z' bytes='16' count='274' iicount='274' stamp='0.030'/>
<writer thread='40243'/>
<nmethod compile_id='58' compile_kind='c2n' compiler='' level='0' entry='0x0000743110ecec00' size='400' address='0x0000743110ecea90' relocation_offset='352' consts_offset='400' insts_offset='368' method='java.lang.invoke.MethodHandle linkToSpecial (Ljava/lang/Object;Ljava/lang/Object;Ljava/lang/invoke/MemberName;)Ljava/lang/Object;' bytes='0' count='0' iicount='0' stamp='0.030'/>
     30   58     n 0       java.lang.invoke.MethodHandle::linkToSpecial(LLL)L (native)   (static)
<nmethod compile_id='59' compile_kind='c2n' compiler='' level='0' entry='0x0000743110ecef00' size='416' address='0x0000743110eced90' relocation_offset='352' consts_offset='416' insts_offset='368' method='java.lang.invoke.MethodHandle linkToVirtual (Ljava/lang/Object;Ljava/lang/invoke/MemberName;)Ljava/lang/Object;' bytes='0' count='0' iicount='0' stamp='0.031'/>
     30   59     n 0       java.lang.invoke.MethodHandle::linkToVirtual(LL)L (native)   (static)
<task_queued compile_id='60' method='java.lang.ref.ReferenceQueue poll ()Ljava/lang/ref/Reference;' bytes='28' count='256' iicount='256' level='3' stamp='0.031' comment='tiered' hot_count='256'/>
<writer thread='40261'/>
     30   60   !   3       java.lang.ref.ReferenceQueue::poll (28 bytes)
<writer thread='40243'/>
<task_queued compile_id='61' method='java.lang.StringLatin1 canEncode (I)Z' bytes='13' count='384' iicount='384' level='3' stamp='0.031' comment='tiered' hot_count='384'/>
<writer thread='40261'/>
<nmethod compile_id='60' compiler='c1' level='3' entry='0x000074310940cd40' size='1288' address='0x000074310940cb90' relocation_offset='352' insts_offset='432' stub_offset='1008' scopes_data_offset='1080' scopes_pcs_offset='1144' dependencies_offset='1240' handler_table_offset='1248' nul_chk_table_offset='1272' metadata_offset='1072' method='java.lang.ref.ReferenceQueue poll ()Ljava/lang/ref/Reference;' bytes='28' count='260' iicount='260' stamp='0.031'/>
     30   61       3       java.lang.StringLatin1::canEncode (13 bytes)
<nmethod compile_id='61' compiler='c1' level='3' entry='0x000074310940d2a0' size='784' address='0x000074310940d110' relocation_offset='352' insts_offset='400' stub_offset='656' scopes_data_offset='712' scopes_pcs_offset='728' dependencies_offset='776' metadata_offset='704' method='java.lang.StringLatin1 canEncode (I)Z' bytes='13' count='398' iicount='398' stamp='0.031'/>
<writer thread='40243'/>
<task_queued compile_id='62' method='java.lang.Math min (II)I' bytes='11' count='256' iicount='256' level='3' stamp='0.031' comment='tiered' hot_count='256'/>
<writer thread='40261'/>
     31   62       3       java.lang.Math::min (11 bytes)
<writer thread='40243'/>
<task_queued compile_id='63' method='java.lang.invoke.MethodType hashCode ()I' bytes='53' count='256' backedge_count='618' iicount='256' level='3' stamp='0.031' comment='tiered' hot_count='256'/>
<task_queued compile_id='64' method='java.lang.invoke.MemberName getDeclaringClass ()Ljava/lang/Class;' bytes='5' count='128' iicount='128' level='1' stamp='0.031' comment='tiered' hot_count='128'/>
<writer thread='40261'/>
<nmethod compile_id='62' compiler='c1' level='3' entry='0x000074310940d620' size='784' address='0x000074310940d490' relocation_offset='352' insts_offset='400' stub_offset='656' scopes_data_offset='712' scopes_pcs_offset='728' dependencies_offset='776' metadata_offset='704' method='java.lang.Math min (II)I' bytes='11' count='259' iicount='259' stamp='0.031'/>
     31   63       3       java.lang.invoke.MethodType::hashCode (53 bytes)
<writer thread='40243'/>
<nmethod compile_id='65' compile_kind='c2n' compiler='' level='0' entry='0x0000743110ecf200' size='400' address='0x0000743110ecf090' relocation_offset='352' consts_offset='400' insts_offset='368' method='java.lang.invoke.MethodHandle linkToSpecial (Ljava/lang/Object;Ljava/lang/invoke/MemberName;)V' bytes='0' count='0' iicount='0' stamp='0.031'/>
     31   65     n 0       java.lang.invoke.MethodHandle::linkToSpecial(LL)V (native)   (static)
<task_queued compile_id='66' method='java.lang.String indexOf (II)I' bytes='29' count='256' iicount='256' level='3' stamp='0.031' comment='tiered' hot_count='256'/>
<writer thread='40261'/>
<nmethod compile_id='63' compiler='c1' level='3' entry='0x000074310940d9e0' size='1680' address='0x000074310940d810' relocation_offset='352' insts_offset='464' stub_offset='1264' scopes_data_offset='1352' scopes_pcs_offset='1480' dependencies_offset='1640' nul_chk_table_offset='1648' metadata_offset='1344' method='java.lang.invoke.MethodType hashCode ()I' bytes='53' count='286' backedge_count='648' iicount='286' stamp='0.031'/>
<writer thread='40243'/>
<nmethod compile_id='67' compile_kind='c2n' compiler='' level='0' entry='0x0000743110ecf500' size='480' address='0x0000743110ecf390' relocation_offset='352' consts_offset='480' insts_offset='368' method='java.lang.invoke.MethodHandle linkToInterface (Ljava/lang/Object;Ljava/lang/Object;Ljava/lang/invoke/MemberName;)I' bytes='0' count='0' iicount='0' stamp='0.031'/>
     31   67     n 0       java.lang.invoke.MethodHandle::linkToInterface(LLL)I (native)   (static)
<writer thread='40261'/>
     31   64       1       java.lang.invoke.MemberName::getDeclaringClass (5 bytes)
<nmethod compile_id='64' compiler='c1' level='1' entry='0x0000743110ecf820' size='656' address='0x0000743110ecf690' relocation_offset='352' insts_offset='400' stub_offset='560' scopes_data_offset='608' scopes_pcs_offset='616' dependencies_offset='648' method='java.lang.invoke.MemberName getDeclaringClass ()Ljava/lang/Class;' bytes='5' count='149' iicount='149' stamp='0.032'/>
     31   66       3       java.lang.String::indexOf (29 bytes)
<writer thread='40243'/>
<task_queued compile_id='68' method='java.lang.String indexOf (I)I' bytes='7' count='256' iicount='256' level='3' stamp='0.032' comment='tiered' hot_count='256'/>
<writer thread='40261'/>
<nmethod compile_id='66' compiler='c1' level='3' entry='0x000074310940e0e0' size='1296' address='0x000074310940df10' relocation_offset='352' insts_offset='464' stub_offset='1040' scopes_data_offset='1136' scopes_pcs_offset='1192' dependencies_offset='1288' metadata_offset='1120' method='java.lang.String indexOf (II)I' bytes='29' count='271' iicount='271' stamp='0.032'/>
     31   68       3       java.lang.String::indexOf (7 bytes)
<writer thread='40243'/>
<nmethod compile_id='69' compile_kind='c2n' compiler='' level='0' entry='0x0000743110ecfb00' size='400' address='0x0000743110ecf990' relocation_offset='352' consts_offset='400' insts_offset='368' method='java.lang.invoke.MethodHandle linkToStatic (Ljava/lang/Object;Ljava/lang/invoke/MemberName;)Ljava/lang/Object;' bytes='0' count='0' iicount='0' stamp='0.032'/>
     31   69     n 0       java.lang.invoke.MethodHandle::linkToStatic(LL)L (native)   (static)
<writer thread='40261'/>
<nmethod compile_id='68' compiler='c1' level='3' entry='0x000074310940e660' size='1440' address='0x000074310940e490' relocation_offset='352' insts_offset='464' stub_offset='1136' scopes_data_offset='1240' scopes_pcs_offset='1320' dependencies_offset='1432' metadata_offset='1216' method='java.lang.String indexOf (I)I' bytes='7' count='271' iicount='271' stamp='0.032'/>
<writer thread='40243'/>
<nmethod compile_id='70' compile_kind='c2n' compiler='' level='0' entry='0x0000743110ecfe00' size='400' address='0x0000743110ecfc90' relocation_offset='352' consts_offset='400' insts_offset='368' method='java.lang.invoke.MethodHandle linkToSpecial (Ljava/lang/Object;Ljava/lang/invoke/MemberName;)I' bytes='0' count='0' iicount='0' stamp='0.032'/>
     32   70     n 0       java.lang.invoke.MethodHandle::linkToSpecial(LL)I (native)   (static)
<task_queued compile_id='71' method='java.lang.invoke.MethodType form ()Ljava/lang/invoke/MethodTypeForm;' bytes='5' count='128' iicount='128' level='1' stamp='0.032' comment='tiered' hot_count='128'/>
<writer thread='40261'/>
     32   71       1       java.lang.invoke.MethodType::form (5 bytes)
<nmethod compile_id='71' compiler='c1' level='1' entry='0x0000743110ed0120' size='656' address='0x0000743110ecff90' relocation_offset='352' insts_offset='400' stub_offset='560' scopes_data_offset='608' scopes_pcs_offset='616' dependencies_offset='648' method='java.lang.invoke.MethodType form ()Ljava/lang/invoke/MethodTypeForm;' bytes='5' count='129' iicount='129' stamp='0.033'/>
<writer thread='40243'/>
<task_queued compile_id='72' method='java.lang.invoke.MethodType makeImpl (Ljava/lang/Class;[Ljava/lang/Class;Z)Ljava/lang/invoke/MethodType;' bytes='109' count='256' iicount='256' level='3' stamp='0.033' comment='tiered' hot_count='256'/>
<task_queued compile_id='73' method='java.lang.invoke.MethodType &lt;init&gt; (Ljava/lang/Class;[Ljava/lang/Class;)V' bytes='15' count='256' iicount='256' level='3' stamp='0.033' comment='tiered' hot_count='256'/>
<writer thread='40261'/>
     32   72       3       java.lang.invoke.MethodType::makeImpl (109 bytes)
<writer thread='40243'/>
<task_queued compile_id='74' method='java.util.ImmutableCollections$SetN iterator ()Ljava/util/Iterator;' bytes='9' count='384' iicount='384' level='3' stamp='0.033' comment='tiered' hot_count='384'/>
<task_queued compile_id='75' method='java.util.ImmutableCollections$SetN$SetNIterator &lt;init&gt; (Ljava/util/ImmutableCollections$SetN;)V' bytes='36' count='384' iicount='384' level='3' stamp='0.033' comment='tiered' hot_count='384'/>
<task_queued compile_id='76' method='java.util.ImmutableCollections$SetN$SetNIterator next ()Ljava/lang/Object;' bytes='90' count='384' backedge_count='371' iicount='384' level='3' stamp='0.033' comment='tiered' hot_count='384'/>
<task_queued compile_id='77' method='java.util.stream.FindOps$FindSink cancellationRequested ()Z' bytes='5' count='128' iicount='128' level='1' stamp='0.033' comment='tiered' hot_count='128'/>
<task_queued compile_id='78' method='java.util.Spliterators$IteratorSpliterator characteristics ()I' bytes='5' count='128' iicount='128' level='1' stamp='0.033' comment='tiered' hot_count='128'/>
<writer thread='40261'/>
<nmethod compile_id='72' compiler='c1' level='3' entry='0x000074310940ed40' size='5328' address='0x000074310940ea90' relocation_offset='352' insts_offset='688' stub_offset='4112' scopes_data_offset='4344' scopes_pcs_offset='4776' dependencies_offset='5272' nul_chk_table_offset='5280' metadata_offset='4288' method='java.lang.invoke.MethodType makeImpl (Ljava/lang/Class;[Ljava/lang/Class;Z)Ljava/lang/invoke/MethodType;' bytes='109' count='259' iicount='259' stamp='0.033'/>
     33   76       3       java.util.ImmutableCollections$SetN$SetNIterator::next (90 bytes)
<nmethod compile_id='76' compiler='c1' level='3' entry='0x0000743109410160' size='1528' address='0x000074310940ff90' relocation_offset='352' insts_offset='464' stub_offset='1168' scopes_data_offset='1240' scopes_pcs_offset='1320' dependencies_offset='1496' nul_chk_table_offset='1504' metadata_offset='1232' method='java.util.ImmutableCollections$SetN$SetNIterator next ()Ljava/lang/Object;' bytes='90' count='491' backedge_count='467' iicount='491' stamp='0.034'/>
     33   74       3       java.util.ImmutableCollections$SetN::iterator (9 bytes)
<writer thread='40243'/>
<task_queued compile_id='79' method='java.util.HashMap hash (Ljava/lang/Object;)I' bytes='20' count='512' iicount='512' level='3' stamp='0.034' comment='tiered' hot_count='512'/>
<writer thread='40261'/>
<nmethod compile_id='74' compiler='c1' level='3' entry='0x00007431094107c0' size='976' address='0x0000743109410610' relocation_offset='352' insts_offset='432' stub_offset='784' scopes_data_offset='856' scopes_pcs_offset='888' dependencies_offset='968' metadata_offset='848' method='java.util.ImmutableCollections$SetN iterator ()Ljava/util/Iterator;' bytes='9' count='425' iicount='425' stamp='0.034'/>
     33   75       3       java.util.ImmutableCollections$SetN$SetNIterator::&lt;init&gt; (36 bytes)
<writer thread='40243'/>
<task_queued compile_id='80' method='java.util.HashMap newNode (ILjava/lang/Object;Ljava/lang/Object;Ljava/util/HashMap$Node;)Ljava/util/HashMap$Node;' bytes='13' count='384' iicount='384' level='3' stamp='0.034' comment='tiered' hot_count='384'/>
<task_queued compile_id='81' method='jdk.internal.module.ModuleReferenceImpl moduleResolution ()Ljdk/internal/module/ModuleResolution;' bytes='5' count='128' iicount='128' level='1' stamp='0.034' comment='tiered' hot_count='128'/>
<writer thread='40261'/>
<nmethod compile_id='75' compiler='c1' level='3' entry='0x0000743109410bc0' size='1120' address='0x0000743109410a10' relocation_offset='352' insts_offset='432' stub_offset='880' scopes_data_offset='944' scopes_pcs_offset='992' dependencies_offset='1088' nul_chk_table_offset='1096' metadata_offset='928' method='java.util.ImmutableCollections$SetN$SetNIterator &lt;init&gt; (Ljava/util/ImmutableCollections$SetN;)V' bytes='36' count='428' iicount='428' stamp='0.034'/>
     34   79       3       java.util.HashMap::hash (20 bytes)
<nmethod compile_id='79' compiler='c1' level='3' entry='0x0000743109411040' size='1080' address='0x0000743109410e90' relocation_offset='352' insts_offset='432' stub_offset='880' scopes_data_offset='952' scopes_pcs_offset='976' dependencies_offset='1056' nul_chk_table_offset='1064' metadata_offset='944' method='java.util.HashMap hash (Ljava/lang/Object;)I' bytes='20' count='900' iicount='900' stamp='0.034'/>
<writer thread='40243'/>
<task_queued compile_id='82' method='java.lang.module.ModuleDescriptor$Requires modifiers ()Ljava/util/Set;' bytes='5' count='128' iicount='128' level='1' stamp='0.034' comment='tiered' hot_count='128'/>
<task_queued compile_id='83' method='java.lang.module.ModuleDescriptor$Requires name ()Ljava/lang/String;' bytes='5' count='128' iicount='128' level='1' stamp='0.034' comment='tiered' hot_count='128'/>
<writer thread='40261'/>
     34   80       3       java.util.HashMap::newNode (13 bytes)
<writer thread='40243'/>
<task_queued compile_id='84' method='java.util.HashMap putVal (ILjava/lang/Object;Ljava/lang/Object;ZZ)Ljava/lang/Object;' bytes='300' count='512' backedge_count='50' iicount='512' level='3' stamp='0.034' comment='tiered' hot_count='512'/>
<task_queued compile_id='85' method='java.util.HashMap afterNodeInsertion (Z)V' bytes='1' count='512' iicount='512' level='3' stamp='0.034' comment='tiered' hot_count='512'/>
<writer thread='40261'/>
<nmethod compile_id='80' compiler='c1' level='3' entry='0x00007431094114c0' size='1512' address='0x0000743109411310' relocation_offset='352' insts_offset='432' stub_offset='1232' scopes_data_offset='1304' scopes_pcs_offset='1408' dependencies_offset='1504' metadata_offset='1280' method='java.util.HashMap newNode (ILjava/lang/Object;Ljava/lang/Object;Ljava/util/HashMap$Node;)Ljava/util/HashMap$Node;' bytes='13' count='516' iicount='516' stamp='0.034'/>
<writer thread='40243'/>
<task_queued compile_id='86' method='java.util.HashMap getNode (Ljava/lang/Object;)Ljava/util/HashMap$Node;' bytes='150' count='512' backedge_count='24' iicount='512' level='3' stamp='0.034' comment='tiered' hot_count='512'/>
<writer thread='40261'/>
     34   84       3       java.util.HashMap::putVal (300 bytes)
<writer thread='40243'/>
<task_queued compile_id='87' method='java.lang.module.ModuleDescriptor requires ()Ljava/util/Set;' bytes='5' count='128' iicount='128' level='1' stamp='0.035' comment='tiered' hot_count='128'/>
<task_queued compile_id='88' method='java.util.HashMap put (Ljava/lang/Object;Ljava/lang/Object;)Ljava/lang/Object;' bytes='13' count='640' iicount='640' level='3' stamp='0.035' comment='tiered' hot_count='640'/>
<task_queued compile_id='89' method='java.util.HashMap get (Ljava/lang/Object;)Ljava/lang/Object;' bytes='19' count='640' iicount='640' level='3' stamp='0.035' comment='tiered' hot_count='640'/>
<writer thread='40261'/>
<nmethod compile_id='84' compiler='c1' level='3' entry='0x0000743109411bc0' size='6384' address='0x0000743109411910' relocation_offset='352' insts_offset='688' stub_offset='5040' scopes_data_offset='5256' scopes_pcs_offset='5792' dependencies_offset='6272' nul_chk_table_offset='6280' metadata_offset='5248' method='java.util.HashMap putVal (ILjava/lang/Object;Ljava/lang/Object;ZZ)Ljava/lang/Object;' bytes='300' count='854' backedge_count='59' iicount='854' stamp='0.035'/>
     35   86       3       java.util.HashMap::getNode (150 bytes)
<writer thread='40243'/>
<task_queued compile_id='90' method='java.lang.module.ModuleDescriptor isAutomatic ()Z' bytes='5' count='128' iicount='128' level='1' stamp='0.035' comment='tiered' hot_count='128'/>
<task_queued compile_id='91' method='java.util.HashMap$HashIterator hasNext ()Z' bytes='13' count='640' iicount='640' level='3' stamp='0.035' comment='tiered' hot_count='640'/>
<task_queued compile_id='92' method='java.util.HashMap$HashIterator nextNode ()Ljava/util/HashMap$Node;' bytes='100' count='768' backedge_count='1362' iicount='768' level='3' stamp='0.036' comment='tiered' hot_count='768'/>
<writer thread='40261'/>
<nmethod compile_id='86' compiler='c1' level='3' entry='0x0000743109413460' size='4216' address='0x0000743109413210' relocation_offset='352' insts_offset='592' stub_offset='3440' scopes_data_offset='3568' scopes_pcs_offset='3840' dependencies_offset='4144' nul_chk_table_offset='4152' metadata_offset='3552' method='java.util.HashMap getNode (Ljava/lang/Object;)Ljava/util/HashMap$Node;' bytes='150' count='1368' backedge_count='52' iicount='1369' stamp='0.036'/>
     35   92       3       java.util.HashMap$HashIterator::nextNode (100 bytes)
<nmethod compile_id='92' compiler='c1' level='3' entry='0x0000743109414500' size='2208' address='0x0000743109414310' relocation_offset='352' insts_offset='496' stub_offset='1744' scopes_data_offset='1832' scopes_pcs_offset='1928' dependencies_offset='2168' nul_chk_table_offset='2176' metadata_offset='1824' method='java.util.HashMap$HashIterator nextNode ()Ljava/util/HashMap$Node;' bytes='100' count='1015' backedge_count='1902' iicount='1015' stamp='0.036'/>
     35   91       3       java.util.HashMap$HashIterator::hasNext (13 bytes)
<nmethod compile_id='91' compiler='c1' level='3' entry='0x0000743109414da0' size='848' address='0x0000743109414c10' relocation_offset='352' insts_offset='400' stub_offset='720' scopes_data_offset='776' scopes_pcs_offset='792' dependencies_offset='840' metadata_offset='768' method='java.util.HashMap$HashIterator hasNext ()Z' bytes='13' count='1469' iicount='1469' stamp='0.036'/>
     36   85       3       java.util.HashMap::afterNodeInsertion (1 bytes)
<nmethod compile_id='85' compiler='c1' level='3' entry='0x0000743109415120' size='752' address='0x0000743109414f90' relocation_offset='352' insts_offset='400' stub_offset='624' scopes_data_offset='680' scopes_pcs_offset='696' dependencies_offset='744' metadata_offset='672' method='java.util.HashMap afterNodeInsertion (Z)V' bytes='1' count='1100' iicount='1100' stamp='0.036'/>
     36   89       3       java.util.HashMap::get (19 bytes)
<writer thread='40243'/>
<task_queued compile_id='93' method='java.util.ImmutableCollections$Set12 isEmpty ()Z' bytes='2' count='128' iicount='128' level='1' stamp='0.036' comment='tiered' hot_count='128'/>
<writer thread='40261'/>
<nmethod compile_id='89' compiler='c1' level='3' entry='0x0000743109415440' size='1032' address='0x0000743109415290' relocation_offset='352' insts_offset='432' stub_offset='816' scopes_data_offset='888' scopes_pcs_offset='928' dependencies_offset='1008' nul_chk_table_offset='1016' metadata_offset='880' method='java.util.HashMap get (Ljava/lang/Object;)Ljava/lang/Object;' bytes='19' count='1104' iicount='1104' stamp='0.036'/>
     36   88       3       java.util.HashMap::put (13 bytes)
<writer thread='40243'/>
<task_queued compile_id='94' method='java.lang.module.ModuleDescriptor$Exports source ()Ljava/lang/String;' bytes='5' count='128' iicount='128' level='1' stamp='0.036' comment='tiered' hot_count='128'/>
<writer thread='40261'/>
<nmethod compile_id='88' compiler='c1' level='3' entry='0x00007431094158e0' size='1480' address='0x0000743109415710' relocation_offset='352' insts_offset='464' stub_offset='1136' scopes_data_offset='1232' scopes_pcs_offset='1344' dependencies_offset='1456' nul_chk_table_offset='1464' metadata_offset='1216' method='java.util.HashMap put (Ljava/lang/Object;Ljava/lang/Object;)Ljava/lang/Object;' bytes='13' count='1092' iicount='1092' stamp='0.037'/>
<writer thread='40243'/>
<task_queued compile_id='95' method='java.lang.module.ModuleDescriptor$Exports targets ()Ljava/util/Set;' bytes='5' count='128' iicount='128' level='1' stamp='0.037' comment='tiered' hot_count='128'/>
<writer thread='40261'/>
     36   83       1       java.lang.module.ModuleDescriptor$Requires::name (5 bytes)
<nmethod compile_id='83' compiler='c1' level='1' entry='0x0000743110ed0420' size='656' address='0x0000743110ed0290' relocation_offset='352' insts_offset='400' stub_offset='560' scopes_data_offset='608' scopes_pcs_offset='616' dependencies_offset='648' method='java.lang.module.ModuleDescriptor$Requires name ()Ljava/lang/String;' bytes='5' count='396' iicount='396' stamp='0.037'/>
     36   82       1       java.lang.module.ModuleDescriptor$Requires::modifiers (5 bytes)
<nmethod compile_id='82' compiler='c1' level='1' entry='0x0000743110ed0720' size='656' address='0x0000743110ed0590' relocation_offset='352' insts_offset='400' stub_offset='560' scopes_data_offset='608' scopes_pcs_offset='616' dependencies_offset='648' method='java.lang.module.ModuleDescriptor$Requires modifiers ()Ljava/util/Set;' bytes='5' count='264' iicount='264' stamp='0.037'/>
     36   87       1       java.lang.module.ModuleDescriptor::requires (5 bytes)
<writer thread='40243'/>
<task_queued compile_id='96' method='java.lang.module.ModuleDescriptor$Exports isQualified ()Z' bytes='18' count='640' iicount='640' level='3' stamp='0.037' comment='tiered' hot_count='640'/>
<writer thread='40261'/>
<nmethod compile_id='87' compiler='c1' level='1' entry='0x0000743110ed0a20' size='656' address='0x0000743110ed0890' relocation_offset='352' insts_offset='400' stub_offset='560' scopes_data_offset='608' scopes_pcs_offset='616' dependencies_offset='648' method='java.lang.module.ModuleDescriptor requires ()Ljava/util/Set;' bytes='5' count='186' iicount='186' stamp='0.037'/>
     36   96       3       java.lang.module.ModuleDescriptor$Exports::isQualified (18 bytes)
<writer thread='40243'/>
<task_queued compile_id='97' method='java.util.ImmutableCollections$SetN isEmpty ()Z' bytes='13' count='640' iicount='640' level='3' stamp='0.037' comment='tiered' hot_count='640'/>
<task_queued compile_id='98' method='java.util.HashMap afterNodeInsertion (Z)V' bytes='1' count='1536' iicount='1536' stamp='0.037' comment='tiered' hot_count='1536'/>
<writer thread='40260'/>
     36   98       4       java.util.HashMap::afterNodeInsertion (1 bytes)
<writer thread='40261'/>
<nmethod compile_id='96' compiler='c1' level='3' entry='0x0000743109415ec0' size='1112' address='0x0000743109415d10' relocation_offset='352' insts_offset='432' stub_offset='912' scopes_data_offset='984' scopes_pcs_offset='1008' dependencies_offset='1088' nul_chk_table_offset='1096' metadata_offset='976' method='java.lang.module.ModuleDescriptor$Exports isQualified ()Z' bytes='18' count='936' iicount='937' stamp='0.037'/>
     36   97       3       java.util.ImmutableCollections$SetN::isEmpty (13 bytes)
<nmethod compile_id='97' compiler='c1' level='3' entry='0x0000743109416320' size='816' address='0x0000743109416190' relocation_offset='352' insts_offset='400' stub_offset='688' scopes_data_offset='744' scopes_pcs_offset='760' dependencies_offset='808' metadata_offset='736' method='java.util.ImmutableCollections$SetN isEmpty ()Z' bytes='13' count='773' iicount='774' stamp='0.037'/>
     37   93       1       java.util.ImmutableCollections$Set12::isEmpty (2 bytes)
<writer thread='40260'/>
<nmethod compile_id='98' compiler='c2' level='4' entry='0x0000743110ed0d00' size='536' address='0x0000743110ed0b90' relocation_offset='352' insts_offset='368' stub_offset='464' scopes_data_offset='488' scopes_pcs_offset='496' dependencies_offset='528' method='java.util.HashMap afterNodeInsertion (Z)V' bytes='1' count='1680' iicount='1680' stamp='0.037'/>
<make_not_entrant thread='40260' compile_id='85' compiler='c1' level='3' stamp='0.037'/>
     37   85       3       java.util.HashMap::afterNodeInsertion (1 bytes)   made not entrant
<writer thread='40243'/>
<task_queued compile_id='99' method='java.lang.Object equals (Ljava/lang/Object;)Z' bytes='11' count='512' iicount='512' level='3' stamp='0.037' comment='tiered' hot_count='512'/>
<writer thread='40261'/>
<nmethod compile_id='93' compiler='c1' level='1' entry='0x0000743110ed1020' size='656' address='0x0000743110ed0e90' relocation_offset='352' insts_offset='400' stub_offset='560' scopes_data_offset='608' scopes_pcs_offset='616' dependencies_offset='648' method='java.util.ImmutableCollections$Set12 isEmpty ()Z' bytes='2' count='468' iicount='468' stamp='0.037'/>
     37   99       3       java.lang.Object::equals (11 bytes)
<writer thread='40243'/>
<task_queued compile_id='100' method='java.util.HashMap putIfAbsent (Ljava/lang/Object;Ljava/lang/Object;)Ljava/lang/Object;' bytes='13' count='640' iicount='640' level='3' stamp='0.037' comment='tiered' hot_count='640'/>
<writer thread='40261'/>
<nmethod compile_id='99' compiler='c1' level='3' entry='0x00007431094166a0' size='816' address='0x0000743109416510' relocation_offset='352' insts_offset='400' stub_offset='688' scopes_data_offset='744' scopes_pcs_offset='760' dependencies_offset='808' metadata_offset='736' method='java.lang.Object equals (Ljava/lang/Object;)Z' bytes='11' count='568' iicount='568' stamp='0.037'/>
<writer thread='40243'/>
<task_queued compile_id='101' method='java.util.ImmutableCollections$Set12 contains (Ljava/lang/Object;)Z' bytes='28' count='640' iicount='640' level='3' stamp='0.037' comment='tiered' hot_count='640'/>
<writer thread='40261'/>
     37   94       1       java.lang.module.ModuleDescriptor$Exports::source (5 bytes)
<nmethod compile_id='94' compiler='c1' level='1' entry='0x0000743110ed1320' size='656' address='0x0000743110ed1190' relocation_offset='352' insts_offset='400' stub_offset='560' scopes_data_offset='608' scopes_pcs_offset='616' dependencies_offset='648' method='java.lang.module.ModuleDescriptor$Exports source ()Ljava/lang/String;' bytes='5' count='834' iicount='834' stamp='0.038'/>
     37   95       1       java.lang.module.ModuleDescriptor$Exports::targets (5 bytes)
<nmethod compile_id='95' compiler='c1' level='1' entry='0x0000743110ed1620' size='656' address='0x0000743110ed1490' relocation_offset='352' insts_offset='400' stub_offset='560' scopes_data_offset='608' scopes_pcs_offset='616' dependencies_offset='648' method='java.lang.module.ModuleDescriptor$Exports targets ()Ljava/util/Set;' bytes='5' count='843' iicount='844' stamp='0.038'/>
     37  100       3       java.util.HashMap::putIfAbsent (13 bytes)
<writer thread='40243'/>
<task_queued compile_id='102' method='java.lang.String hashCode ()I' bytes='60' count='5632' iicount='5632' stamp='0.038' comment='tiered' hot_count='5632'/>
<task_queued compile_id='103' method='java.util.ImmutableCollections$SetN contains (Ljava/lang/Object;)Z' bytes='26' count='512' iicount='512' level='3' stamp='0.038' comment='tiered' hot_count='512'/>
<writer thread='40260'/>
     37  102       4       java.lang.String::hashCode (60 bytes)
<writer thread='40261'/>
<nmethod compile_id='100' compiler='c1' level='3' entry='0x0000743109416a60' size='1480' address='0x0000743109416890' relocation_offset='352' insts_offset='464' stub_offset='1136' scopes_data_offset='1232' scopes_pcs_offset='1344' dependencies_offset='1456' nul_chk_table_offset='1464' metadata_offset='1216' method='java.util.HashMap putIfAbsent (Ljava/lang/Object;Ljava/lang/Object;)Ljava/lang/Object;' bytes='13' count='1142' iicount='1142' stamp='0.038'/>
     37  101       3       java.util.ImmutableCollections$Set12::contains (28 bytes)
<writer thread='40243'/>
<task_queued compile_id='104' method='java.util.HashMap$KeyIterator next ()Ljava/lang/Object;' bytes='8' count='640' iicount='640' level='3' stamp='0.038' comment='tiered' hot_count='640'/>
<task_queued compile_id='105' method='java.util.ImmutableCollections$Set12$1 hasNext ()Z' bytes='13' count='640' iicount='640' level='3' stamp='0.038' comment='tiered' hot_count='640'/>
<writer thread='40261'/>
<nmethod compile_id='101' compiler='c1' level='3' entry='0x0000743109417060' size='1480' address='0x0000743109416e90' relocation_offset='352' insts_offset='464' stub_offset='1200' scopes_data_offset='1288' scopes_pcs_offset='1336' dependencies_offset='1448' nul_chk_table_offset='1456' metadata_offset='1280' method='java.util.ImmutableCollections$Set12 contains (Ljava/lang/Object;)Z' bytes='28' count='1182' iicount='1182' stamp='0.038'/>
     38  104       3       java.util.HashMap$KeyIterator::next (8 bytes)
<writer thread='40243'/>
<task_queued compile_id='106' method='java.util.HashMap resize ()[Ljava/util/HashMap$Node;' bytes='356' count='273' backedge_count='4756' iicount='273' level='3' stamp='0.038' comment='tiered' hot_count='273'/>
<writer thread='40261'/>
<nmethod compile_id='104' compiler='c1' level='3' entry='0x0000743109417640' size='896' address='0x0000743109417490' relocation_offset='352' insts_offset='432' stub_offset='688' scopes_data_offset='760' scopes_pcs_offset='792' dependencies_offset='872' nul_chk_table_offset='880' metadata_offset='752' method='java.util.HashMap$KeyIterator next ()Ljava/lang/Object;' bytes='8' count='652' iicount='652' stamp='0.038'/>
<writer thread='40243'/>
<task_queued compile_id='107' method='java.util.HashSet add (Ljava/lang/Object;)Z' bytes='20' count='640' iicount='640' level='3' stamp='0.038' comment='tiered' hot_count='640'/>
<task_queued compile_id='108' method='java.lang.module.ModuleDescriptor exports ()Ljava/util/Set;' bytes='5' count='128' iicount='128' level='1' stamp='0.038' comment='tiered' hot_count='128'/>
<writer thread='40261'/>
     38  106       3       java.util.HashMap::resize (356 bytes)
<writer thread='40243'/>
<task_queued compile_id='109' method='java.lang.module.ModuleDescriptor provides ()Ljava/util/Set;' bytes='5' count='128' iicount='128' level='1' stamp='0.038' comment='tiered' hot_count='128'/>
<task_queued compile_id='110' method='java.util.ImmutableCollections$SetN$SetNIterator hasNext ()Z' bytes='13' count='5508' iicount='5508' stamp='0.039' comment='tiered' hot_count='5508'/>
<writer thread='40261'/>
<nmethod compile_id='106' compiler='c1' level='3' entry='0x0000743109417b40' size='7064' address='0x0000743109417890' relocation_offset='352' consts_offset='656' insts_offset='688' stub_offset='5904' scopes_data_offset='5976' scopes_pcs_offset='6312' dependencies_offset='6904' nul_chk_table_offset='6912' metadata_offset='5968' method='java.util.HashMap resize ()[Ljava/util/HashMap$Node;' bytes='356' count='344' backedge_count='6908' iicount='344' stamp='0.039'/>
     38  103       3       java.util.ImmutableCollections$SetN::contains (26 bytes)
<writer thread='40243'/>
<task_queued compile_id='111' method='java.util.ImmutableCollections$SetN$SetNIterator next ()Ljava/lang/Object;' bytes='90' count='6598' backedge_count='6417' iicount='6598' stamp='0.039' comment='tiered' hot_count='6598'/>
<writer thread='40261'/>
<nmethod compile_id='103' compiler='c1' level='3' entry='0x0000743109419660' size='1472' address='0x0000743109419490' relocation_offset='352' insts_offset='464' stub_offset='1168' scopes_data_offset='1264' scopes_pcs_offset='1336' dependencies_offset='1464' metadata_offset='1248' method='java.util.ImmutableCollections$SetN contains (Ljava/lang/Object;)Z' bytes='26' count='1025' iicount='1025' stamp='0.039'/>
     39  105       3       java.util.ImmutableCollections$Set12$1::hasNext (13 bytes)
<writer thread='40260'/>
<nmethod compile_id='102' compiler='c2' level='4' entry='0x0000743110ed1920' size='816' address='0x0000743110ed1790' relocation_offset='352' insts_offset='400' stub_offset='592' scopes_data_offset='648' scopes_pcs_offset='704' dependencies_offset='784' handler_table_offset='792' metadata_offset='632' method='java.lang.String hashCode ()I' bytes='60' count='8507' iicount='8507' stamp='0.039'/>
<make_not_entrant thread='40260' compile_id='8' compiler='c1' level='3' stamp='0.039'/>
     39    8       3       java.lang.String::hashCode (60 bytes)   made not entrant
<writer thread='40243'/>
<task_queued compile_id='112' method='java.lang.module.ModuleDescriptor uses ()Ljava/util/Set;' bytes='5' count='128' iicount='128' level='1' stamp='0.039' comment='tiered' hot_count='128'/>
<writer thread='40260'/>
     39  111       4       java.util.ImmutableCollections$SetN$SetNIterator::next (90 bytes)
<writer thread='40261'/>
<nmethod compile_id='105' compiler='c1' level='3' entry='0x0000743109419c20' size='816' address='0x0000743109419a90' relocation_offset='352' insts_offset='400' stub_offset='688' scopes_data_offset='744' scopes_pcs_offset='760' dependencies_offset='808' metadata_offset='736' method='java.util.ImmutableCollections$Set12$1 hasNext ()Z' bytes='13' count='748' iicount='748' stamp='0.039'/>
     39  107       3       java.util.HashSet::add (20 bytes)
<nmethod compile_id='107' compiler='c1' level='3' entry='0x0000743109419fc0' size='1128' address='0x0000743109419e10' relocation_offset='352' insts_offset='432' stub_offset='912' scopes_data_offset='1000' scopes_pcs_offset='1024' dependencies_offset='1104' nul_chk_table_offset='1112' metadata_offset='976' method='java.util.HashSet add (Ljava/lang/Object;)Z' bytes='20' count='721' iicount='721' stamp='0.040'/>
     39   90       1       java.lang.module.ModuleDescriptor::isAutomatic (5 bytes)
<nmethod compile_id='90' compiler='c1' level='1' entry='0x0000743110ed1ca0' size='656' address='0x0000743110ed1b10' relocation_offset='352' insts_offset='400' stub_offset='560' scopes_data_offset='608' scopes_pcs_offset='616' dependencies_offset='648' method='java.lang.module.ModuleDescriptor isAutomatic ()Z' bytes='5' count='305' iicount='305' stamp='0.040'/>
     39  108       1       java.lang.module.ModuleDescriptor::exports (5 bytes)
<writer thread='40243'/>
<task_queued compile_id='113' method='java.lang.module.ModuleDescriptor$Exports isQualified ()Z' bytes='18' count='6656' iicount='6656' stamp='0.040' comment='tiered' hot_count='6656'/>
<writer thread='40261'/>
<nmethod compile_id='108' compiler='c1' level='1' entry='0x0000743110ed1fa0' size='656' address='0x0000743110ed1e10' relocation_offset='352' insts_offset='400' stub_offset='560' scopes_data_offset='608' scopes_pcs_offset='616' dependencies_offset='648' method='java.lang.module.ModuleDescriptor exports ()Ljava/util/Set;' bytes='5' count='194' iicount='194' stamp='0.040'/>
     39   77       1       java.util.stream.FindOps$FindSink::cancellationRequested (5 bytes)
<nmethod compile_id='77' compiler='c1' level='1' entry='0x0000743110ed22a0' size='656' address='0x0000743110ed2110' relocation_offset='352' insts_offset='400' stub_offset='560' scopes_data_offset='608' scopes_pcs_offset='616' dependencies_offset='648' method='java.util.stream.FindOps$FindSink cancellationRequested ()Z' bytes='5' count='147' iicount='147' stamp='0.040'/>
     39   81       1       jdk.internal.module.ModuleReferenceImpl::moduleResolution (5 bytes)
<writer thread='40243'/>
<task_queued compile_id='114' method='java.lang.StringLatin1 hashCode ([B)I' bytes='42' count='220' backedge_count='3649' iicount='220' level='3' stamp='0.040' comment='tiered' hot_count='220'/>
<writer thread='40261'/>
<nmethod compile_id='81' compiler='c1' level='1' entry='0x0000743110ed25a0' size='656' address='0x0000743110ed2410' relocation_offset='352' insts_offset='400' stub_offset='560' scopes_data_offset='608' scopes_pcs_offset='616' dependencies_offset='648' method='jdk.internal.module.ModuleReferenceImpl moduleResolution ()Ljdk/internal/module/ModuleResolution;' bytes='5' count='140' iicount='140' stamp='0.040'/>
     40  114       3       java.lang.StringLatin1::hashCode (42 bytes)
<writer thread='40243'/>
<task_queued compile_id='115' method='java.util.HashMap containsKey (Ljava/lang/Object;)Z' bytes='14' count='512' iicount='512' level='3' stamp='0.040' comment='tiered' hot_count='512'/>
<writer thread='40261'/>
<nmethod compile_id='114' compiler='c1' level='3' entry='0x000074310941a440' size='1056' address='0x000074310941a290' relocation_offset='352' insts_offset='432' stub_offset='816' scopes_data_offset='872' scopes_pcs_offset='936' dependencies_offset='1032' nul_chk_table_offset='1040' metadata_offset='864' method='java.lang.StringLatin1 hashCode ([B)I' bytes='42' count='255' backedge_count='4206' iicount='255' stamp='0.040'/>
     40  115       3       java.util.HashMap::containsKey (14 bytes)
<writer thread='40243'/>
<task_queued compile_id='116' method='java.util.HashMap$HashIterator &lt;init&gt; (Ljava/util/HashMap;)V' bytes='79' count='512' backedge_count='1985' iicount='512' level='3' stamp='0.040' comment='tiered' hot_count='512'/>
<writer thread='40261'/>
<nmethod compile_id='115' compiler='c1' level='3' entry='0x000074310941a8c0' size='920' address='0x000074310941a710' relocation_offset='352' insts_offset='432' stub_offset='752' scopes_data_offset='824' scopes_pcs_offset='848' dependencies_offset='912' metadata_offset='816' method='java.util.HashMap containsKey (Ljava/lang/Object;)Z' bytes='14' count='547' iicount='547' stamp='0.040'/>
     40  116       3       java.util.HashMap$HashIterator::&lt;init&gt; (79 bytes)
<writer thread='40243'/>
<task_queued compile_id='117' method='java.util.AbstractSet &lt;init&gt; ()V' bytes='5' count='384' iicount='384' level='3' stamp='0.041' comment='tiered' hot_count='384'/>
<writer thread='40261'/>
<nmethod compile_id='116' compiler='c1' level='3' entry='0x000074310941ace0' size='1816' address='0x000074310941ab10' relocation_offset='352' insts_offset='464' stub_offset='1488' scopes_data_offset='1560' scopes_pcs_offset='1640' dependencies_offset='1784' nul_chk_table_offset='1792' metadata_offset='1536' method='java.util.HashMap$HashIterator &lt;init&gt; (Ljava/util/HashMap;)V' bytes='79' count='517' backedge_count='2048' iicount='517' stamp='0.041'/>
     40  117       3       java.util.AbstractSet::&lt;init&gt; (5 bytes)
<writer thread='40260'/>
<nmethod compile_id='111' compiler='c2' level='4' entry='0x0000743110ed28a0' size='920' address='0x0000743110ed2710' relocation_offset='352' insts_offset='400' stub_offset='656' scopes_data_offset='688' scopes_pcs_offset='776' dependencies_offset='888' nul_chk_table_offset='896' metadata_offset='680' method='java.util.ImmutableCollections$SetN$SetNIterator next ()Ljava/lang/Object;' bytes='90' count='9741' backedge_count='9505' iicount='9741' stamp='0.041'/>
<make_not_entrant thread='40260' compile_id='76' compiler='c1' level='3' stamp='0.041'/>
     40   76       3       java.util.ImmutableCollections$SetN$SetNIterator::next (90 bytes)   made not entrant
     40  110       4       java.util.ImmutableCollections$SetN$SetNIterator::hasNext (13 bytes)
<writer thread='40243'/>
<task_queued compile_id='118' method='jdk.internal.module.ModuleReferenceImpl hashCode ()I' bytes='56' count='768' iicount='768' level='3' stamp='0.041' comment='tiered' hot_count='768'/>
<writer thread='40261'/>
<nmethod compile_id='117' compiler='c1' level='3' entry='0x000074310941b440' size='1024' address='0x000074310941b290' relocation_offset='352' insts_offset='432' stub_offset='816' scopes_data_offset='896' scopes_pcs_offset='936' dependencies_offset='1016' metadata_offset='864' method='java.util.AbstractSet &lt;init&gt; ()V' bytes='5' count='386' iicount='386' stamp='0.041'/>
<writer thread='40243'/>
<task_queued compile_id='119' method='java.lang.module.ResolvedModule hashCode ()I' bytes='16' count='640' iicount='640' level='3' stamp='0.041' comment='tiered' hot_count='640'/>
<task_queued compile_id='120' method='java.util.KeyValueHolder getKey ()Ljava/lang/Object;' bytes='5' count='128' iicount='128' level='1' stamp='0.041' comment='tiered' hot_count='128'/>
<task_queued compile_id='121' method='java.util.KeyValueHolder getValue ()Ljava/lang/Object;' bytes='5' count='128' iicount='128' level='1' stamp='0.041' comment='tiered' hot_count='128'/>
<writer thread='40261'/>
     40  118       3       jdk.internal.module.ModuleReferenceImpl::hashCode (56 bytes)
<writer thread='40260'/>
<nmethod compile_id='110' compiler='c2' level='4' entry='0x0000743110ed2c80' size='568' address='0x0000743110ed2b10' relocation_offset='352' insts_offset='368' stub_offset='496' scopes_data_offset='520' scopes_pcs_offset='528' dependencies_offset='560' method='java.util.ImmutableCollections$SetN$SetNIterator hasNext ()Z' bytes='13' count='10300' iicount='10300' stamp='0.041'/>
<make_not_entrant thread='40260' compile_id='27' compiler='c1' level='3' stamp='0.041'/>
     40   27       3       java.util.ImmutableCollections$SetN$SetNIterator::hasNext (13 bytes)   made not entrant
     41  113       4       java.lang.module.ModuleDescriptor$Exports::isQualified (18 bytes)
<writer thread='40261'/>
<nmethod compile_id='118' compiler='c1' level='3' entry='0x000074310941b900' size='1976' address='0x000074310941b710' relocation_offset='352' insts_offset='496' stub_offset='1520' scopes_data_offset='1648' scopes_pcs_offset='1760' dependencies_offset='1936' nul_chk_table_offset='1944' metadata_offset='1616' method='jdk.internal.module.ModuleReferenceImpl hashCode ()I' bytes='56' count='810' iicount='810' stamp='0.041'/>
     41  119       3       java.lang.module.ResolvedModule::hashCode (16 bytes)
<writer thread='40243'/>
<task_queued compile_id='122' method='java.util.concurrent.ConcurrentHashMap putIfAbsent (Ljava/lang/Object;Ljava/lang/Object;)Ljava/lang/Object;' bytes='8' count='512' iicount='512' level='3' stamp='0.041' comment='tiered' hot_count='512'/>
<task_queued compile_id='123' method='java.util.concurrent.ConcurrentHashMap casTabAt ([Ljava/util/concurrent/ConcurrentHashMap$Node;ILjava/util/concurrent/ConcurrentHashMap$Node;Ljava/util/concurrent/ConcurrentHashMap$Node;)Z' bytes='21' count='524' iicount='524' level='3' stamp='0.041' comment='tiered' hot_count='524'/>
<task_queued compile_id='124' method='java.lang.String equals (Ljava/lang/Object;)Z' bytes='56' count='6656' iicount='6656' stamp='0.041' comment='tiered' hot_count='6656'/>
<writer thread='40261'/>
<nmethod compile_id='119' compiler='c1' level='3' entry='0x000074310941c0c0' size='1200' address='0x000074310941bf10' relocation_offset='352' insts_offset='432' stub_offset='880' scopes_data_offset='1008' scopes_pcs_offset='1056' dependencies_offset='1168' nul_chk_table_offset='1176' metadata_offset='960' method='java.lang.module.ResolvedModule hashCode ()I' bytes='16' count='679' iicount='679' stamp='0.041'/>
     41  122       3       java.util.concurrent.ConcurrentHashMap::putIfAbsent (8 bytes)
<nmethod compile_id='122' compiler='c1' level='3' entry='0x000074310941c5c0' size='864' address='0x000074310941c410' relocation_offset='352' insts_offset='432' stub_offset='688' scopes_data_offset='760' scopes_pcs_offset='792' dependencies_offset='856' metadata_offset='752' method='java.util.concurrent.ConcurrentHashMap putIfAbsent (Ljava/lang/Object;Ljava/lang/Object;)Ljava/lang/Object;' bytes='8' count='877' iicount='878' stamp='0.042'/>
     41  123       3       java.util.concurrent.ConcurrentHashMap::casTabAt (21 bytes)
<writer thread='40260'/>
<nmethod compile_id='113' compiler='c2' level='4' entry='0x0000743110ed2fa0' size='752' address='0x0000743110ed2e10' relocation_offset='352' insts_offset='400' stub_offset='592' scopes_data_offset='640' scopes_pcs_offset='664' dependencies_offset='728' nul_chk_table_offset='736' metadata_offset='616' method='java.lang.module.ModuleDescriptor$Exports isQualified ()Z' bytes='18' count='8210' iicount='8210' stamp='0.042'/>
<make_not_entrant thread='40260' compile_id='96' compiler='c1' level='3' stamp='0.042'/>
     41   96       3       java.lang.module.ModuleDescriptor$Exports::isQualified (18 bytes)   made not entrant
<writer thread='40261'/>
<nmethod compile_id='123' compiler='c1' level='3' entry='0x000074310941c920' size='856' address='0x000074310941c790' relocation_offset='352' insts_offset='400' stub_offset='720' scopes_data_offset='776' scopes_pcs_offset='800' dependencies_offset='848' metadata_offset='768' method='java.util.concurrent.ConcurrentHashMap casTabAt ([Ljava/util/concurrent/ConcurrentHashMap$Node;ILjava/util/concurrent/ConcurrentHashMap$Node;Ljava/util/concurrent/ConcurrentHashMap$Node;)Z' bytes='21' count='804' iicount='804' stamp='0.042'/>
<writer thread='40260'/>
     41  124       4       java.lang.String::equals (56 bytes)
<writer thread='40243'/>
<task_queued compile_id='125' method='java.lang.module.ModuleDescriptor packages ()Ljava/util/Set;' bytes='5' count='128' iicount='128' level='1' stamp='0.042' comment='tiered' hot_count='128'/>
<writer thread='40261'/>
     41  120       1       java.util.KeyValueHolder::getKey (5 bytes)
<nmethod compile_id='120' compiler='c1' level='1' entry='0x0000743110ed32a0' size='656' address='0x0000743110ed3110' relocation_offset='352' insts_offset='400' stub_offset='560' scopes_data_offset='608' scopes_pcs_offset='616' dependencies_offset='648' method='java.util.KeyValueHolder getKey ()Ljava/lang/Object;' bytes='5' count='141' iicount='141' stamp='0.042'/>
     41  121       1       java.util.KeyValueHolder::getValue (5 bytes)
<nmethod compile_id='121' compiler='c1' level='1' entry='0x0000743110ed35a0' size='656' address='0x0000743110ed3410' relocation_offset='352' insts_offset='400' stub_offset='560' scopes_data_offset='608' scopes_pcs_offset='616' dependencies_offset='648' method='java.util.KeyValueHolder getValue ()Ljava/lang/Object;' bytes='5' count='141' iicount='141' stamp='0.042'/>
     42   78       1       java.util.Spliterators$IteratorSpliterator::characteristics (5 bytes)
<writer thread='40243'/>
<task_queued compile_id='126' method='java.util.Optional &lt;init&gt; (Ljava/lang/Object;)V' bytes='10' count='384' iicount='384' level='3' stamp='0.042' comment='tiered' hot_count='384'/>
<writer thread='40261'/>
<nmethod compile_id='78' compiler='c1' level='1' entry='0x0000743110ed38a0' size='656' address='0x0000743110ed3710' relocation_offset='352' insts_offset='400' stub_offset='560' scopes_data_offset='608' scopes_pcs_offset='616' dependencies_offset='648' method='java.util.Spliterators$IteratorSpliterator characteristics ()I' bytes='5' count='138' iicount='138' stamp='0.042'/>
     42  126       3       java.util.Optional::&lt;init&gt; (10 bytes)
<writer thread='40243'/>
<task_queued compile_id='127' method='java.util.Optional ofNullable (Ljava/lang/Object;)Ljava/util/Optional;' bytes='19' count='384' iicount='384' level='3' stamp='0.042' comment='tiered' hot_count='384'/>
<writer thread='40261'/>
<nmethod compile_id='126' compiler='c1' level='3' entry='0x000074310941ccc0' size='984' address='0x000074310941cb10' relocation_offset='352' insts_offset='432' stub_offset='816' scopes_data_offset='880' scopes_pcs_offset='912' dependencies_offset='976' metadata_offset='864' method='java.util.Optional &lt;init&gt; (Ljava/lang/Object;)V' bytes='10' count='432' iicount='432' stamp='0.042'/>
     42  125       1       java.lang.module.ModuleDescriptor::packages (5 bytes)
<writer thread='40243'/>
<task_queued compile_id='128' method='java.lang.module.ModuleDescriptor$Version toString ()Ljava/lang/String;' bytes='5' count='128' iicount='128' level='1' stamp='0.043' comment='tiered' hot_count='128'/>
<writer thread='40260'/>
<nmethod compile_id='124' compiler='c2' level='4' entry='0x0000743110ed3ba0' size='1048' address='0x0000743110ed3a10' relocation_offset='352' insts_offset='400' stub_offset='848' scopes_data_offset='888' scopes_pcs_offset='944' dependencies_offset='1024' nul_chk_table_offset='1032' metadata_offset='872' method='java.lang.String equals (Ljava/lang/Object;)Z' bytes='56' count='6727' iicount='6727' stamp='0.043'/>
<make_not_entrant thread='40260' compile_id='10' compiler='c1' level='3' stamp='0.043'/>
     42   10       3       java.lang.String::equals (56 bytes)   made not entrant
<writer thread='40243'/>
<task_queued compile_id='129' method='java.util.HashMap keySet ()Ljava/util/Set;' bytes='25' count='512' iicount='512' level='3' stamp='0.043' comment='tiered' hot_count='512'/>
<task_queued compile_id='130' method='java.util.HashMap$KeySet iterator ()Ljava/util/Iterator;' bytes='12' count='512' iicount='512' level='3' stamp='0.043' comment='tiered' hot_count='512'/>
<task_queued compile_id='131' method='java.util.HashMap$KeyIterator &lt;init&gt; (Ljava/util/HashMap;)V' bytes='11' count='512' iicount='512' level='3' stamp='0.043' comment='tiered' hot_count='512'/>
<task_queued compile_id='132' method='java.lang.module.ResolvedModule reference ()Ljava/lang/module/ModuleReference;' bytes='5' count='128' iicount='128' level='1' stamp='0.043' comment='tiered' hot_count='128'/>
<writer thread='40261'/>
<nmethod compile_id='125' compiler='c1' level='1' entry='0x0000743110ed4020' size='656' address='0x0000743110ed3e90' relocation_offset='352' insts_offset='400' stub_offset='560' scopes_data_offset='608' scopes_pcs_offset='616' dependencies_offset='648' method='java.lang.module.ModuleDescriptor packages ()Ljava/util/Set;' bytes='5' count='186' iicount='186' stamp='0.043'/>
     43  127       3       java.util.Optional::ofNullable (19 bytes)
<nmethod compile_id='127' compiler='c1' level='3' entry='0x000074310941d0c0' size='1304' address='0x000074310941cf10' relocation_offset='352' insts_offset='432' stub_offset='1072' scopes_data_offset='1144' scopes_pcs_offset='1200' dependencies_offset='1296' metadata_offset='1120' method='java.util.Optional ofNullable (Ljava/lang/Object;)Ljava/util/Optional;' bytes='19' count='430' iicount='430' stamp='0.044'/>
     43  129       3       java.util.HashMap::keySet (25 bytes)
<writer thread='40243'/>
<task_queued compile_id='133' method='java.util.AbstractMap &lt;init&gt; ()V' bytes='5' count='512' iicount='512' level='3' stamp='0.044' comment='tiered' hot_count='512'/>
<task_queued compile_id='134' method='java.util.HashMap putVal (ILjava/lang/Object;Ljava/lang/Object;ZZ)Ljava/lang/Object;' bytes='300' count='6656' backedge_count='675' iicount='6656' stamp='0.044' comment='tiered' hot_count='6656'/>
<writer thread='40260'/>
     43  134       4       java.util.HashMap::putVal (300 bytes)
<writer thread='40261'/>
<nmethod compile_id='129' compiler='c1' level='3' entry='0x000074310941d660' size='1736' address='0x000074310941d490' relocation_offset='352' insts_offset='464' stub_offset='1424' scopes_data_offset='1512' scopes_pcs_offset='1600' dependencies_offset='1728' metadata_offset='1472' method='java.util.HashMap keySet ()Ljava/util/Set;' bytes='25' count='546' iicount='546' stamp='0.044'/>
     43  130       3       java.util.HashMap$KeySet::iterator (12 bytes)
<writer thread='40243'/>
<task_queued compile_id='135' method='java.util.HashMap newNode (ILjava/lang/Object;Ljava/lang/Object;Ljava/util/HashMap$Node;)Ljava/util/HashMap$Node;' bytes='13' count='6641' iicount='6641' stamp='0.044' comment='tiered' hot_count='6641'/>
<nmethod compile_id='136' compile_kind='c2n' compiler='' level='0' entry='0x0000743110ed4320' size='912' address='0x0000743110ed4190' relocation_offset='352' consts_offset='912' insts_offset='400' method='java.lang.Module addExports0 (Ljava/lang/Module;Ljava/lang/String;Ljava/lang/Module;)V' bytes='0' count='128' iicount='128' stamp='0.044'/>
     44  136     n 0       java.lang.Module::addExports0 (native)   (static)
<writer thread='40261'/>
<nmethod compile_id='130' compiler='c1' level='3' entry='0x000074310941dd40' size='1256' address='0x000074310941db90' relocation_offset='352' insts_offset='432' stub_offset='1008' scopes_data_offset='1088' scopes_pcs_offset='1152' dependencies_offset='1248' metadata_offset='1072' method='java.util.HashMap$KeySet iterator ()Ljava/util/Iterator;' bytes='12' count='546' iicount='546' stamp='0.044'/>
     44  131       3       java.util.HashMap$KeyIterator::&lt;init&gt; (11 bytes)
<writer thread='40243'/>
<task_queued compile_id='137' method='java.util.ImmutableCollections$Set12$1 next ()Ljava/lang/Object;' bytes='95' count='640' iicount='640' level='3' stamp='0.044' comment='tiered' hot_count='640'/>
<task_queued compile_id='138' method='java.util.ImmutableCollections$Set12 iterator ()Ljava/util/Iterator;' bytes='9' count='512' iicount='512' level='3' stamp='0.044' comment='tiered' hot_count='512'/>
<writer thread='40261'/>
<nmethod compile_id='131' compiler='c1' level='3' entry='0x000074310941e240' size='920' address='0x000074310941e090' relocation_offset='352' insts_offset='432' stub_offset='752' scopes_data_offset='824' scopes_pcs_offset='848' dependencies_offset='912' metadata_offset='816' method='java.util.HashMap$KeyIterator &lt;init&gt; (Ljava/util/HashMap;)V' bytes='11' count='546' iicount='546' stamp='0.044'/>
     44  137       3       java.util.ImmutableCollections$Set12$1::next (95 bytes)
<writer thread='40243'/>
<nmethod compile_id='139' compile_kind='c2n' compiler='' level='0' entry='0x0000743110ed4720' size='888' address='0x0000743110ed4590' relocation_offset='352' consts_offset='888' insts_offset='400' method='java.lang.Module addExportsToAll0 (Ljava/lang/Module;Ljava/lang/String;)V' bytes='0' count='128' iicount='128' stamp='0.044'/>
     44  139     n 0       java.lang.Module::addExportsToAll0 (native)   (static)
<writer thread='40261'/>
<nmethod compile_id='137' compiler='c1' level='3' entry='0x000074310941e660' size='1416' address='0x000074310941e490' relocation_offset='352' insts_offset='464' stub_offset='1136' scopes_data_offset='1208' scopes_pcs_offset='1256' dependencies_offset='1384' nul_chk_table_offset='1392' metadata_offset='1200' method='java.util.ImmutableCollections$Set12$1 next ()Ljava/lang/Object;' bytes='95' count='668' iicount='668' stamp='0.044'/>
     44  133       3       java.util.AbstractMap::&lt;init&gt; (5 bytes)
<writer thread='40243'/>
<task_queued compile_id='140' method='java.util.HashMap &lt;init&gt; ()V' bytes='11' count='512' iicount='512' level='3' stamp='0.045' comment='tiered' hot_count='512'/>
<writer thread='40261'/>
<nmethod compile_id='133' compiler='c1' level='3' entry='0x000074310941ec40' size='896' address='0x000074310941ea90' relocation_offset='352' insts_offset='432' stub_offset='720' scopes_data_offset='792' scopes_pcs_offset='824' dependencies_offset='888' metadata_offset='768' method='java.util.AbstractMap &lt;init&gt; ()V' bytes='5' count='629' iicount='629' stamp='0.045'/>
     44  138       3       java.util.ImmutableCollections$Set12::iterator (9 bytes)
<writer thread='40243'/>
<task_queued compile_id='141' method='java.lang.module.ResolvedModule configuration ()Ljava/lang/module/Configuration;' bytes='5' count='128' iicount='128' level='1' stamp='0.045' comment='tiered' hot_count='128'/>
<nmethod compile_id='142' compile_kind='c2n' compiler='' level='0' entry='0x0000743110ed4b20' size='888' address='0x0000743110ed4990' relocation_offset='352' consts_offset='888' insts_offset='400' method='java.lang.Module addReads0 (Ljava/lang/Module;Ljava/lang/Module;)V' bytes='0' count='128' iicount='128' stamp='0.045'/>
     44  142     n 0       java.lang.Module::addReads0 (native)   (static)
<writer thread='40261'/>
<nmethod compile_id='138' compiler='c1' level='3' entry='0x000074310941f040' size='1376' address='0x000074310941ee90' relocation_offset='352' insts_offset='432' stub_offset='1136' scopes_data_offset='1208' scopes_pcs_offset='1272' dependencies_offset='1368' metadata_offset='1184' method='java.util.ImmutableCollections$Set12 iterator ()Ljava/util/Iterator;' bytes='9' count='568' iicount='568' stamp='0.045'/>
     44  140       3       java.util.HashMap::&lt;init&gt; (11 bytes)
<nmethod compile_id='140' compiler='c1' level='3' entry='0x000074310941f5c0' size='1056' address='0x000074310941f410' relocation_offset='352' insts_offset='432' stub_offset='848' scopes_data_offset='928' scopes_pcs_offset='968' dependencies_offset='1048' metadata_offset='896' method='java.util.HashMap &lt;init&gt; ()V' bytes='11' count='550' iicount='550' stamp='0.045'/>
     44  132       1       java.lang.module.ResolvedModule::reference (5 bytes)
<nmethod compile_id='132' compiler='c1' level='1' entry='0x0000743110ed4f20' size='656' address='0x0000743110ed4d90' relocation_offset='352' insts_offset='400' stub_offset='560' scopes_data_offset='608' scopes_pcs_offset='616' dependencies_offset='648' method='java.lang.module.ResolvedModule reference ()Ljava/lang/module/ModuleReference;' bytes='5' count='182' iicount='182' stamp='0.045'/>
     45   73       3       java.lang.invoke.MethodType::&lt;init&gt; (15 bytes)
<writer thread='40243'/>
<task_queued compile_id='143' method='java.lang.module.ModuleDescriptor isOpen ()Z' bytes='5' count='128' iicount='128' level='1' stamp='0.045' comment='tiered' hot_count='128'/>
<writer thread='40261'/>
<nmethod compile_id='73' compiler='c1' level='3' entry='0x000074310941fa40' size='1112' address='0x000074310941f890' relocation_offset='352' insts_offset='432' stub_offset='944' scopes_data_offset='1008' scopes_pcs_offset='1040' dependencies_offset='1104' metadata_offset='992' method='java.lang.invoke.MethodType &lt;init&gt; (Ljava/lang/Class;[Ljava/lang/Class;)V' bytes='15' count='259' iicount='259' stamp='0.045'/>
<writer thread='40243'/>
<task_queued compile_id='144' method='java.util.HashMap size ()I' bytes='5' count='128' iicount='128' level='1' stamp='0.045' comment='tiered' hot_count='128'/>
<writer thread='40261'/>
     45  109       1       java.lang.module.ModuleDescriptor::provides (5 bytes)
<nmethod compile_id='109' compiler='c1' level='1' entry='0x0000743110ed5220' size='656' address='0x0000743110ed5090' relocation_offset='352' insts_offset='400' stub_offset='560' scopes_data_offset='608' scopes_pcs_offset='616' dependencies_offset='648' method='java.lang.module.ModuleDescriptor provides ()Ljava/util/Set;' bytes='5' count='166' iicount='166' stamp='0.045'/>
     45  141       1       java.lang.module.ResolvedModule::configuration (5 bytes)
<writer thread='40243'/>
<task_queued compile_id='145' method='java.util.concurrent.ConcurrentHashMap spread (I)I' bytes='10' count='1299' iicount='1299' stamp='0.045' comment='tiered' hot_count='1299'/>
<task_queued compile_id='146' method='java.lang.module.ModuleDescriptor$Provides service ()Ljava/lang/String;' bytes='5' count='128' iicount='128' level='1' stamp='0.045' comment='tiered' hot_count='128'/>
<writer thread='40261'/>
<nmethod compile_id='141' compiler='c1' level='1' entry='0x0000743110ed5520' size='656' address='0x0000743110ed5390' relocation_offset='352' insts_offset='400' stub_offset='560' scopes_data_offset='608' scopes_pcs_offset='616' dependencies_offset='648' method='java.lang.module.ResolvedModule configuration ()Ljava/lang/module/Configuration;' bytes='5' count='145' iicount='145' stamp='0.046'/>
     45  112       1       java.lang.module.ModuleDescriptor::uses (5 bytes)
<nmethod compile_id='112' compiler='c1' level='1' entry='0x0000743110ed5820' size='656' address='0x0000743110ed5690' relocation_offset='352' insts_offset='400' stub_offset='560' scopes_data_offset='608' scopes_pcs_offset='616' dependencies_offset='648' method='java.lang.module.ModuleDescriptor uses ()Ljava/util/Set;' bytes='5' count='147' iicount='147' stamp='0.046'/>
     45  143       1       java.lang.module.ModuleDescriptor::isOpen (5 bytes)
<nmethod compile_id='143' compiler='c1' level='1' entry='0x0000743110ed5b20' size='656' address='0x0000743110ed5990' relocation_offset='352' insts_offset='400' stub_offset='560' scopes_data_offset='608' scopes_pcs_offset='616' dependencies_offset='648' method='java.lang.module.ModuleDescriptor isOpen ()Z' bytes='5' count='132' iicount='132' stamp='0.046'/>
     45  146       1       java.lang.module.ModuleDescriptor$Provides::service (5 bytes)
<nmethod compile_id='146' compiler='c1' level='1' entry='0x0000743110ed5e20' size='656' address='0x0000743110ed5c90' relocation_offset='352' insts_offset='400' stub_offset='560' scopes_data_offset='608' scopes_pcs_offset='616' dependencies_offset='648' method='java.lang.module.ModuleDescriptor$Provides service ()Ljava/lang/String;' bytes='5' count='157' iicount='157' stamp='0.046'/>
     45  128       1       java.lang.module.ModuleDescriptor$Version::toString (5 bytes)
<nmethod compile_id='128' compiler='c1' level='1' entry='0x0000743110ed6120' size='656' address='0x0000743110ed5f90' relocation_offset='352' insts_offset='400' stub_offset='560' scopes_data_offset='608' scopes_pcs_offset='616' dependencies_offset='648' method='java.lang.module.ModuleDescriptor$Version toString ()Ljava/lang/String;' bytes='5' count='131' iicount='131' stamp='0.046'/>
     45  144       1       java.util.HashMap::size (5 bytes)
<nmethod compile_id='144' compiler='c1' level='1' entry='0x0000743110ed6420' size='656' address='0x0000743110ed6290' relocation_offset='352' insts_offset='400' stub_offset='560' scopes_data_offset='608' scopes_pcs_offset='616' dependencies_offset='648' method='java.util.HashMap size ()I' bytes='5' count='129' iicount='129' stamp='0.046'/>
<writer thread='40243'/>
<task_queued compile_id='147' method='java.net.URL getFile ()Ljava/lang/String;' bytes='5' count='128' iicount='128' level='1' stamp='0.046' comment='tiered' hot_count='128'/>
<writer thread='40261'/>
     46  147       1       java.net.URL::getFile (5 bytes)
<nmethod compile_id='147' compiler='c1' level='1' entry='0x0000743110ed6720' size='656' address='0x0000743110ed6590' relocation_offset='352' insts_offset='400' stub_offset='560' scopes_data_offset='608' scopes_pcs_offset='616' dependencies_offset='648' method='java.net.URL getFile ()Ljava/lang/String;' bytes='5' count='185' iicount='185' stamp='0.047'/>
<writer thread='40243'/>
<task_queued compile_id='148' method='java.util.concurrent.ConcurrentHashMap get (Ljava/lang/Object;)Ljava/lang/Object;' bytes='162' count='384' backedge_count='2' iicount='384' level='3' stamp='0.047' comment='tiered' hot_count='384'/>
<writer thread='40261'/>
     47  148       3       java.util.concurrent.ConcurrentHashMap::get (162 bytes)
<writer thread='40243'/>
<task_queued compile_id='149' method='java.lang.AbstractStringBuilder ensureCapacityInternal (I)V' bytes='39' count='384' iicount='384' level='3' stamp='0.048' comment='tiered' hot_count='384'/>
<task_queued compile_id='150' method='java.lang.String startsWith (Ljava/lang/String;I)Z' bytes='138' count='256' backedge_count='881' iicount='256' level='3' stamp='0.048' comment='tiered' hot_count='256'/>
<writer thread='40261'/>
<nmethod compile_id='148' compiler='c1' level='3' entry='0x000074310941ff60' size='4016' address='0x000074310941fd10' relocation_offset='352' insts_offset='592' stub_offset='3184' scopes_data_offset='3328' scopes_pcs_offset='3616' dependencies_offset='3952' nul_chk_table_offset='3960' metadata_offset='3312' method='java.util.concurrent.ConcurrentHashMap get (Ljava/lang/Object;)Ljava/lang/Object;' bytes='162' count='389' backedge_count='2' iicount='389' stamp='0.048'/>
     48  150       3       java.lang.String::startsWith (138 bytes)
<nmethod compile_id='150' compiler='c1' level='3' entry='0x0000743109420f40' size='3496' address='0x0000743109420d10' relocation_offset='352' insts_offset='560' stub_offset='2736' scopes_data_offset='2824' scopes_pcs_offset='3168' dependencies_offset='3456' nul_chk_table_offset='3464' metadata_offset='2800' method='java.lang.String startsWith (Ljava/lang/String;I)Z' bytes='138' count='276' backedge_count='1001' iicount='276' stamp='0.049'/>
     48  149       3       java.lang.AbstractStringBuilder::ensureCapacityInternal (39 bytes)
<nmethod compile_id='149' compiler='c1' level='3' entry='0x0000743109421cc0' size='1184' address='0x0000743109421b10' relocation_offset='352' insts_offset='432' stub_offset='912' scopes_data_offset='1000' scopes_pcs_offset='1064' dependencies_offset='1160' nul_chk_table_offset='1168' metadata_offset='992' method='java.lang.AbstractStringBuilder ensureCapacityInternal (I)V' bytes='39' count='405' iicount='405' stamp='0.049'/>
<writer thread='40243'/>
<task_queued compile_id='151' method='java.util.zip.ZipUtils SH ([BI)I' bytes='21' count='256' iicount='256' level='3' stamp='0.050' comment='tiered' hot_count='256'/>
<task_queued compile_id='152' method='java.util.zip.ZipCoder$UTF8ZipCoder isUTF8 ()Z' bytes='2' count='128' iicount='128' level='1' stamp='0.050' comment='tiered' hot_count='128'/>
<task_queued compile_id='153' method='java.util.zip.ZipCoder$UTF8ZipCoder checkedHash ([BII)I' bytes='91' count='148' backedge_count='5120' iicount='148' level='3' stamp='0.050' comment='tiered' hot_count='148'/>
<writer thread='40261'/>
     49  153       3       java.util.zip.ZipCoder$UTF8ZipCoder::checkedHash (91 bytes)
<writer thread='40243'/>
<task_queued compile_id='154' method='java.util.zip.ZipUtils CENEXT ([BI)I' bytes='9' count='384' iicount='384' level='3' stamp='0.050' comment='tiered' hot_count='384'/>
<writer thread='40261'/>
<nmethod compile_id='153' compiler='c1' level='3' entry='0x0000743109422200' size='1920' address='0x0000743109422010' relocation_offset='352' insts_offset='496' stub_offset='1424' scopes_data_offset='1528' scopes_pcs_offset='1648' dependencies_offset='1872' nul_chk_table_offset='1880' metadata_offset='1504' method='java.util.zip.ZipCoder$UTF8ZipCoder checkedHash ([BII)I' bytes='91' count='322' backedge_count='13472' iicount='322' stamp='0.050'/>
     50  154       3       java.util.zip.ZipUtils::CENEXT (9 bytes)
<nmethod compile_id='154' compiler='c1' level='3' entry='0x00007431094229c0' size='1088' address='0x0000743109422810' relocation_offset='352' insts_offset='432' stub_offset='816' scopes_data_offset='880' scopes_pcs_offset='928' dependencies_offset='1056' nul_chk_table_offset='1064' metadata_offset='864' method='java.util.zip.ZipUtils CENEXT ([BI)I' bytes='9' count='645' iicount='645' stamp='0.051'/>
     50  152       1       java.util.zip.ZipCoder$UTF8ZipCoder::isUTF8 (2 bytes)
<nmethod compile_id='152' compiler='c1' level='1' entry='0x0000743110ed6a20' size='656' address='0x0000743110ed6890' relocation_offset='352' insts_offset='400' stub_offset='560' scopes_data_offset='608' scopes_pcs_offset='616' dependencies_offset='648' method='java.util.zip.ZipCoder$UTF8ZipCoder isUTF8 ()Z' bytes='2' count='326' iicount='326' stamp='0.051'/>
     50  151       3       java.util.zip.ZipUtils::SH (21 bytes)
<nmethod compile_id='151' compiler='c1' level='3' entry='0x0000743109422e20' size='888' address='0x0000743109422c90' relocation_offset='352' insts_offset='400' stub_offset='656' scopes_data_offset='712' scopes_pcs_offset='744' dependencies_offset='856' nul_chk_table_offset='864' metadata_offset='704' method='java.util.zip.ZipUtils SH ([BI)I' bytes='21' count='2766' iicount='2766' stamp='0.051'/>
<writer thread='40243'/>
<task_queued compile_id='155' method='java.util.zip.ZipUtils LG ([BI)J' bytes='22' count='384' iicount='384' level='3' stamp='0.051' comment='tiered' hot_count='384'/>
<task_queued compile_id='156' method='java.util.zip.ZipFile$Source checkAndAddEntry (II)I' bytes='262' count='384' iicount='384' level='3' stamp='0.051' comment='tiered' hot_count='384'/>
<task_queued compile_id='157' method='java.util.zip.ZipUtils CENSIG ([BI)J' bytes='8' count='384' iicount='384' level='3' stamp='0.051' comment='tiered' hot_count='384'/>
<task_queued compile_id='158' method='java.util.zip.ZipUtils CENHOW ([BI)I' bytes='9' count='384' iicount='384' level='3' stamp='0.051' comment='tiered' hot_count='384'/>
<task_queued compile_id='159' method='java.util.zip.ZipUtils CENFLG ([BI)I' bytes='9' count='384' iicount='384' level='3' stamp='0.051' comment='tiered' hot_count='384'/>
<task_queued compile_id='160' method='java.util.zip.ZipUtils CENNAM ([BI)I' bytes='9' count='384' iicount='384' level='3' stamp='0.051' comment='tiered' hot_count='384'/>
<writer thread='40261'/>
     51  155       3       java.util.zip.ZipUtils::LG (22 bytes)
<writer thread='40243'/>
<task_queued compile_id='161' method='java.util.zip.ZipFile$Source zipCoderForPos (I)Ljava/util/zip/ZipCoder;' bytes='39' count='512' iicount='512' level='3' stamp='0.051' comment='tiered' hot_count='512'/>
<task_queued compile_id='162' method='java.util.zip.ZipFile$Source isMetaName ([BII)Z' bytes='141' count='512' iicount='512' level='3' stamp='0.051' comment='tiered' hot_count='512'/>
<task_queued compile_id='163' method='java.util.zip.ZipFile$Source nextEntryPos (III)I' bytes='22' count='512' iicount='512' level='3' stamp='0.051' comment='tiered' hot_count='512'/>
<writer thread='40261'/>
<nmethod compile_id='155' compiler='c1' level='3' entry='0x0000743109423240' size='1352' address='0x0000743109423090' relocation_offset='352' insts_offset='432' stub_offset='1008' scopes_data_offset='1072' scopes_pcs_offset='1144' dependencies_offset='1320' nul_chk_table_offset='1328' metadata_offset='1056' method='java.util.zip.ZipUtils LG ([BI)J' bytes='22' count='532' iicount='532' stamp='0.051'/>
     51  156   !   3       java.util.zip.ZipFile$Source::checkAndAddEntry (262 bytes)
<writer thread='40243'/>
<task_queued compile_id='164' method='java.util.zip.ZipUtils CENCOM ([BI)I' bytes='9' count='640' iicount='640' level='3' stamp='0.052' comment='tiered' hot_count='640'/>
<uncommon_trap thread='40243' reason='null_check' action='make_not_entrant' debug_id='0' compile_id='124' compiler='c2' level='4' stamp='0.053'>
<jvms bci='8' method='java.lang.String equals (Ljava/lang/Object;)Z' bytes='56' count='6727' iicount='6727'/>
</uncommon_trap>
<make_not_entrant thread='40243' compile_id='124' compiler='c2' level='4' stamp='0.053'/>
     52  124       4       java.lang.String::equals (56 bytes)   made not entrant
<writer thread='40261'/>
<nmethod compile_id='156' compiler='c1' level='3' entry='0x00007431094239c0' size='9864' address='0x0000743109423610' relocation_offset='352' insts_offset='944' stub_offset='6416' scopes_data_offset='6880' scopes_pcs_offset='8232' dependencies_offset='9496' handler_table_offset='9504' nul_chk_table_offset='9792' oops_offset='6704' metadata_offset='6760' method='java.util.zip.ZipFile$Source checkAndAddEntry (II)I' bytes='262' count='941' iicount='941' stamp='0.053'/>
     53  160       3       java.util.zip.ZipUtils::CENNAM (9 bytes)
<nmethod compile_id='160' compiler='c1' level='3' entry='0x0000743109425ec0' size='1088' address='0x0000743109425d10' relocation_offset='352' insts_offset='432' stub_offset='816' scopes_data_offset='880' scopes_pcs_offset='928' dependencies_offset='1056' nul_chk_table_offset='1064' metadata_offset='864' method='java.util.zip.ZipUtils CENNAM ([BI)I' bytes='9' count='944' iicount='944' stamp='0.053'/>
<writer thread='40260'/>
<nmethod compile_id='134' compiler='c2' level='4' entry='0x0000743110ed6d80' size='4168' address='0x0000743110ed6b90' relocation_offset='352' insts_offset='496' stub_offset='2864' scopes_data_offset='2968' scopes_pcs_offset='3648' dependencies_offset='3952' handler_table_offset='3960' nul_chk_table_offset='4152' metadata_offset='2920' method='java.util.HashMap putVal (ILjava/lang/Object;Ljava/lang/Object;ZZ)Ljava/lang/Object;' bytes='300' count='7182' backedge_count='697' iicount='7182' stamp='0.053'/>
<make_not_entrant thread='40260' compile_id='84' compiler='c1' level='3' stamp='0.053'/>
     53   84       3       java.util.HashMap::putVal (300 bytes)   made not entrant
<writer thread='40261'/>
     53  161       3       java.util.zip.ZipFile$Source::zipCoderForPos (39 bytes)
<writer thread='40260'/>
     53  145       4       java.util.concurrent.ConcurrentHashMap::spread (10 bytes)
<writer thread='40243'/>
<task_queued compile_id='165' method='java.lang.String equals (Ljava/lang/Object;)Z' bytes='56' count='6784' iicount='6784' decompiles='1' null_check_traps='1' stamp='0.053' comment='tiered' hot_count='6784'/>
<writer thread='40260'/>
<nmethod compile_id='145' compiler='c2' level='4' entry='0x0000743110ed7d80' size='536' address='0x0000743110ed7c10' relocation_offset='352' insts_offset='368' stub_offset='464' scopes_data_offset='488' scopes_pcs_offset='496' dependencies_offset='528' method='java.util.concurrent.ConcurrentHashMap spread (I)I' bytes='10' count='1398' iicount='1398' stamp='0.053'/>
<make_not_entrant thread='40260' compile_id='33' compiler='c1' level='3' stamp='0.053'/>
     53   33       3       java.util.concurrent.ConcurrentHashMap::spread (10 bytes)   made not entrant
<writer thread='40261'/>
<nmethod compile_id='161' compiler='c1' level='3' entry='0x0000743109426360' size='1784' address='0x0000743109426190' relocation_offset='352' insts_offset='464' stub_offset='1392' scopes_data_offset='1480' scopes_pcs_offset='1568' dependencies_offset='1744' nul_chk_table_offset='1752' metadata_offset='1456' method='java.util.zip.ZipFile$Source zipCoderForPos (I)Ljava/util/zip/ZipCoder;' bytes='39' count='946' iicount='946' stamp='0.053'/>
<writer thread='40260'/>
     53  165       4       java.lang.String::equals (56 bytes)
<writer thread='40261'/>
     53  162       3       java.util.zip.ZipFile$Source::isMetaName (141 bytes)
<nmethod compile_id='162' compiler='c1' level='3' entry='0x0000743109426ae0' size='2032' address='0x0000743109426910' relocation_offset='352' insts_offset='464' stub_offset='1616' scopes_data_offset='1672' scopes_pcs_offset='1760' dependencies_offset='2000' nul_chk_table_offset='2008' metadata_offset='1664' method='java.util.zip.ZipFile$Source isMetaName ([BII)Z' bytes='141' count='941' iicount='941' stamp='0.054'/>
     53  163       3       java.util.zip.ZipFile$Source::nextEntryPos (22 bytes)
<nmethod compile_id='163' compiler='c1' level='3' entry='0x00007431094272e0' size='1664' address='0x0000743109427110' relocation_offset='352' insts_offset='464' stub_offset='1232' scopes_data_offset='1312' scopes_pcs_offset='1440' dependencies_offset='1632' nul_chk_table_offset='1640' metadata_offset='1280' method='java.util.zip.ZipFile$Source nextEntryPos (III)I' bytes='22' count='941' iicount='941' stamp='0.054'/>
     54  157       3       java.util.zip.ZipUtils::CENSIG (8 bytes)
<nmethod compile_id='157' compiler='c1' level='3' entry='0x00007431094279c0' size='1488' address='0x0000743109427810' relocation_offset='352' insts_offset='432' stub_offset='1104' scopes_data_offset='1176' scopes_pcs_offset='1264' dependencies_offset='1456' nul_chk_table_offset='1464' metadata_offset='1152' method='java.util.zip.ZipUtils CENSIG ([BI)J' bytes='8' count='941' iicount='941' stamp='0.054'/>
     54  158       3       java.util.zip.ZipUtils::CENHOW (9 bytes)
<writer thread='40260'/>
<nmethod compile_id='165' compiler='c2' level='4' entry='0x0000743110ed80a0' size='1032' address='0x0000743110ed7f10' relocation_offset='352' insts_offset='400' stub_offset='880' scopes_data_offset='920' scopes_pcs_offset='960' dependencies_offset='1024' metadata_offset='904' method='java.lang.String equals (Ljava/lang/Object;)Z' bytes='56' count='6788' iicount='6788' decompiles='1' null_check_traps='1' stamp='0.054'/>
<writer thread='40261'/>
<nmethod compile_id='158' compiler='c1' level='3' entry='0x0000743109427fc0' size='1088' address='0x0000743109427e10' relocation_offset='352' insts_offset='432' stub_offset='816' scopes_data_offset='880' scopes_pcs_offset='928' dependencies_offset='1056' nul_chk_table_offset='1064' metadata_offset='864' method='java.util.zip.ZipUtils CENHOW ([BI)I' bytes='9' count='945' iicount='945' stamp='0.054'/>
<writer thread='40260'/>
     54  135       4       java.util.HashMap::newNode (13 bytes)
<writer thread='40261'/>
     54  159       3       java.util.zip.ZipUtils::CENFLG (9 bytes)
<nmethod compile_id='159' compiler='c1' level='3' entry='0x0000743109428440' size='1088' address='0x0000743109428290' relocation_offset='352' insts_offset='432' stub_offset='816' scopes_data_offset='880' scopes_pcs_offset='928' dependencies_offset='1056' nul_chk_table_offset='1064' metadata_offset='864' method='java.util.zip.ZipUtils CENFLG ([BI)I' bytes='9' count='943' iicount='943' stamp='0.055'/>
     54  164       3       java.util.zip.ZipUtils::CENCOM (9 bytes)
<nmethod compile_id='164' compiler='c1' level='3' entry='0x00007431094288c0' size='1088' address='0x0000743109428710' relocation_offset='352' insts_offset='432' stub_offset='816' scopes_data_offset='880' scopes_pcs_offset='928' dependencies_offset='1056' nul_chk_table_offset='1064' metadata_offset='864' method='java.util.zip.ZipUtils CENCOM ([BI)I' bytes='9' count='943' iicount='943' stamp='0.055'/>
<writer thread='40243'/>
<task_queued compile_id='166' method='java.lang.AbstractStringBuilder putStringAt (ILjava/lang/String;)V' bytes='12' count='256' iicount='256' level='3' stamp='0.055' comment='tiered' hot_count='256'/>
<task_queued compile_id='167' method='java.lang.AbstractStringBuilder putStringAt (ILjava/lang/String;II)V' bytes='34' count='256' iicount='256' level='3' stamp='0.055' comment='tiered' hot_count='256'/>
<writer thread='40261'/>
     54  166       3       java.lang.AbstractStringBuilder::putStringAt (12 bytes)
<writer thread='40243'/>
<task_queued compile_id='168' method='java.lang.String &lt;init&gt; ([BB)V' bytes='15' count='512' iicount='512' level='3' stamp='0.055' comment='tiered' hot_count='512'/>
<writer thread='40261'/>
<nmethod compile_id='166' compiler='c1' level='3' entry='0x0000743109428d40' size='1280' address='0x0000743109428b90' relocation_offset='352' insts_offset='432' stub_offset='944' scopes_data_offset='1032' scopes_pcs_offset='1120' dependencies_offset='1248' nul_chk_table_offset='1256' metadata_offset='1008' method='java.lang.AbstractStringBuilder putStringAt (ILjava/lang/String;)V' bytes='12' count='274' iicount='274' stamp='0.055'/>
<writer thread='40260'/>
<nmethod compile_id='135' compiler='c2' level='4' entry='0x0000743110ed8520' size='800' address='0x0000743110ed8390' relocation_offset='352' insts_offset='400' stub_offset='656' scopes_data_offset='696' scopes_pcs_offset='720' dependencies_offset='768' handler_table_offset='776' metadata_offset='680' method='java.util.HashMap newNode (ILjava/lang/Object;Ljava/lang/Object;Ljava/util/HashMap$Node;)Ljava/util/HashMap$Node;' bytes='13' count='7100' iicount='7100' stamp='0.055'/>
<make_not_entrant thread='40260' compile_id='80' compiler='c1' level='3' stamp='0.055'/>
     55   80       3       java.util.HashMap::newNode (13 bytes)   made not entrant
<writer thread='40261'/>
     55  168       3       java.lang.String::&lt;init&gt; (15 bytes)
<writer thread='40243'/>
<task_queued compile_id='169' compile_kind='osr' method='java.util.zip.ZipCoder$UTF8ZipCoder checkedHash ([BII)I' bytes='91' count='1043' backedge_count='48450' iicount='1043' osr_bci='14' stamp='0.055' comment='tiered' hot_count='48450'/>
<writer thread='40261'/>
<nmethod compile_id='168' compiler='c1' level='3' entry='0x00007431094292c0' size='1016' address='0x0000743109429110' relocation_offset='352' insts_offset='432' stub_offset='848' scopes_data_offset='912' scopes_pcs_offset='944' dependencies_offset='1008' metadata_offset='896' method='java.lang.String &lt;init&gt; ([BB)V' bytes='15' count='517' iicount='517' stamp='0.055'/>
<writer thread='40260'/>
     55  169 %     4       java.util.zip.ZipCoder$UTF8ZipCoder::checkedHash @ 14 (91 bytes)
<writer thread='40261'/>
     55  167       3       java.lang.AbstractStringBuilder::putStringAt (34 bytes)
<nmethod compile_id='167' compiler='c1' level='3' entry='0x0000743109429760' size='1528' address='0x0000743109429590' relocation_offset='352' insts_offset='464' stub_offset='1168' scopes_data_offset='1272' scopes_pcs_offset='1376' dependencies_offset='1504' nul_chk_table_offset='1512' metadata_offset='1248' method='java.lang.AbstractStringBuilder putStringAt (ILjava/lang/String;II)V' bytes='34' count='274' iicount='274' stamp='0.056'/>
<writer thread='40243'/>
<task_queued compile_id='170' method='java.lang.Math max (II)I' bytes='11' count='384' iicount='384' level='3' stamp='0.056' comment='tiered' hot_count='384'/>
<writer thread='40261'/>
     55  170       3       java.lang.Math::max (11 bytes)
<nmethod compile_id='170' compiler='c1' level='3' entry='0x0000743109429da0' size='784' address='0x0000743109429c10' relocation_offset='352' insts_offset='400' stub_offset='656' scopes_data_offset='712' scopes_pcs_offset='728' dependencies_offset='776' metadata_offset='704' method='java.lang.Math max (II)I' bytes='11' count='692' iicount='692' stamp='0.056'/>
<writer thread='40243'/>
<task_queued compile_id='171' method='sun.nio.fs.UnixPath checkNotNul (Ljava/lang/String;C)V' bytes='16' count='256' iicount='256' level='3' stamp='0.056' comment='tiered' hot_count='256'/>
<writer thread='40261'/>
     55  171       3       sun.nio.fs.UnixPath::checkNotNul (16 bytes)
<nmethod compile_id='171' compiler='c1' level='3' entry='0x000074310942a140' size='1000' address='0x0000743109429f90' relocation_offset='352' insts_offset='432' stub_offset='784' scopes_data_offset='856' scopes_pcs_offset='896' dependencies_offset='992' metadata_offset='848' method='sun.nio.fs.UnixPath checkNotNul (Ljava/lang/String;C)V' bytes='16' count='322' iicount='322' stamp='0.056'/>
<writer thread='40243'/>
<task_queued compile_id='172' method='java.io.BufferedReader readLine (Z[Z)Ljava/lang/String;' bytes='327' count='128' backedge_count='2878' iicount='128' level='3' stamp='0.057' comment='tiered' hot_count='128'/>
<writer thread='40261'/>
     56  172   !   3       java.io.BufferedReader::readLine (327 bytes)
<writer thread='40243'/>
<task_queued compile_id='173' method='java.lang.StringLatin1 indexOf ([BI[BII)I' bytes='121' count='109' backedge_count='9216' iicount='109' level='3' stamp='0.057' comment='tiered' hot_count='109'/>
<task_queued compile_id='174' method='java.lang.System getSecurityManager ()Ljava/lang/SecurityManager;' bytes='12' count='256' iicount='256' level='3' stamp='0.057' comment='tiered' hot_count='256'/>
<writer thread='40261'/>
<nmethod compile_id='172' compiler='c1' level='3' entry='0x000074310942a6c0' size='8136' address='0x000074310942a390' relocation_offset='352' insts_offset='816' stub_offset='5264' scopes_data_offset='5536' scopes_pcs_offset='6496' dependencies_offset='7280' handler_table_offset='7288' nul_chk_table_offset='8032' metadata_offset='5472' method='java.io.BufferedReader readLine (Z[Z)Ljava/lang/String;' bytes='327' count='161' backedge_count='3605' iicount='161' stamp='0.058'/>
     58  173       3       java.lang.StringLatin1::indexOf (121 bytes)
<writer thread='40260'/>
<nmethod compile_id='169' compile_kind='osr' compiler='c2' level='4' entry='0x0000743110ed88a0' size='1456' address='0x0000743110ed8710' relocation_offset='352' insts_offset='400' stub_offset='1104' scopes_data_offset='1144' scopes_pcs_offset='1304' dependencies_offset='1432' nul_chk_table_offset='1440' metadata_offset='1128' method='java.util.zip.ZipCoder$UTF8ZipCoder checkedHash ([BII)I' bytes='91' count='2543' backedge_count='128993' iicount='2543' stamp='0.059'/>
<writer thread='40261'/>
<nmethod compile_id='173' compiler='c1' level='3' entry='0x000074310942c560' size='2232' address='0x000074310942c390' relocation_offset='352' insts_offset='464' stub_offset='1648' scopes_data_offset='1704' scopes_pcs_offset='1896' dependencies_offset='2184' nul_chk_table_offset='2192' metadata_offset='1696' method='java.lang.StringLatin1 indexOf ([BI[BII)I' bytes='121' count='115' backedge_count='9948' iicount='115' stamp='0.059'/>
     58  174       3       java.lang.System::getSecurityManager (12 bytes)
<writer thread='40243'/>
<task_queued compile_id='175' method='java.lang.String charAt (I)C' bytes='25' count='5632' iicount='5632' stamp='0.059' comment='tiered' hot_count='5632'/>
<writer thread='40260'/>
     59  175       4       java.lang.String::charAt (25 bytes)
<writer thread='40261'/>
<nmethod compile_id='174' compiler='c1' level='3' entry='0x000074310942ce40' size='944' address='0x000074310942cc90' relocation_offset='352' insts_offset='432' stub_offset='784' scopes_data_offset='848' scopes_pcs_offset='872' dependencies_offset='936' metadata_offset='832' method='java.lang.System getSecurityManager ()Ljava/lang/SecurityManager;' bytes='12' count='267' iicount='267' stamp='0.059'/>
<writer thread='40243'/>
<task_queued compile_id='176' method='java.util.zip.ZipCoder$UTF8ZipCoder checkedHash ([BII)I' bytes='91' count='2580' backedge_count='130370' iicount='2580' stamp='0.059' comment='tiered' hot_count='2580'/>
<deoptimized thread='40243' reason='constraint' pc='0x00007431094224ec' compile_id='153' compiler='c1' level='3'>
<jvms bci='64' method='java.util.zip.ZipCoder$UTF8ZipCoder checkedHash ([BII)I' bytes='91' count='2580' backedge_count='130370' iicount='2580'/>
</deoptimized>
<deoptimized thread='40243' reason='constraint' pc='0x00007431094224ec' compile_id='153' compiler='c1' level='3'>
<jvms bci='64' method='java.util.zip.ZipCoder$UTF8ZipCoder checkedHash ([BII)I' bytes='91' count='2726' backedge_count='138562' iicount='2726'/>
</deoptimized>
<writer thread='40260'/>
<nmethod compile_id='175' compiler='c2' level='4' entry='0x0000743110ed8ea0' size='792' address='0x0000743110ed8d10' relocation_offset='352' insts_offset='400' stub_offset='592' scopes_data_offset='640' scopes_pcs_offset='688' dependencies_offset='768' nul_chk_table_offset='776' metadata_offset='616' method='java.lang.String charAt (I)C' bytes='25' count='5786' iicount='5786' stamp='0.060'/>
<make_not_entrant thread='40260' compile_id='3' compiler='c1' level='3' stamp='0.060'/>
     59    3       3       java.lang.String::charAt (25 bytes)   made not entrant
     59  176       4       java.util.zip.ZipCoder$UTF8ZipCoder::checkedHash (91 bytes)
<writer thread='40243'/>
<task_queued compile_id='177' method='java.lang.StringUTF16 compress ([CI[BII)I' bytes='50' count='169' backedge_count='4096' iicount='169' level='3' stamp='0.060' comment='tiered' hot_count='169'/>
<writer thread='40261'/>
     60  177       3       java.lang.StringUTF16::compress (50 bytes)
<writer thread='40243'/>
<task_queued compile_id='178' method='java.util.LinkedList indexOf (Ljava/lang/Object;)I' bytes='73' count='157' backedge_count='4096' iicount='157' level='3' stamp='0.060' comment='tiered' hot_count='157'/>
<task_queued compile_id='179' method='java.nio.Buffer position ()I' bytes='5' count='128' iicount='128' level='1' stamp='0.060' comment='tiered' hot_count='128'/>
<uncommon_trap thread='40243' reason='unstable_if' action='reinterpret' debug_id='0' compile_id='134' compiler='c2' level='4' stamp='0.060'>
<jvms bci='181' method='java.util.HashMap putVal (ILjava/lang/Object;Ljava/lang/Object;ZZ)Ljava/lang/Object;' bytes='300' count='7182' backedge_count='697' iicount='7182'/>
</uncommon_trap>
<make_not_entrant thread='40243' compile_id='134' compiler='c2' level='4' stamp='0.060'/>
     60  134       4       java.util.HashMap::putVal (300 bytes)   made not entrant
<writer thread='40261'/>
<nmethod compile_id='177' compiler='c1' level='3' entry='0x000074310942d240' size='1304' address='0x000074310942d090' relocation_offset='352' insts_offset='432' stub_offset='944' scopes_data_offset='1000' scopes_pcs_offset='1080' dependencies_offset='1256' nul_chk_table_offset='1264' metadata_offset='992' method='java.lang.StringUTF16 compress ([CI[BII)I' bytes='50' count='183' backedge_count='4486' iicount='183' stamp='0.060'/>
     60  178       3       java.util.LinkedList::indexOf (73 bytes)
<writer thread='40243'/>
<task_queued compile_id='180' method='java.net.URL getProtocol ()Ljava/lang/String;' bytes='5' count='128' iicount='128' level='1' stamp='0.060' comment='tiered' hot_count='128'/>
<task_queued compile_id='181' method='java.lang.StringLatin1 indexOf ([BII)I' bytes='36' count='393' iicount='393' level='3' stamp='0.060' comment='tiered' hot_count='393'/>
<writer thread='40261'/>
<nmethod compile_id='178' compiler='c1' level='3' entry='0x000074310942d7e0' size='1936' address='0x000074310942d610' relocation_offset='352' insts_offset='464' stub_offset='1552' scopes_data_offset='1624' scopes_pcs_offset='1720' dependencies_offset='1896' nul_chk_table_offset='1904' metadata_offset='1616' method='java.util.LinkedList indexOf (Ljava/lang/Object;)I' bytes='73' count='165' backedge_count='4246' iicount='165' stamp='0.061'/>
     60  181       3       java.lang.StringLatin1::indexOf (36 bytes)
<nmethod compile_id='181' compiler='c1' level='3' entry='0x000074310942dfe0' size='1808' address='0x000074310942de10' relocation_offset='352' insts_offset='464' stub_offset='1456' scopes_data_offset='1528' scopes_pcs_offset='1640' dependencies_offset='1784' nul_chk_table_offset='1792' metadata_offset='1504' method='java.lang.StringLatin1 indexOf ([BII)I' bytes='36' count='395' iicount='395' stamp='0.061'/>
<writer thread='40243'/>
<task_queued compile_id='182' method='java.lang.StringBuilder append (Ljava/lang/String;)Ljava/lang/StringBuilder;' bytes='8' count='377' iicount='377' level='3' stamp='0.061' comment='tiered' hot_count='377'/>
<task_queued compile_id='183' method='java.lang.AbstractStringBuilder append (Ljava/lang/String;)Ljava/lang/AbstractStringBuilder;' bytes='45' count='377' iicount='377' level='3' stamp='0.061' comment='tiered' hot_count='377'/>
<writer thread='40261'/>
     61  182       3       java.lang.StringBuilder::append (8 bytes)
<nmethod compile_id='182' compiler='c1' level='3' entry='0x000074310942e740' size='864' address='0x000074310942e590' relocation_offset='352' insts_offset='432' stub_offset='688' scopes_data_offset='760' scopes_pcs_offset='792' dependencies_offset='856' metadata_offset='752' method='java.lang.StringBuilder append (Ljava/lang/String;)Ljava/lang/StringBuilder;' bytes='8' count='393' iicount='393' stamp='0.061'/>
     61  183       3       java.lang.AbstractStringBuilder::append (45 bytes)
<writer thread='40243'/>
<deoptimized thread='40243' reason='constraint' pc='0x00007431094224ec' compile_id='153' compiler='c1' level='3'>
<jvms bci='64' method='java.util.zip.ZipCoder$UTF8ZipCoder checkedHash ([BII)I' bytes='91' count='2888' backedge_count='146754' iicount='2888'/>
</deoptimized>
<writer thread='40261'/>
<nmethod compile_id='183' compiler='c1' level='3' entry='0x000074310942eb00' size='1624' address='0x000074310942e910' relocation_offset='352' insts_offset='496' stub_offset='1200' scopes_data_offset='1320' scopes_pcs_offset='1432' dependencies_offset='1592' nul_chk_table_offset='1600' metadata_offset='1296' method='java.lang.AbstractStringBuilder append (Ljava/lang/String;)Ljava/lang/AbstractStringBuilder;' bytes='45' count='393' iicount='393' stamp='0.061'/>
     61  179       1       java.nio.Buffer::position (5 bytes)
<nmethod compile_id='179' compiler='c1' level='1' entry='0x0000743110ed9220' size='656' address='0x0000743110ed9090' relocation_offset='352' insts_offset='400' stub_offset='560' scopes_data_offset='608' scopes_pcs_offset='616' dependencies_offset='648' method='java.nio.Buffer position ()I' bytes='5' count='167' iicount='167' stamp='0.062'/>
<writer thread='40243'/>
<task_queued compile_id='184' method='jdk.internal.util.jar.JarIndex addToList (Ljava/lang/String;Ljava/lang/String;Ljava/util/HashMap;)V' bytes='59' count='384' iicount='384' level='3' stamp='0.062' comment='tiered' hot_count='384'/>
<task_queued compile_id='185' method='java.util.LinkedList add (Ljava/lang/Object;)Z' bytes='7' count='384' iicount='384' level='3' stamp='0.062' comment='tiered' hot_count='384'/>
<task_queued compile_id='186' method='java.util.LinkedList linkLast (Ljava/lang/Object;)V' bytes='59' count='384' iicount='384' level='3' stamp='0.062' comment='tiered' hot_count='384'/>
<task_queued compile_id='187' method='java.util.LinkedList$Node &lt;init&gt; (Ljava/util/LinkedList$Node;Ljava/lang/Object;Ljava/util/LinkedList$Node;)V' bytes='20' count='384' iicount='384' level='3' stamp='0.062' comment='tiered' hot_count='384'/>
<writer thread='40261'/>
     61  184       3       jdk.internal.util.jar.JarIndex::addToList (59 bytes)
<writer thread='40243'/>
<task_queued compile_id='188' method='java.lang.String getBytes ([BIIBI)V' bytes='46' count='402' iicount='402' level='3' stamp='0.062' comment='tiered' hot_count='402'/>
<deoptimized thread='40243' reason='constraint' pc='0x00007431094224ec' compile_id='153' compiler='c1' level='3'>
<jvms bci='64' method='java.util.zip.ZipCoder$UTF8ZipCoder checkedHash ([BII)I' bytes='91' count='3031' backedge_count='154946' iicount='3031'/>
</deoptimized>
<writer thread='40261'/>
<nmethod compile_id='184' compiler='c1' level='3' entry='0x000074310942f1e0' size='3720' address='0x000074310942ef90' relocation_offset='352' insts_offset='592' stub_offset='2832' scopes_data_offset='3048' scopes_pcs_offset='3368' dependencies_offset='3688' nul_chk_table_offset='3696' metadata_offset='2960' method='jdk.internal.util.jar.JarIndex addToList (Ljava/lang/String;Ljava/lang/String;Ljava/util/HashMap;)V' bytes='59' count='402' iicount='402' stamp='0.062'/>
     62  188       3       java.lang.String::getBytes (46 bytes)
<writer thread='40243'/>
<deoptimized thread='40243' reason='constraint' pc='0x00007431094224ec' compile_id='153' compiler='c1' level='3'>
<jvms bci='64' method='java.util.zip.ZipCoder$UTF8ZipCoder checkedHash ([BII)I' bytes='91' count='3156' backedge_count='163138' iicount='3156'/>
</deoptimized>
<deoptimized thread='40243' reason='constraint' pc='0x00007431094224ec' compile_id='153' compiler='c1' level='3'>
<jvms bci='64' method='java.util.zip.ZipCoder$UTF8ZipCoder checkedHash ([BII)I' bytes='91' count='3288' backedge_count='171330' iicount='3288'/>
</deoptimized>
<writer thread='40261'/>
<nmethod compile_id='188' compiler='c1' level='3' entry='0x0000743109430060' size='1440' address='0x000074310942fe90' relocation_offset='352' insts_offset='464' stub_offset='1168' scopes_data_offset='1264' scopes_pcs_offset='1336' dependencies_offset='1432' metadata_offset='1248' method='java.lang.String getBytes ([BIIBI)V' bytes='46' count='411' iicount='411' stamp='0.062'/>
     62  185       3       java.util.LinkedList::add (7 bytes)
<nmethod compile_id='185' compiler='c1' level='3' entry='0x0000743109430640' size='864' address='0x0000743109430490' relocation_offset='352' insts_offset='432' stub_offset='688' scopes_data_offset='768' scopes_pcs_offset='792' dependencies_offset='856' metadata_offset='752' method='java.util.LinkedList add (Ljava/lang/Object;)Z' bytes='7' count='402' iicount='402' stamp='0.062'/>
     62  186       3       java.util.LinkedList::linkLast (59 bytes)
<nmethod compile_id='186' compiler='c1' level='3' entry='0x00007431094309e0' size='1920' address='0x0000743109430810' relocation_offset='352' insts_offset='464' stub_offset='1584' scopes_data_offset='1656' scopes_pcs_offset='1760' dependencies_offset='1888' nul_chk_table_offset='1896' metadata_offset='1632' method='java.util.LinkedList linkLast (Ljava/lang/Object;)V' bytes='59' count='402' iicount='402' stamp='0.062'/>
     62  187       3       java.util.LinkedList$Node::&lt;init&gt; (20 bytes)
<writer thread='40260'/>
<nmethod compile_id='176' compiler='c2' level='4' entry='0x0000743110ed9520' size='1392' address='0x0000743110ed9390' relocation_offset='352' insts_offset='400' stub_offset='1040' scopes_data_offset='1072' scopes_pcs_offset='1232' dependencies_offset='1360' nul_chk_table_offset='1368' metadata_offset='1064' method='java.util.zip.ZipCoder$UTF8ZipCoder checkedHash ([BII)I' bytes='91' count='3379' backedge_count='177443' iicount='3379' stamp='0.063'/>
<make_not_entrant thread='40260' compile_id='153' compiler='c1' level='3' stamp='0.063'/>
     62  153       3       java.util.zip.ZipCoder$UTF8ZipCoder::checkedHash (91 bytes)   made not entrant
<writer thread='40243'/>
<task_queued compile_id='189' method='java.lang.String endsWith (Ljava/lang/String;)Z' bytes='15' count='384' iicount='384' level='3' stamp='0.063' comment='tiered' hot_count='384'/>
<writer thread='40261'/>
<nmethod compile_id='187' compiler='c1' level='3' entry='0x00007431094311c0' size='1224' address='0x0000743109431010' relocation_offset='352' insts_offset='432' stub_offset='1040' scopes_data_offset='1112' scopes_pcs_offset='1152' dependencies_offset='1216' metadata_offset='1088' method='java.util.LinkedList$Node &lt;init&gt; (Ljava/util/LinkedList$Node;Ljava/lang/Object;Ljava/util/LinkedList$Node;)V' bytes='20' count='446' iicount='446' stamp='0.063'/>
     62  189       3       java.lang.String::endsWith (15 bytes)
<nmethod compile_id='189' compiler='c1' level='3' entry='0x00007431094316e0' size='1664' address='0x0000743109431510' relocation_offset='352' insts_offset='464' stub_offset='1232' scopes_data_offset='1320' scopes_pcs_offset='1448' dependencies_offset='1624' nul_chk_table_offset='1632' metadata_offset='1296' method='java.lang.String endsWith (Ljava/lang/String;)Z' bytes='15' count='410' iicount='410' stamp='0.063'/>
     62  180       1       java.net.URL::getProtocol (5 bytes)
<nmethod compile_id='180' compiler='c1' level='1' entry='0x0000743110ed9aa0' size='656' address='0x0000743110ed9910' relocation_offset='352' insts_offset='400' stub_offset='560' scopes_data_offset='608' scopes_pcs_offset='616' dependencies_offset='648' method='java.net.URL getProtocol ()Ljava/lang/String;' bytes='5' count='151' iicount='151' stamp='0.063'/>
<writer thread='40243'/>
<task_queued compile_id='190' method='java.util.Arrays copyOfRange ([BII)[B' bytes='64' count='512' iicount='512' level='3' stamp='0.063' comment='tiered' hot_count='512'/>
<writer thread='40261'/>
     62  190       3       java.util.Arrays::copyOfRange (64 bytes)
<writer thread='40243'/>
<task_queued compile_id='191' method='java.util.Objects requireNonNull (Ljava/lang/Object;Ljava/lang/String;)Ljava/lang/Object;' bytes='15' count='256' iicount='256' level='3' stamp='0.063' comment='tiered' hot_count='256'/>
<task_queued compile_id='192' method='java.util.zip.Inflater$InflaterZStreamRef address ()J' bytes='5' count='128' iicount='128' level='1' stamp='0.063' comment='tiered' hot_count='128'/>
<writer thread='40261'/>
<nmethod compile_id='190' compiler='c1' level='3' entry='0x0000743109431e80' size='3720' address='0x0000743109431c10' relocation_offset='352' insts_offset='624' stub_offset='2704' scopes_data_offset='2944' scopes_pcs_offset='3312' dependencies_offset='3696' nul_chk_table_offset='3704' oops_offset='2880' metadata_offset='2888' method='java.util.Arrays copyOfRange ([BII)[B' bytes='64' count='521' iicount='521' stamp='0.063'/>
     63  191       3       java.util.Objects::requireNonNull (15 bytes)
<nmethod compile_id='191' compiler='c1' level='3' entry='0x0000743109432cc0' size='1072' address='0x0000743109432b10' relocation_offset='352' insts_offset='432' stub_offset='848' scopes_data_offset='920' scopes_pcs_offset='968' dependencies_offset='1064' metadata_offset='912' method='java.util.Objects requireNonNull (Ljava/lang/Object;Ljava/lang/String;)Ljava/lang/Object;' bytes='15' count='270' iicount='270' stamp='0.064'/>
<writer thread='40243'/>
<nmethod compile_id='193' compile_kind='c2n' compiler='' level='0' entry='0x0000743110ed9da0' size='896' address='0x0000743110ed9c10' relocation_offset='352' consts_offset='896' insts_offset='400' method='java.io.RandomAccessFile readBytes ([BII)I' bytes='0' count='128' iicount='128' stamp='0.064'/>
     63  193     n 0       java.io.RandomAccessFile::readBytes (native)   
<writer thread='40261'/>
     63  192       1       java.util.zip.Inflater$InflaterZStreamRef::address (5 bytes)
<writer thread='40243'/>
<task_queued compile_id='194' method='java.nio.Buffer limit ()I' bytes='5' count='128' iicount='128' level='1' stamp='0.064' comment='tiered' hot_count='128'/>
<writer thread='40261'/>
<nmethod compile_id='192' compiler='c1' level='1' entry='0x0000743110eda1a0' size='656' address='0x0000743110eda010' relocation_offset='352' insts_offset='400' stub_offset='560' scopes_data_offset='608' scopes_pcs_offset='616' dependencies_offset='648' method='java.util.zip.Inflater$InflaterZStreamRef address ()J' bytes='5' count='140' iicount='140' stamp='0.064'/>
     63  194       1       java.nio.Buffer::limit (5 bytes)
<nmethod compile_id='194' compiler='c1' level='1' entry='0x0000743110eda4a0' size='656' address='0x0000743110eda310' relocation_offset='352' insts_offset='400' stub_offset='560' scopes_data_offset='608' scopes_pcs_offset='616' dependencies_offset='648' method='java.nio.Buffer limit ()I' bytes='5' count='130' iicount='130' stamp='0.064'/>
<writer thread='40243'/>
<task_queued compile_id='195' method='java.lang.StringLatin1 hashCode ([B)I' bytes='42' count='631' backedge_count='16961' iicount='631' stamp='0.064' comment='tiered' hot_count='631'/>
<writer thread='40260'/>
     64  195       4       java.lang.StringLatin1::hashCode (42 bytes)
<writer thread='40243'/>
<task_queued compile_id='196' method='jdk.internal.util.jar.JarIndex addMapping (Ljava/lang/String;Ljava/lang/String;)V' bytes='21' count='256' iicount='256' level='3' stamp='0.064' comment='tiered' hot_count='256'/>
<writer thread='40261'/>
     64  196       3       jdk.internal.util.jar.JarIndex::addMapping (21 bytes)
<writer thread='40243'/>
<task_queued compile_id='197' method='java.lang.StringLatin1 lastIndexOf ([BII)I' bytes='40' count='101' backedge_count='6144' iicount='101' level='3' stamp='0.064' comment='tiered' hot_count='101'/>
<writer thread='40261'/>
<nmethod compile_id='196' compiler='c1' level='3' entry='0x0000743109433140' size='1016' address='0x0000743109432f90' relocation_offset='352' insts_offset='432' stub_offset='784' scopes_data_offset='880' scopes_pcs_offset='928' dependencies_offset='1008' metadata_offset='864' method='jdk.internal.util.jar.JarIndex addMapping (Ljava/lang/String;Ljava/lang/String;)V' bytes='21' count='257' iicount='257' stamp='0.065'/>
<writer thread='40243'/>
<task_queued compile_id='198' method='java.lang.StringCoding hasNegatives ([BII)Z' bytes='25' count='124' backedge_count='10240' iicount='124' level='3' stamp='0.065' comment='tiered' hot_count='124'/>
<writer thread='40261'/>
     64  198       3       java.lang.StringCoding::hasNegatives (25 bytes)
<nmethod compile_id='198' compiler='c1' level='3' entry='0x00007431094335c0' size='1208' address='0x0000743109433410' relocation_offset='352' insts_offset='432' stub_offset='944' scopes_data_offset='1000' scopes_pcs_offset='1048' dependencies_offset='1176' nul_chk_table_offset='1184' metadata_offset='992' method='java.lang.StringCoding hasNegatives ([BII)Z' bytes='25' count='126' backedge_count='10343' iicount='126' stamp='0.065'/>
     64  197       3       java.lang.StringLatin1::lastIndexOf (40 bytes)
<writer thread='40243'/>
<task_queued compile_id='199' method='java.lang.String checkBoundsOffCount (III)V' bytes='64' count='384' iicount='384' level='3' stamp='0.065' comment='tiered' hot_count='384'/>
<writer thread='40261'/>
<nmethod compile_id='197' compiler='c1' level='3' entry='0x0000743109433ae0' size='1728' address='0x0000743109433910' relocation_offset='352' insts_offset='464' stub_offset='1392' scopes_data_offset='1464' scopes_pcs_offset='1560' dependencies_offset='1704' nul_chk_table_offset='1712' metadata_offset='1440' method='java.lang.StringLatin1 lastIndexOf ([BII)I' bytes='40' count='102' backedge_count='6272' iicount='102' stamp='0.065'/>
<writer thread='40243'/>
<task_queued compile_id='200' method='java.util.HashMap putVal (ILjava/lang/Object;Ljava/lang/Object;ZZ)Ljava/lang/Object;' bytes='300' count='7296' backedge_count='705' iicount='7296' decompiles='1' unstable_if_traps='1' level='3' stamp='0.065' comment='tiered' hot_count='7296'/>
<writer thread='40261'/>
     64  200       3       java.util.HashMap::putVal (300 bytes)
<writer thread='40243'/>
<task_queued compile_id='201' method='java.lang.CharacterDataLatin1 getProperties (I)I' bytes='11' count='256' iicount='256' level='3' stamp='0.065' comment='tiered' hot_count='256'/>
<task_queued compile_id='202' method='java.lang.ref.Reference reachabilityFence (Ljava/lang/Object;)V' bytes='1' count='384' iicount='384' level='3' stamp='0.065' comment='tiered' hot_count='384'/>
<writer thread='40261'/>
<nmethod compile_id='200' compiler='c1' level='3' entry='0x00007431094342c0' size='6384' address='0x0000743109434010' relocation_offset='352' insts_offset='688' stub_offset='5040' scopes_data_offset='5256' scopes_pcs_offset='5792' dependencies_offset='6272' nul_chk_table_offset='6280' metadata_offset='5248' method='java.util.HashMap putVal (ILjava/lang/Object;Ljava/lang/Object;ZZ)Ljava/lang/Object;' bytes='300' count='7311' backedge_count='708' iicount='7311' decompiles='1' unstable_if_traps='1' stamp='0.065'/>
     65  199       3       java.lang.String::checkBoundsOffCount (64 bytes)
<writer thread='40243'/>
<task_queued compile_id='203' method='java.lang.Math max (II)I' bytes='11' count='5632' iicount='5632' stamp='0.066' comment='tiered' hot_count='5632'/>
<writer thread='40260'/>
<nmethod compile_id='195' compiler='c2' level='4' entry='0x0000743110eda7a0' size='960' address='0x0000743110eda610' relocation_offset='352' insts_offset='400' stub_offset='752' scopes_data_offset='784' scopes_pcs_offset='856' dependencies_offset='936' nul_chk_table_offset='944' metadata_offset='776' method='java.lang.StringLatin1 hashCode ([B)I' bytes='42' count='678' backedge_count='18701' iicount='678' stamp='0.066'/>
<make_not_entrant thread='40260' compile_id='114' compiler='c1' level='3' stamp='0.066'/>
     65  114       3       java.lang.StringLatin1::hashCode (42 bytes)   made not entrant
     65  203       4       java.lang.Math::max (11 bytes)
<writer thread='40261'/>
<nmethod compile_id='199' compiler='c1' level='3' entry='0x0000743109435ba0' size='3728' address='0x0000743109435910' relocation_offset='352' insts_offset='656' stub_offset='2672' scopes_data_offset='2952' scopes_pcs_offset='3304' dependencies_offset='3720' oops_offset='2880' metadata_offset='2904' method='java.lang.String checkBoundsOffCount (III)V' bytes='64' count='426' iicount='426' stamp='0.066'/>
<writer thread='40243'/>
<task_queued compile_id='204' method='java.util.ImmutableCollections$MapN get (Ljava/lang/Object;)Ljava/lang/Object;' bytes='35' count='384' iicount='384' level='3' stamp='0.066' comment='tiered' hot_count='384'/>
<writer thread='40261'/>
     65  202       3       java.lang.ref.Reference::reachabilityFence (1 bytes)
<nmethod compile_id='202' compiler='c1' level='3' entry='0x00007431094369a0' size='720' address='0x0000743109436810' relocation_offset='352' insts_offset='400' stub_offset='592' scopes_data_offset='648' scopes_pcs_offset='664' dependencies_offset='712' metadata_offset='640' method='java.lang.ref.Reference reachabilityFence (Ljava/lang/Object;)V' bytes='1' count='396' iicount='396' stamp='0.066'/>
<writer thread='40260'/>
<nmethod compile_id='203' compiler='c2' level='4' entry='0x0000743110edab80' size='504' address='0x0000743110edaa10' relocation_offset='352' insts_offset='368' stub_offset='432' scopes_data_offset='456' scopes_pcs_offset='464' dependencies_offset='496' method='java.lang.Math max (II)I' bytes='11' count='6073' iicount='6073' stamp='0.066'/>
<make_not_entrant thread='40260' compile_id='170' compiler='c1' level='3' stamp='0.066'/>
     65  170       3       java.lang.Math::max (11 bytes)   made not entrant
<writer thread='40261'/>
     65  204       3       java.util.ImmutableCollections$MapN::get (35 bytes)
<writer thread='40243'/>
<task_queued compile_id='205' method='java.lang.ref.Reference &lt;init&gt; (Ljava/lang/Object;Ljava/lang/ref/ReferenceQueue;)V' bytes='25' count='256' iicount='256' level='3' stamp='0.066' comment='tiered' hot_count='256'/>
<writer thread='40261'/>
<nmethod compile_id='204' compiler='c1' level='3' entry='0x0000743109436d00' size='1688' address='0x0000743109436b10' relocation_offset='352' insts_offset='496' stub_offset='1328' scopes_data_offset='1424' scopes_pcs_offset='1504' dependencies_offset='1664' nul_chk_table_offset='1672' metadata_offset='1408' method='java.util.ImmutableCollections$MapN get (Ljava/lang/Object;)Ljava/lang/Object;' bytes='35' count='396' iicount='396' stamp='0.066'/>
     66  201       3       java.lang.CharacterDataLatin1::getProperties (11 bytes)
<nmethod compile_id='201' compiler='c1' level='3' entry='0x00007431094373a0' size='848' address='0x0000743109437210' relocation_offset='352' insts_offset='400' stub_offset='656' scopes_data_offset='712' scopes_pcs_offset='744' dependencies_offset='824' nul_chk_table_offset='832' metadata_offset='704' method='java.lang.CharacterDataLatin1 getProperties (I)I' bytes='11' count='269' iicount='269' stamp='0.066'/>
     66  205       3       java.lang.ref.Reference::&lt;init&gt; (25 bytes)
<nmethod compile_id='205' compiler='c1' level='3' entry='0x0000743109437740' size='1216' address='0x0000743109437590' relocation_offset='352' insts_offset='432' stub_offset='1040' scopes_data_offset='1112' scopes_pcs_offset='1144' dependencies_offset='1208' metadata_offset='1088' method='java.lang.ref.Reference &lt;init&gt; (Ljava/lang/Object;Ljava/lang/ref/ReferenceQueue;)V' bytes='25' count='261' iicount='261' stamp='0.066'/>
<writer thread='40243'/>
<nmethod compile_id='206' compile_kind='c2n' compiler='' level='0' entry='0x0000743110edaea0' size='840' address='0x0000743110edad10' relocation_offset='352' consts_offset='840' insts_offset='400' method='java.io.RandomAccessFile seek0 (J)V' bytes='0' count='128' iicount='128' stamp='0.067'/>
     66  206     n 0       java.io.RandomAccessFile::seek0 (native)   
<task_queued compile_id='207' method='java.util.Arrays copyOf ([BI)[B' bytes='19' count='245' iicount='245' level='3' stamp='0.067' comment='tiered' hot_count='245'/>
<writer thread='40261'/>
     66  207       3       java.util.Arrays::copyOf (19 bytes)
<nmethod compile_id='207' compiler='c1' level='3' entry='0x0000743109437c40' size='1408' address='0x0000743109437a90' relocation_offset='352' insts_offset='432' stub_offset='1104' scopes_data_offset='1184' scopes_pcs_offset='1272' dependencies_offset='1384' nul_chk_table_offset='1392' metadata_offset='1168' method='java.util.Arrays copyOf ([BI)[B' bytes='19' count='249' iicount='249' stamp='0.067'/>
<writer thread='40243'/>
<task_queued compile_id='208' method='java.io.BufferedReader readLine ()Ljava/lang/String;' bytes='7' count='384' iicount='384' level='3' stamp='0.067' comment='tiered' hot_count='384'/>
<writer thread='40261'/>
     67  208       3       java.io.BufferedReader::readLine (7 bytes)
<writer thread='40243'/>
<task_queued compile_id='209' method='java.lang.String rangeCheck ([CII)Ljava/lang/Void;' bytes='9' count='384' iicount='384' level='3' stamp='0.067' comment='tiered' hot_count='384'/>
<task_queued compile_id='210' method='java.lang.String &lt;init&gt; ([CIILjava/lang/Void;)V' bytes='74' count='384' iicount='384' level='3' stamp='0.067' comment='tiered' hot_count='384'/>
<task_queued compile_id='211' method='java.lang.String &lt;init&gt; ([CII)V' bytes='14' count='385' iicount='385' level='3' stamp='0.067' comment='tiered' hot_count='385'/>
<writer thread='40261'/>
<nmethod compile_id='208' compiler='c1' level='3' entry='0x0000743109438240' size='896' address='0x0000743109438090' relocation_offset='352' insts_offset='432' stub_offset='720' scopes_data_offset='800' scopes_pcs_offset='824' dependencies_offset='888' metadata_offset='784' method='java.io.BufferedReader readLine ()Ljava/lang/String;' bytes='7' count='403' iicount='403' stamp='0.067'/>
<writer thread='40243'/>
<task_queued compile_id='212' method='java.net.URL getHost ()Ljava/lang/String;' bytes='5' count='128' iicount='128' level='1' stamp='0.067' comment='tiered' hot_count='128'/>
<writer thread='40261'/>
     67  211       3       java.lang.String::&lt;init&gt; (14 bytes)
<nmethod compile_id='211' compiler='c1' level='3' entry='0x0000743109438660' size='1248' address='0x0000743109438490' relocation_offset='352' insts_offset='464' stub_offset='912' scopes_data_offset='1008' scopes_pcs_offset='1112' dependencies_offset='1224' nul_chk_table_offset='1232' metadata_offset='992' method='java.lang.String &lt;init&gt; ([CII)V' bytes='14' count='387' iicount='387' stamp='0.067'/>
     67  209       3       java.lang.String::rangeCheck (9 bytes)
<nmethod compile_id='209' compiler='c1' level='3' entry='0x0000743109438b40' size='872' address='0x0000743109438990' relocation_offset='352' insts_offset='432' stub_offset='656' scopes_data_offset='728' scopes_pcs_offset='768' dependencies_offset='848' nul_chk_table_offset='856' metadata_offset='720' method='java.lang.String rangeCheck ([CII)Ljava/lang/Void;' bytes='9' count='387' iicount='387' stamp='0.067'/>
     67  210       3       java.lang.String::&lt;init&gt; (74 bytes)
<writer thread='40243'/>
<task_queued compile_id='213' method='java.lang.StringLatin1 newString ([BII)Ljava/lang/String;' bytes='24' count='495' iicount='495' level='3' stamp='0.068' comment='tiered' hot_count='495'/>
<writer thread='40261'/>
<nmethod compile_id='210' compiler='c1' level='3' entry='0x0000743109438f00' size='1760' address='0x0000743109438d10' relocation_offset='352' insts_offset='496' stub_offset='1456' scopes_data_offset='1552' scopes_pcs_offset='1656' dependencies_offset='1752' metadata_offset='1536' method='java.lang.String &lt;init&gt; ([CIILjava/lang/Void;)V' bytes='74' count='399' iicount='399' stamp='0.068'/>
     67  213       3       java.lang.StringLatin1::newString (24 bytes)
<nmethod compile_id='213' compiler='c1' level='3' entry='0x00007431094395e0' size='1488' address='0x0000743109439410' relocation_offset='352' insts_offset='464' stub_offset='1200' scopes_data_offset='1288' scopes_pcs_offset='1368' dependencies_offset='1480' metadata_offset='1264' method='java.lang.StringLatin1 newString ([BII)Ljava/lang/String;' bytes='24' count='506' iicount='506' stamp='0.068'/>
     67  212       1       java.net.URL::getHost (5 bytes)
<nmethod compile_id='212' compiler='c1' level='1' entry='0x0000743110edb220' size='656' address='0x0000743110edb090' relocation_offset='352' insts_offset='400' stub_offset='560' scopes_data_offset='608' scopes_pcs_offset='616' dependencies_offset='648' method='java.net.URL getHost ()Ljava/lang/String;' bytes='5' count='140' iicount='140' stamp='0.068'/>
<writer thread='40243'/>
<task_queued compile_id='214' method='java.lang.AbstractStringBuilder isLatin1 ()Z' bytes='19' count='420' iicount='420' level='3' stamp='0.068' comment='tiered' hot_count='420'/>
<writer thread='40261'/>
     68  214       3       java.lang.AbstractStringBuilder::isLatin1 (19 bytes)
<writer thread='40243'/>
<task_queued compile_id='215' method='java.lang.CharacterDataLatin1 toLowerCase (I)I' bytes='39' count='256' iicount='256' level='3' stamp='0.068' comment='tiered' hot_count='256'/>
<writer thread='40261'/>
<nmethod compile_id='214' compiler='c1' level='3' entry='0x0000743109439ba0' size='848' address='0x0000743109439a10' relocation_offset='352' insts_offset='400' stub_offset='720' scopes_data_offset='776' scopes_pcs_offset='792' dependencies_offset='840' metadata_offset='768' method='java.lang.AbstractStringBuilder isLatin1 ()Z' bytes='19' count='425' iicount='425' stamp='0.068'/>
     68  215       3       java.lang.CharacterDataLatin1::toLowerCase (39 bytes)
<nmethod compile_id='215' compiler='c1' level='3' entry='0x0000743109439f40' size='1208' address='0x0000743109439d90' relocation_offset='352' insts_offset='432' stub_offset='944' scopes_data_offset='1016' scopes_pcs_offset='1088' dependencies_offset='1184' nul_chk_table_offset='1192' metadata_offset='992' method='java.lang.CharacterDataLatin1 toLowerCase (I)I' bytes='39' count='256' iicount='256' stamp='0.069'/>
<writer thread='40243'/>
<task_queued compile_id='216' method='java.util.jar.Manifest$FastInputStream readLine ([BII)I' bytes='296' count='107' backedge_count='5120' iicount='107' level='3' stamp='0.069' comment='tiered' hot_count='107'/>
<writer thread='40261'/>
     69  216       3       java.util.jar.Manifest$FastInputStream::readLine (296 bytes)
<writer thread='40243'/>
<task_queued compile_id='217' method='jdk.internal.ref.CleanerImpl getCleanerImpl (Ljava/lang/ref/Cleaner;)Ljdk/internal/ref/CleanerImpl;' bytes='13' count='256' iicount='256' level='3' stamp='0.069' comment='tiered' hot_count='256'/>
<task_queued compile_id='218' method='java.lang.ref.Cleaner$1 apply (Ljava/lang/Object;)Ljava/lang/Object;' bytes='9' count='256' iicount='256' level='3' stamp='0.069' comment='tiered' hot_count='256'/>
<writer thread='40261'/>
<nmethod compile_id='216' compiler='c1' level='3' entry='0x000074310943a4c0' size='3576' address='0x000074310943a290' relocation_offset='352' insts_offset='560' stub_offset='2672' scopes_data_offset='2784' scopes_pcs_offset='3064' dependencies_offset='3480' nul_chk_table_offset='3488' metadata_offset='2768' method='java.util.jar.Manifest$FastInputStream readLine ([BII)I' bytes='296' count='113' backedge_count='5357' iicount='113' stamp='0.069'/>
     69  217       3       jdk.internal.ref.CleanerImpl::getCleanerImpl (13 bytes)
<nmethod compile_id='217' compiler='c1' level='3' entry='0x000074310943b2c0' size='1296' address='0x000074310943b110' relocation_offset='352' insts_offset='432' stub_offset='1072' scopes_data_offset='1144' scopes_pcs_offset='1176' dependencies_offset='1272' nul_chk_table_offset='1280' metadata_offset='1136' method='jdk.internal.ref.CleanerImpl getCleanerImpl (Ljava/lang/ref/Cleaner;)Ljdk/internal/ref/CleanerImpl;' bytes='13' count='265' iicount='265' stamp='0.070'/>
     69  218       3       java.lang.ref.Cleaner$1::apply (9 bytes)
<nmethod compile_id='218' compiler='c1' level='3' entry='0x000074310943b840' size='1248' address='0x000074310943b690' relocation_offset='352' insts_offset='432' stub_offset='1008' scopes_data_offset='1080' scopes_pcs_offset='1128' dependencies_offset='1224' nul_chk_table_offset='1232' metadata_offset='1056' method='java.lang.ref.Cleaner$1 apply (Ljava/lang/Object;)Ljava/lang/Object;' bytes='9' count='265' iicount='265' stamp='0.070'/>
<writer thread='40243'/>
<task_queued compile_id='219' method='java.util.zip.ZipFile$Source zipCoderForPos (I)Ljava/util/zip/ZipCoder;' bytes='39' count='5632' iicount='5632' stamp='0.070' comment='tiered' hot_count='5632'/>
<writer thread='40260'/>
     69  219       4       java.util.zip.ZipFile$Source::zipCoderForPos (39 bytes)
<nmethod compile_id='219' compiler='c2' level='4' entry='0x0000743110edb520' size='720' address='0x0000743110edb390' relocation_offset='352' insts_offset='400' stub_offset='560' scopes_data_offset='600' scopes_pcs_offset='632' dependencies_offset='696' nul_chk_table_offset='704' metadata_offset='584' method='java.util.zip.ZipFile$Source zipCoderForPos (I)Ljava/util/zip/ZipCoder;' bytes='39' count='5655' iicount='5655' stamp='0.070'/>
<make_not_entrant thread='40260' compile_id='161' compiler='c1' level='3' stamp='0.070'/>
     70  161       3       java.util.zip.ZipFile$Source::zipCoderForPos (39 bytes)   made not entrant
<writer thread='40243'/>
<task_queued compile_id='220' method='java.lang.StringUTF16 compress ([CII)[B' bytes='20' count='493' iicount='493' level='3' stamp='0.070' comment='tiered' hot_count='493'/>
<writer thread='40261'/>
     70  220       3       java.lang.StringUTF16::compress (20 bytes)
<nmethod compile_id='220' compiler='c1' level='3' entry='0x000074310943bd40' size='1160' address='0x000074310943bb90' relocation_offset='352' insts_offset='432' stub_offset='944' scopes_data_offset='1016' scopes_pcs_offset='1072' dependencies_offset='1152' metadata_offset='1008' method='java.lang.StringUTF16 compress ([CII)[B' bytes='20' count='496' iicount='496' stamp='0.070'/>
<writer thread='40243'/>
<task_queued compile_id='221' method='java.io.RandomAccessFile read ([BII)I' bytes='8' count='256' iicount='256' level='3' stamp='0.071' comment='tiered' hot_count='256'/>
<writer thread='40261'/>
     70  221       3       java.io.RandomAccessFile::read (8 bytes)
<nmethod compile_id='221' compiler='c1' level='3' entry='0x000074310943c240' size='880' address='0x000074310943c090' relocation_offset='352' insts_offset='432' stub_offset='688' scopes_data_offset='768' scopes_pcs_offset='808' dependencies_offset='872' metadata_offset='752' method='java.io.RandomAccessFile read ([BII)I' bytes='8' count='262' iicount='262' stamp='0.071'/>
<writer thread='40243'/>
<task_queued compile_id='222' method='java.util.zip.ZipFile$Source checkAndAddEntry (II)I' bytes='262' count='5632' iicount='5632' stamp='0.071' comment='tiered' hot_count='5632'/>
<writer thread='40260'/>
     70  222   !   4       java.util.zip.ZipFile$Source::checkAndAddEntry (262 bytes)
<writer thread='40243'/>
<task_queued compile_id='223' method='java.util.zip.ZipUtils get16 ([BI)I' bytes='21' count='256' iicount='256' level='3' stamp='0.071' comment='tiered' hot_count='256'/>
<writer thread='40261'/>
     70  223       3       java.util.zip.ZipUtils::get16 (21 bytes)
<writer thread='40243'/>
<task_queued compile_id='224' method='java.util.zip.ZipFile$Source checkExtraFields (III)V' bytes='161' count='256' backedge_count='255' iicount='256' level='3' stamp='0.071' comment='tiered' hot_count='256'/>
<writer thread='40261'/>
<nmethod compile_id='223' compiler='c1' level='3' entry='0x000074310943c5a0' size='888' address='0x000074310943c410' relocation_offset='352' insts_offset='400' stub_offset='656' scopes_data_offset='712' scopes_pcs_offset='744' dependencies_offset='856' nul_chk_table_offset='864' metadata_offset='704' method='java.util.zip.ZipUtils get16 ([BI)I' bytes='21' count='786' iicount='786' stamp='0.071'/>
     70  224       3       java.util.zip.ZipFile$Source::checkExtraFields (161 bytes)
<writer thread='40243'/>
<task_queued compile_id='225' method='java.util.zip.ZipUtils get16 ([BI)I' bytes='21' count='1418' iicount='1418' stamp='0.071' comment='tiered' hot_count='1418'/>
<task_queued compile_id='226' method='java.util.LinkedHashMap removeEldestEntry (Ljava/util/Map$Entry;)Z' bytes='2' count='128' iicount='128' level='1' stamp='0.071' comment='tiered' hot_count='128'/>
<task_queued compile_id='227' method='java.util.jar.Manifest$FastInputStream readLine ([B)I' bytes='9' count='256' iicount='256' level='3' stamp='0.072' comment='tiered' hot_count='256'/>
<writer thread='40261'/>
<nmethod compile_id='224' compiler='c1' level='3' entry='0x000074310943cb60' size='8936' address='0x000074310943c810' relocation_offset='352' insts_offset='848' stub_offset='6320' scopes_data_offset='6608' scopes_pcs_offset='7808' dependencies_offset='8864' nul_chk_table_offset='8872' oops_offset='6480' metadata_offset='6504' method='java.util.zip.ZipFile$Source checkExtraFields (III)V' bytes='161' count='939' backedge_count='939' iicount='939' stamp='0.072'/>
     72  227       3       java.util.jar.Manifest$FastInputStream::readLine (9 bytes)
<nmethod compile_id='227' compiler='c1' level='3' entry='0x000074310943ecc0' size='936' address='0x000074310943eb10' relocation_offset='352' insts_offset='432' stub_offset='720' scopes_data_offset='800' scopes_pcs_offset='832' dependencies_offset='912' nul_chk_table_offset='920' metadata_offset='784' method='java.util.jar.Manifest$FastInputStream readLine ([B)I' bytes='9' count='293' iicount='293' stamp='0.073'/>
     72  226       1       java.util.LinkedHashMap::removeEldestEntry (2 bytes)
<writer thread='40243'/>
<task_queued compile_id='228' method='java.lang.Integer intValue ()I' bytes='5' count='128' iicount='128' level='1' stamp='0.073' comment='tiered' hot_count='128'/>
<writer thread='40261'/>
<nmethod compile_id='226' compiler='c1' level='1' entry='0x0000743110edb820' size='656' address='0x0000743110edb690' relocation_offset='352' insts_offset='400' stub_offset='560' scopes_data_offset='608' scopes_pcs_offset='616' dependencies_offset='648' method='java.util.LinkedHashMap removeEldestEntry (Ljava/util/Map$Entry;)Z' bytes='2' count='149' iicount='149' stamp='0.073'/>
     72  228       1       java.lang.Integer::intValue (5 bytes)
<nmethod compile_id='228' compiler='c1' level='1' entry='0x0000743110edbb20' size='656' address='0x0000743110edb990' relocation_offset='352' insts_offset='400' stub_offset='560' scopes_data_offset='608' scopes_pcs_offset='616' dependencies_offset='648' method='java.lang.Integer intValue ()I' bytes='5' count='128' iicount='128' stamp='0.073'/>
<writer thread='40243'/>
<task_queued compile_id='229' method='java.net.URL getRef ()Ljava/lang/String;' bytes='5' count='128' iicount='128' level='1' stamp='0.073' comment='tiered' hot_count='128'/>
<writer thread='40261'/>
     73  229       1       java.net.URL::getRef (5 bytes)
<nmethod compile_id='229' compiler='c1' level='1' entry='0x0000743110edbe20' size='656' address='0x0000743110edbc90' relocation_offset='352' insts_offset='400' stub_offset='560' scopes_data_offset='608' scopes_pcs_offset='616' dependencies_offset='648' method='java.net.URL getRef ()Ljava/lang/String;' bytes='5' count='128' iicount='128' stamp='0.073'/>
<writer thread='40243'/>
<task_queued compile_id='230' method='java.util.zip.ZipFile$Source isMetaName ([BII)Z' bytes='141' count='6656' iicount='6656' stamp='0.073' comment='tiered' hot_count='6656'/>
<task_queued compile_id='231' method='java.util.zip.ZipFile$Source nextEntryPos (III)I' bytes='22' count='6656' iicount='6656' stamp='0.073' comment='tiered' hot_count='6656'/>
<nmethod compile_id='232' compile_kind='c2n' compiler='' level='0' entry='0x0000743110edc120' size='944' address='0x0000743110edbf90' relocation_offset='352' consts_offset='944' insts_offset='400' method='java.util.zip.Inflater inflateBytesBytes (J[BII[BII)J' bytes='0' count='128' iicount='128' stamp='0.073'/>
     73  232     n 0       java.util.zip.Inflater::inflateBytesBytes (native)   
<task_queued compile_id='233' method='java.lang.String startsWith (Ljava/lang/String;)Z' bytes='7' count='384' iicount='384' level='3' stamp='0.074' comment='tiered' hot_count='384'/>
<writer thread='40261'/>
     73  233       3       java.lang.String::startsWith (7 bytes)
<nmethod compile_id='233' compiler='c1' level='3' entry='0x000074310943f0c0' size='856' address='0x000074310943ef10' relocation_offset='352' insts_offset='432' stub_offset='688' scopes_data_offset='760' scopes_pcs_offset='784' dependencies_offset='848' metadata_offset='752' method='java.lang.String startsWith (Ljava/lang/String;)Z' bytes='7' count='387' iicount='387' stamp='0.074'/>
<writer thread='40243'/>
<task_queued compile_id='234' method='java.io.RandomAccessFile readFully ([BII)V' bytes='45' count='256' iicount='256' level='3' stamp='0.074' comment='tiered' hot_count='256'/>
<writer thread='40261'/>
     74  234       3       java.io.RandomAccessFile::readFully (45 bytes)
<nmethod compile_id='234' compiler='c1' level='3' entry='0x000074310943f460' size='1696' address='0x000074310943f290' relocation_offset='352' insts_offset='464' stub_offset='1264' scopes_data_offset='1368' scopes_pcs_offset='1528' dependencies_offset='1688' metadata_offset='1344' method='java.io.RandomAccessFile readFully ([BII)V' bytes='45' count='258' iicount='258' stamp='0.075'/>
<writer thread='40243'/>
<task_queued compile_id='235' method='java.io.RandomAccessFile seek (J)V' bytes='22' count='256' iicount='256' level='3' stamp='0.075' comment='tiered' hot_count='256'/>
<writer thread='40261'/>
     75  235       3       java.io.RandomAccessFile::seek (22 bytes)
<nmethod compile_id='235' compiler='c1' level='3' entry='0x000074310943fb60' size='1208' address='0x000074310943f990' relocation_offset='352' insts_offset='464' stub_offset='944' scopes_data_offset='1040' scopes_pcs_offset='1088' dependencies_offset='1200' metadata_offset='1024' method='java.io.RandomAccessFile seek (J)V' bytes='22' count='264' iicount='264' stamp='0.076'/>
<writer thread='40243'/>
<task_queued compile_id='236' method='java.util.Objects checkFromIndexSize (III)I' bytes='8' count='256' iicount='256' level='3' stamp='0.076' comment='tiered' hot_count='256'/>
<task_queued compile_id='237' method='jdk.internal.util.Preconditions checkFromIndexSize (IIILjava/util/function/BiFunction;)I' bytes='25' count='256' iicount='256' level='3' stamp='0.076' comment='tiered' hot_count='256'/>
<writer thread='40261'/>
     75  236       3       java.util.Objects::checkFromIndexSize (8 bytes)
<writer thread='40243'/>
<task_queued compile_id='238' method='jdk.internal.util.ArraysSupport newLength (III)I' bytes='27' count='384' iicount='384' level='3' stamp='0.076' comment='tiered' hot_count='384'/>
<task_queued compile_id='239' method='java.util.zip.ZipUtils LG ([BI)J' bytes='22' count='8650' iicount='8650' stamp='0.076' comment='tiered' hot_count='8650'/>
<writer thread='40261'/>
<nmethod compile_id='236' compiler='c1' level='3' entry='0x0000743109440040' size='1152' address='0x000074310943fe90' relocation_offset='352' insts_offset='432' stub_offset='880' scopes_data_offset='960' scopes_pcs_offset='1032' dependencies_offset='1128' nul_chk_table_offset='1136' metadata_offset='944' method='java.util.Objects checkFromIndexSize (III)I' bytes='8' count='256' iicount='256' stamp='0.076'/>
     76  238       3       jdk.internal.util.ArraysSupport::newLength (27 bytes)
<writer thread='40274'/>
<thread_logfile thread='40274' filename='/tmp/hs_c40274_pid40238.log'/>
     76  225       4       java.util.zip.ZipUtils::get16 (21 bytes)
<writer thread='40261'/>
<nmethod compile_id='238' compiler='c1' level='3' entry='0x0000743109440540' size='1208' address='0x0000743109440390' relocation_offset='352' insts_offset='432' stub_offset='976' scopes_data_offset='1056' scopes_pcs_offset='1120' dependencies_offset='1200' metadata_offset='1040' method='jdk.internal.util.ArraysSupport newLength (III)I' bytes='27' count='388' iicount='388' stamp='0.077'/>
     76  237       3       jdk.internal.util.Preconditions::checkFromIndexSize (25 bytes)
<nmethod compile_id='237' compiler='c1' level='3' entry='0x0000743109440a40' size='1008' address='0x0000743109440890' relocation_offset='352' insts_offset='432' stub_offset='784' scopes_data_offset='856' scopes_pcs_offset='904' dependencies_offset='984' nul_chk_table_offset='992' metadata_offset='848' method='jdk.internal.util.Preconditions checkFromIndexSize (IIILjava/util/function/BiFunction;)I' bytes='25' count='256' iicount='256' stamp='0.077'/>
<writer thread='40243'/>
<task_queued compile_id='240' method='java.util.zip.ZipFile ensureOpen ()V' bytes='40' count='256' iicount='256' level='3' stamp='0.077' comment='tiered' hot_count='256'/>
<task_queued compile_id='241' method='java.lang.String length ()I' bytes='11' count='8704' iicount='8704' stamp='0.077' comment='tiered' hot_count='8704'/>
<task_queued compile_id='242' method='java.lang.AbstractStringBuilder newCapacity (I)I' bytes='59' count='370' iicount='370' level='3' stamp='0.077' comment='tiered' hot_count='370'/>
<writer thread='40261'/>
     76  240       3       java.util.zip.ZipFile::ensureOpen (40 bytes)
<writer thread='40243'/>
<task_queued compile_id='243' method='java.util.zip.ZipFile$Source getEntryNext (I)I' bytes='9' count='256' iicount='256' level='3' stamp='0.077' comment='tiered' hot_count='256'/>
<writer thread='40261'/>
<nmethod compile_id='240' compiler='c1' level='3' entry='0x0000743109440e60' size='1336' address='0x0000743109440c90' relocation_offset='352' insts_offset='464' stub_offset='1008' scopes_data_offset='1096' scopes_pcs_offset='1152' dependencies_offset='1312' nul_chk_table_offset='1320' metadata_offset='1088' method='java.util.zip.ZipFile ensureOpen ()V' bytes='40' count='297' iicount='297' stamp='0.077'/>
     77  242       3       java.lang.AbstractStringBuilder::newCapacity (59 bytes)
<nmethod compile_id='242' compiler='c1' level='3' entry='0x00007431094413e0' size='1808' address='0x0000743109441210' relocation_offset='352' insts_offset='464' stub_offset='1360' scopes_data_offset='1464' scopes_pcs_offset='1624' dependencies_offset='1784' nul_chk_table_offset='1792' metadata_offset='1440' method='java.lang.AbstractStringBuilder newCapacity (I)I' bytes='59' count='383' iicount='383' stamp='0.077'/>
     77  243       3       java.util.zip.ZipFile$Source::getEntryNext (9 bytes)
<nmethod compile_id='243' compiler='c1' level='3' entry='0x0000743109441b20' size='864' address='0x0000743109441990' relocation_offset='352' insts_offset='400' stub_offset='656' scopes_data_offset='712' scopes_pcs_offset='736' dependencies_offset='832' nul_chk_table_offset='840' metadata_offset='704' method='java.util.zip.ZipFile$Source getEntryNext (I)I' bytes='9' count='284' iicount='284' stamp='0.077'/>
<writer thread='40243'/>
<task_queued compile_id='244' method='java.util.ArrayList size ()I' bytes='5' count='128' iicount='128' level='1' stamp='0.078' comment='tiered' hot_count='128'/>
<writer thread='40261'/>
     77  244       1       java.util.ArrayList::size (5 bytes)
<writer thread='40243'/>
<task_queued compile_id='245' method='java.lang.String substring (II)Ljava/lang/String;' bytes='58' count='384' iicount='384' level='3' stamp='0.078' comment='tiered' hot_count='384'/>
<task_queued compile_id='246' method='java.lang.String checkBoundsBeginEnd (III)V' bytes='63' count='384' iicount='384' level='3' stamp='0.078' comment='tiered' hot_count='384'/>
<task_queued compile_id='247' method='java.util.zip.ZipFile$Source getEntryHash (I)I' bytes='7' count='384' iicount='384' level='3' stamp='0.078' comment='tiered' hot_count='384'/>
<writer thread='40261'/>
<nmethod compile_id='244' compiler='c1' level='1' entry='0x0000743110edc520' size='656' address='0x0000743110edc390' relocation_offset='352' insts_offset='400' stub_offset='560' scopes_data_offset='608' scopes_pcs_offset='616' dependencies_offset='648' method='java.util.ArrayList size ()I' bytes='5' count='140' iicount='140' stamp='0.078'/>
     77  247       3       java.util.zip.ZipFile$Source::getEntryHash (7 bytes)
<writer thread='40243'/>
<task_queued compile_id='248' method='java.util.HashSet &lt;init&gt; ()V' bytes='16' count='512' iicount='512' level='3' stamp='0.078' comment='tiered' hot_count='512'/>
<writer thread='40261'/>
<nmethod compile_id='247' compiler='c1' level='3' entry='0x0000743109441ea0' size='864' address='0x0000743109441d10' relocation_offset='352' insts_offset='400' stub_offset='656' scopes_data_offset='712' scopes_pcs_offset='736' dependencies_offset='832' nul_chk_table_offset='840' metadata_offset='704' method='java.util.zip.ZipFile$Source getEntryHash (I)I' bytes='7' count='430' iicount='430' stamp='0.078'/>
     77  248       3       java.util.HashSet::&lt;init&gt; (16 bytes)
<writer thread='40274'/>
<nmethod compile_id='225' compiler='c2' level='4' entry='0x0000743110edc820' size='744' address='0x0000743110edc690' relocation_offset='352' insts_offset='400' stub_offset='560' scopes_data_offset='592' scopes_pcs_offset='640' dependencies_offset='720' nul_chk_table_offset='728' metadata_offset='584' method='java.util.zip.ZipUtils get16 ([BI)I' bytes='21' count='1890' iicount='1890' stamp='0.078'/>
<make_not_entrant thread='40274' compile_id='223' compiler='c1' level='3' stamp='0.078'/>
     77  223       3       java.util.zip.ZipUtils::get16 (21 bytes)   made not entrant
     78  241       4       java.lang.String::length (11 bytes)
<writer thread='40261'/>
<nmethod compile_id='248' compiler='c1' level='3' entry='0x0000743109442260' size='1832' address='0x0000743109442090' relocation_offset='352' insts_offset='464' stub_offset='1456' scopes_data_offset='1560' scopes_pcs_offset='1664' dependencies_offset='1824' metadata_offset='1504' method='java.util.HashSet &lt;init&gt; ()V' bytes='16' count='513' iicount='513' stamp='0.078'/>
     78  245       3       java.lang.String::substring (58 bytes)
<writer thread='40274'/>
<nmethod compile_id='241' compiler='c2' level='4' entry='0x0000743110edcb20' size='648' address='0x0000743110edc990' relocation_offset='352' insts_offset='400' stub_offset='528' scopes_data_offset='560' scopes_pcs_offset='576' dependencies_offset='624' nul_chk_table_offset='632' metadata_offset='552' method='java.lang.String length ()I' bytes='11' count='9185' iicount='9185' stamp='0.078'/>
<make_not_entrant thread='40274' compile_id='6' compiler='c1' level='3' stamp='0.078'/>
     78    6       3       java.lang.String::length (11 bytes)   made not entrant
<writer thread='40261'/>
<nmethod compile_id='245' compiler='c1' level='3' entry='0x0000743109442a00' size='2032' address='0x0000743109442810' relocation_offset='352' insts_offset='496' stub_offset='1584' scopes_data_offset='1712' scopes_pcs_offset='1848' dependencies_offset='2008' nul_chk_table_offset='2016' metadata_offset='1680' method='java.lang.String substring (II)Ljava/lang/String;' bytes='58' count='407' iicount='407' stamp='0.078'/>
<writer thread='40274'/>
     78  239       4       java.util.zip.ZipUtils::LG (22 bytes)
<writer thread='40261'/>
     78  246       3       java.lang.String::checkBoundsBeginEnd (63 bytes)
<nmethod compile_id='246' compiler='c1' level='3' entry='0x00007431094432a0' size='3728' address='0x0000743109443010' relocation_offset='352' insts_offset='656' stub_offset='2672' scopes_data_offset='2952' scopes_pcs_offset='3304' dependencies_offset='3720' oops_offset='2880' metadata_offset='2904' method='java.lang.String checkBoundsBeginEnd (III)V' bytes='63' count='415' iicount='415' stamp='0.079'/>
<writer thread='40274'/>
<nmethod compile_id='239' compiler='c2' level='4' entry='0x0000743110edce20' size='840' address='0x0000743110edcc90' relocation_offset='352' insts_offset='400' stub_offset='624' scopes_data_offset='664' scopes_pcs_offset='736' dependencies_offset='816' nul_chk_table_offset='824' metadata_offset='648' method='java.util.zip.ZipUtils LG ([BI)J' bytes='22' count='8672' iicount='8672' stamp='0.079'/>
<make_not_entrant thread='40274' compile_id='155' compiler='c1' level='3' stamp='0.079'/>
     79  155       3       java.util.zip.ZipUtils::LG (22 bytes)   made not entrant
<writer thread='40243'/>
<task_queued compile_id='249' method='java.lang.String lastIndexOf (II)I' bytes='29' count='256' iicount='256' level='3' stamp='0.079' comment='tiered' hot_count='256'/>
<writer thread='40274'/>
     79  230       4       java.util.zip.ZipFile$Source::isMetaName (141 bytes)
<writer thread='40275'/>
<task_queued compile_id='250' method='java.lang.String lastIndexOf (I)I' bytes='12' count='256' iicount='256' level='3' stamp='0.079' comment='tiered' hot_count='256'/>
<writer thread='40243'/>
<task_queued compile_id='251' method='com.motadata.nms.practice.TestPrime$PrimeGenerator getSum (I)J' bytes='25' count='143' backedge_count='10240' iicount='143' level='3' stamp='0.080' comment='tiered' hot_count='143'/>
<writer thread='40275'/>
<task_queued compile_id='252' method='java.lang.invoke.MemberName isInvocable ()Z' bytes='8' count='384' iicount='384' level='3' stamp='0.080' comment='tiered' hot_count='384'/>
<task_queued compile_id='253' method='java.lang.invoke.MemberName testAnyFlags (I)Z' bytes='15' count='384' iicount='384' level='3' stamp='0.080' comment='tiered' hot_count='384'/>
<nmethod compile_id='254' compile_kind='c2n' compiler='' level='0' entry='0x0000743110edd1c0' size='1032' address='0x0000743110edd010' relocation_offset='352' consts_offset='1032' insts_offset='432' method='jdk.internal.reflect.Reflection getCallerClass ()Ljava/lang/Class;' bytes='0' count='128' iicount='128' stamp='0.080'/>
     79  254     n 0       jdk.internal.reflect.Reflection::getCallerClass (native)   (static)
<nmethod compile_id='255' compile_kind='c2n' compiler='' level='0' entry='0x0000743110edd600' size='400' address='0x0000743110edd490' relocation_offset='352' consts_offset='400' insts_offset='368' method='java.lang.invoke.MethodHandle linkToStatic (Ljava/lang/invoke/MemberName;)Ljava/lang/Object;' bytes='0' count='0' iicount='0' stamp='0.081'/>
     80  255     n 0       java.lang.invoke.MethodHandle::linkToStatic(L)L (native)   (static)
<writer thread='40274'/>
<nmethod compile_id='230' compiler='c2' level='4' entry='0x0000743110edd920' size='1328' address='0x0000743110edd790' relocation_offset='352' insts_offset='400' stub_offset='912' scopes_data_offset='944' scopes_pcs_offset='1112' dependencies_offset='1304' nul_chk_table_offset='1312' metadata_offset='936' method='java.util.zip.ZipFile$Source isMetaName ([BII)Z' bytes='141' count='7934' iicount='7934' stamp='0.081'/>
<make_not_entrant thread='40274' compile_id='162' compiler='c1' level='3' stamp='0.081'/>
     80  162       3       java.util.zip.ZipFile$Source::isMetaName (141 bytes)   made not entrant
     81  231       4       java.util.zip.ZipFile$Source::nextEntryPos (22 bytes)
<writer thread='40261'/>
     81  251       3       com.motadata.nms.practice.TestPrime$PrimeGenerator::getSum (25 bytes)
<nmethod compile_id='251' compiler='c1' level='3' entry='0x00007431094440c0' size='1008' address='0x0000743109443f10' relocation_offset='352' insts_offset='432' stub_offset='816' scopes_data_offset='880' scopes_pcs_offset='920' dependencies_offset='1000' oops_offset='864' metadata_offset='872' method='com.motadata.nms.practice.TestPrime$PrimeGenerator getSum (I)J' bytes='25' count='514' backedge_count='132093' iicount='514' stamp='0.081'/>
<writer thread='40243'/>
<task_queued compile_id='256' compile_kind='osr' method='com.motadata.nms.practice.TestPrime$PrimeGenerator getSum (I)J' bytes='25' count='520' backedge_count='135168' iicount='520' osr_bci='5' stamp='0.081' comment='tiered' hot_count='135168'/>
<writer thread='40261'/>
     81  250       3       java.lang.String::lastIndexOf (12 bytes)
<nmethod compile_id='250' compiler='c1' level='3' entry='0x0000743109444500' size='1840' address='0x0000743109444310' relocation_offset='352' insts_offset='496' stub_offset='1424' scopes_data_offset='1544' scopes_pcs_offset='1656' dependencies_offset='1816' nul_chk_table_offset='1824' metadata_offset='1504' method='java.lang.String lastIndexOf (I)I' bytes='12' count='266' iicount='266' stamp='0.082'/>
     81  252       3       java.lang.invoke.MemberName::isInvocable (8 bytes)
<nmethod compile_id='252' compiler='c1' level='3' entry='0x0000743109444c40' size='1232' address='0x0000743109444a90' relocation_offset='352' insts_offset='432' stub_offset='1008' scopes_data_offset='1080' scopes_pcs_offset='1144' dependencies_offset='1224' metadata_offset='1056' method='java.lang.invoke.MemberName isInvocable ()Z' bytes='8' count='449' iicount='449' stamp='0.082'/>
     82  253       3       java.lang.invoke.MemberName::testAnyFlags (15 bytes)
<writer thread='40274'/>
<nmethod compile_id='231' compiler='c2' level='4' entry='0x0000743110eddea0' size='1008' address='0x0000743110eddd10' relocation_offset='352' insts_offset='400' stub_offset='688' scopes_data_offset='744' scopes_pcs_offset='888' dependencies_offset='984' nul_chk_table_offset='992' metadata_offset='712' method='java.util.zip.ZipFile$Source nextEntryPos (III)I' bytes='22' count='7934' iicount='7934' stamp='0.082'/>
<make_not_entrant thread='40274' compile_id='163' compiler='c1' level='3' stamp='0.082'/>
     82  163       3       java.util.zip.ZipFile$Source::nextEntryPos (22 bytes)   made not entrant
     82  256 %     4       com.motadata.nms.practice.TestPrime$PrimeGenerator::getSum @ 5 (25 bytes)
<nmethod compile_id='256' compile_kind='osr' compiler='c2' level='4' entry='0x0000743110ede2a0' size='680' address='0x0000743110ede110' relocation_offset='352' insts_offset='400' stub_offset='560' scopes_data_offset='600' scopes_pcs_offset='624' dependencies_offset='672' oops_offset='584' metadata_offset='592' method='com.motadata.nms.practice.TestPrime$PrimeGenerator getSum (I)J' bytes='25' count='1289' backedge_count='831006' iicount='1289' stamp='0.083'/>
<writer thread='40243'/>
<task_queued compile_id='257' method='com.motadata.nms.practice.TestPrime$PrimeGenerator getSum (I)J' bytes='25' count='1296' backedge_count='839680' iicount='1296' stamp='0.083' comment='tiered' hot_count='1296'/>
<deoptimized thread='40243' reason='constraint' pc='0x00007431094441f6' compile_id='251' compiler='c1' level='3'>
<jvms bci='20' method='com.motadata.nms.practice.TestPrime$PrimeGenerator getSum (I)J' bytes='25' count='1296' backedge_count='839680' iicount='1296'/>
</deoptimized>
<writer thread='40261'/>
<nmethod compile_id='253' compiler='c1' level='3' entry='0x0000743109445140' size='1088' address='0x0000743109444f90' relocation_offset='352' insts_offset='432' stub_offset='912' scopes_data_offset='976' scopes_pcs_offset='1016' dependencies_offset='1080' metadata_offset='960' method='java.lang.invoke.MemberName testAnyFlags (I)Z' bytes='15' count='449' iicount='449' stamp='0.083'/>
     83  249       3       java.lang.String::lastIndexOf (29 bytes)
<writer thread='40243'/>
<deoptimized thread='40243' reason='constraint' pc='0x00007431094441f6' compile_id='251' compiler='c1' level='3'>
<jvms bci='20' method='com.motadata.nms.practice.TestPrime$PrimeGenerator getSum (I)J' bytes='25' count='1302' backedge_count='847872' iicount='1302'/>
</deoptimized>
<deoptimized thread='40243' reason='constraint' pc='0x00007431094441f6' compile_id='251' compiler='c1' level='3'>
<jvms bci='20' method='com.motadata.nms.practice.TestPrime$PrimeGenerator getSum (I)J' bytes='25' count='1308' backedge_count='856064' iicount='1308'/>
</deoptimized>
<deoptimized thread='40243' reason='constraint' pc='0x00007431094441f6' compile_id='251' compiler='c1' level='3'>
<jvms bci='20' method='com.motadata.nms.practice.TestPrime$PrimeGenerator getSum (I)J' bytes='25' count='1315' backedge_count='864256' iicount='1315'/>
</deoptimized>
<deoptimized thread='40243' reason='constraint' pc='0x00007431094441f6' compile_id='251' compiler='c1' level='3'>
<jvms bci='20' method='com.motadata.nms.practice.TestPrime$PrimeGenerator getSum (I)J' bytes='25' count='1321' backedge_count='872448' iicount='1321'/>
</deoptimized>
<deoptimized thread='40243' reason='constraint' pc='0x00007431094441f6' compile_id='251' compiler='c1' level='3'>
<jvms bci='20' method='com.motadata.nms.practice.TestPrime$PrimeGenerator getSum (I)J' bytes='25' count='1327' backedge_count='880640' iicount='1327'/>
</deoptimized>
<deoptimized thread='40243' reason='constraint' pc='0x00007431094441f6' compile_id='251' compiler='c1' level='3'>
<jvms bci='20' method='com.motadata.nms.practice.TestPrime$PrimeGenerator getSum (I)J' bytes='25' count='1333' backedge_count='888832' iicount='1333'/>
</deoptimized>
<writer thread='40261'/>
<nmethod compile_id='249' compiler='c1' level='3' entry='0x00007431094455e0' size='1296' address='0x0000743109445410' relocation_offset='352' insts_offset='464' stub_offset='1040' scopes_data_offset='1136' scopes_pcs_offset='1192' dependencies_offset='1288' metadata_offset='1120' method='java.lang.String lastIndexOf (II)I' bytes='29' count='271' iicount='271' stamp='0.084'/>
<writer thread='40243'/>
<deoptimized thread='40243' reason='constraint' pc='0x00007431094441f6' compile_id='251' compiler='c1' level='3'>
<jvms bci='20' method='com.motadata.nms.practice.TestPrime$PrimeGenerator getSum (I)J' bytes='25' count='1339' backedge_count='897024' iicount='1339'/>
</deoptimized>
<writer thread='40274'/>
     83  257       4       com.motadata.nms.practice.TestPrime$PrimeGenerator::getSum (25 bytes)
<writer thread='40243'/>
<deoptimized thread='40243' reason='constraint' pc='0x00007431094441f6' compile_id='251' compiler='c1' level='3'>
<jvms bci='20' method='com.motadata.nms.practice.TestPrime$PrimeGenerator getSum (I)J' bytes='25' count='1346' backedge_count='905216' iicount='1346'/>
</deoptimized>
<deoptimized thread='40243' reason='constraint' pc='0x00007431094441f6' compile_id='251' compiler='c1' level='3'>
<jvms bci='20' method='com.motadata.nms.practice.TestPrime$PrimeGenerator getSum (I)J' bytes='25' count='1352' backedge_count='913408' iicount='1352'/>
</deoptimized>
<deoptimized thread='40243' reason='constraint' pc='0x00007431094441f6' compile_id='251' compiler='c1' level='3'>
<jvms bci='20' method='com.motadata.nms.practice.TestPrime$PrimeGenerator getSum (I)J' bytes='25' count='1358' backedge_count='921600' iicount='1358'/>
</deoptimized>
<deoptimized thread='40243' reason='constraint' pc='0x00007431094441f6' compile_id='251' compiler='c1' level='3'>
<jvms bci='20' method='com.motadata.nms.practice.TestPrime$PrimeGenerator getSum (I)J' bytes='25' count='1364' backedge_count='929792' iicount='1364'/>
</deoptimized>
<deoptimized thread='40243' reason='constraint' pc='0x00007431094441f6' compile_id='251' compiler='c1' level='3'>
<jvms bci='20' method='com.motadata.nms.practice.TestPrime$PrimeGenerator getSum (I)J' bytes='25' count='1370' backedge_count='937984' iicount='1370'/>
</deoptimized>
<deoptimized thread='40243' reason='constraint' pc='0x00007431094441f6' compile_id='251' compiler='c1' level='3'>
<jvms bci='20' method='com.motadata.nms.practice.TestPrime$PrimeGenerator getSum (I)J' bytes='25' count='1376' backedge_count='946176' iicount='1376'/>
</deoptimized>
<deoptimized thread='40243' reason='constraint' pc='0x00007431094441f6' compile_id='251' compiler='c1' level='3'>
<jvms bci='20' method='com.motadata.nms.practice.TestPrime$PrimeGenerator getSum (I)J' bytes='25' count='1382' backedge_count='954368' iicount='1382'/>
</deoptimized>
<deoptimized thread='40243' reason='constraint' pc='0x00007431094441f6' compile_id='251' compiler='c1' level='3'>
<jvms bci='20' method='com.motadata.nms.practice.TestPrime$PrimeGenerator getSum (I)J' bytes='25' count='1388' backedge_count='962560' iicount='1388'/>
</deoptimized>
<deoptimized thread='40243' reason='constraint' pc='0x00007431094441f6' compile_id='251' compiler='c1' level='3'>
<jvms bci='20' method='com.motadata.nms.practice.TestPrime$PrimeGenerator getSum (I)J' bytes='25' count='1394' backedge_count='970752' iicount='1394'/>
</deoptimized>
<deoptimized thread='40243' reason='constraint' pc='0x00007431094441f6' compile_id='251' compiler='c1' level='3'>
<jvms bci='20' method='com.motadata.nms.practice.TestPrime$PrimeGenerator getSum (I)J' bytes='25' count='1400' backedge_count='978944' iicount='1400'/>
</deoptimized>
<deoptimized thread='40243' reason='constraint' pc='0x00007431094441f6' compile_id='251' compiler='c1' level='3'>
<jvms bci='20' method='com.motadata.nms.practice.TestPrime$PrimeGenerator getSum (I)J' bytes='25' count='1406' backedge_count='987136' iicount='1406'/>
</deoptimized>
<deoptimized thread='40243' reason='constraint' pc='0x00007431094441f6' compile_id='251' compiler='c1' level='3'>
<jvms bci='20' method='com.motadata.nms.practice.TestPrime$PrimeGenerator getSum (I)J' bytes='25' count='1412' backedge_count='995328' iicount='1412'/>
</deoptimized>
<deoptimized thread='40243' reason='constraint' pc='0x00007431094441f6' compile_id='251' compiler='c1' level='3'>
<jvms bci='20' method='com.motadata.nms.practice.TestPrime$PrimeGenerator getSum (I)J' bytes='25' count='1418' backedge_count='1003520' iicount='1418'/>
</deoptimized>
<deoptimized thread='40243' reason='constraint' pc='0x00007431094441f6' compile_id='251' compiler='c1' level='3'>
<jvms bci='20' method='com.motadata.nms.practice.TestPrime$PrimeGenerator getSum (I)J' bytes='25' count='1424' backedge_count='1011712' iicount='1424'/>
</deoptimized>
<deoptimized thread='40243' reason='constraint' pc='0x00007431094441f6' compile_id='251' compiler='c1' level='3'>
<jvms bci='20' method='com.motadata.nms.practice.TestPrime$PrimeGenerator getSum (I)J' bytes='25' count='1430' backedge_count='1019904' iicount='1430'/>
</deoptimized>
<deoptimized thread='40243' reason='constraint' pc='0x00007431094441f6' compile_id='251' compiler='c1' level='3'>
<jvms bci='20' method='com.motadata.nms.practice.TestPrime$PrimeGenerator getSum (I)J' bytes='25' count='1436' backedge_count='1028096' iicount='1436'/>
</deoptimized>
<deoptimized thread='40243' reason='constraint' pc='0x00007431094441f6' compile_id='251' compiler='c1' level='3'>
<jvms bci='20' method='com.motadata.nms.practice.TestPrime$PrimeGenerator getSum (I)J' bytes='25' count='1441' backedge_count='1036288' iicount='1441'/>
</deoptimized>
<deoptimized thread='40243' reason='constraint' pc='0x00007431094441f6' compile_id='251' compiler='c1' level='3'>
<jvms bci='20' method='com.motadata.nms.practice.TestPrime$PrimeGenerator getSum (I)J' bytes='25' count='1447' backedge_count='1044480' iicount='1447'/>
</deoptimized>
<deoptimized thread='40243' reason='constraint' pc='0x00007431094441f6' compile_id='251' compiler='c1' level='3'>
<jvms bci='20' method='com.motadata.nms.practice.TestPrime$PrimeGenerator getSum (I)J' bytes='25' count='1453' backedge_count='1052672' iicount='1453'/>
</deoptimized>
<deoptimized thread='40243' reason='constraint' pc='0x00007431094441f6' compile_id='251' compiler='c1' level='3'>
<jvms bci='20' method='com.motadata.nms.practice.TestPrime$PrimeGenerator getSum (I)J' bytes='25' count='1458' backedge_count='1060864' iicount='1458'/>
</deoptimized>
<deoptimized thread='40243' reason='constraint' pc='0x00007431094441f6' compile_id='251' compiler='c1' level='3'>
<jvms bci='20' method='com.motadata.nms.practice.TestPrime$PrimeGenerator getSum (I)J' bytes='25' count='1464' backedge_count='1069056' iicount='1464'/>
</deoptimized>
<deoptimized thread='40243' reason='constraint' pc='0x00007431094441f6' compile_id='251' compiler='c1' level='3'>
<jvms bci='20' method='com.motadata.nms.practice.TestPrime$PrimeGenerator getSum (I)J' bytes='25' count='1470' backedge_count='1077248' iicount='1470'/>
</deoptimized>
<deoptimized thread='40243' reason='constraint' pc='0x00007431094441f6' compile_id='251' compiler='c1' level='3'>
<jvms bci='20' method='com.motadata.nms.practice.TestPrime$PrimeGenerator getSum (I)J' bytes='25' count='1475' backedge_count='1085440' iicount='1475'/>
</deoptimized>
<deoptimized thread='40243' reason='constraint' pc='0x00007431094441f6' compile_id='251' compiler='c1' level='3'>
<jvms bci='20' method='com.motadata.nms.practice.TestPrime$PrimeGenerator getSum (I)J' bytes='25' count='1481' backedge_count='1093632' iicount='1481'/>
</deoptimized>
<writer thread='40274'/>
<nmethod compile_id='257' compiler='c2' level='4' entry='0x0000743110ede5a0' size='880' address='0x0000743110ede410' relocation_offset='352' insts_offset='400' stub_offset='720' scopes_data_offset='760' scopes_pcs_offset='808' dependencies_offset='872' oops_offset='744' metadata_offset='752' method='com.motadata.nms.practice.TestPrime$PrimeGenerator getSum (I)J' bytes='25' count='1486' backedge_count='1101824' iicount='1486' stamp='0.085'/>
<make_not_entrant thread='40274' compile_id='251' compiler='c1' level='3' stamp='0.085'/>
     84  251       3       com.motadata.nms.practice.TestPrime$PrimeGenerator::getSum (25 bytes)   made not entrant
<writer thread='40243'/>
<deoptimized thread='40243' reason='constraint' pc='0x00007431094441f6' compile_id='251' compiler='c1' level='3'>
<jvms bci='20' method='com.motadata.nms.practice.TestPrime$PrimeGenerator getSum (I)J' bytes='25' count='1486' backedge_count='1101824' iicount='1486'/>
</deoptimized>
<writer thread='40275'/>
<task_queued compile_id='258' method='java.lang.Class getName ()Ljava/lang/String;' bytes='18' count='256' iicount='256' level='3' stamp='0.085' comment='tiered' hot_count='256'/>
<writer thread='40261'/>
     85  258       3       java.lang.Class::getName (18 bytes)
<writer thread='40275'/>
<task_queued compile_id='259' method='java.lang.invoke.MethodType$ConcurrentWeakInternSet expungeStaleElements ()V' bytes='27' count='384' iicount='384' level='3' stamp='0.086' comment='tiered' hot_count='384'/>
<task_queued compile_id='260' method='java.lang.Class getClassLoader ()Ljava/lang/ClassLoader;' bytes='28' count='384' iicount='384' level='3' stamp='0.086' comment='tiered' hot_count='384'/>
<nmethod compile_id='261' compile_kind='c2n' compiler='' level='0' entry='0x0000743110ede900' size='400' address='0x0000743110ede790' relocation_offset='352' consts_offset='400' insts_offset='368' method='java.lang.invoke.MethodHandle linkToStatic (Ljava/lang/Object;Ljava/lang/invoke/MemberName;)V' bytes='0' count='0' iicount='0' stamp='0.086'/>
     85  261     n 0       java.lang.invoke.MethodHandle::linkToStatic(LL)V (native)   (static)
<writer thread='40261'/>
<nmethod compile_id='258' compiler='c1' level='3' entry='0x0000743109445b40' size='920' address='0x0000743109445990' relocation_offset='352' insts_offset='432' stub_offset='752' scopes_data_offset='824' scopes_pcs_offset='848' dependencies_offset='912' metadata_offset='816' method='java.lang.Class getName ()Ljava/lang/String;' bytes='18' count='256' iicount='256' stamp='0.086'/>
<writer thread='40275'/>
<task_queued compile_id='262' method='java.lang.invoke.MethodType ptypes ()[Ljava/lang/Class;' bytes='5' count='128' iicount='128' level='1' stamp='0.086' comment='tiered' hot_count='128'/>
<writer thread='40261'/>
     85  259       3       java.lang.invoke.MethodType$ConcurrentWeakInternSet::expungeStaleElements (27 bytes)
<nmethod compile_id='259' compiler='c1' level='3' entry='0x0000743109445f60' size='2104' address='0x0000743109445d90' relocation_offset='352' insts_offset='464' stub_offset='1616' scopes_data_offset='1720' scopes_pcs_offset='1848' dependencies_offset='2040' handler_table_offset='2048' nul_chk_table_offset='2072' metadata_offset='1696' method='java.lang.invoke.MethodType$ConcurrentWeakInternSet expungeStaleElements ()V' bytes='27' count='391' iicount='391' stamp='0.086'/>
     86  260       3       java.lang.Class::getClassLoader (28 bytes)
<nmethod compile_id='260' compiler='c1' level='3' entry='0x0000743109446860' size='3888' address='0x0000743109446610' relocation_offset='352' insts_offset='592' stub_offset='3056' scopes_data_offset='3200' scopes_pcs_offset='3480' dependencies_offset='3832' nul_chk_table_offset='3840' metadata_offset='3136' method='java.lang.Class getClassLoader ()Ljava/lang/ClassLoader;' bytes='28' count='401' iicount='401' stamp='0.087'/>
     86  262       1       java.lang.invoke.MethodType::ptypes (5 bytes)
<writer thread='40260'/>
<nmethod compile_id='222' compiler='c2' level='4' entry='0x0000743110edecc0' size='7408' address='0x0000743110edea90' relocation_offset='352' insts_offset='560' stub_offset='4272' scopes_data_offset='4512' scopes_pcs_offset='6488' dependencies_offset='7112' handler_table_offset='7120' nul_chk_table_offset='7360' oops_offset='4400' metadata_offset='4408' method='java.util.zip.ZipFile$Source checkAndAddEntry (II)I' bytes='262' count='7934' iicount='7934' stamp='0.087'/>
<make_not_entrant thread='40260' compile_id='156' compiler='c1' level='3' stamp='0.087'/>
     87  156   !   3       java.util.zip.ZipFile$Source::checkAndAddEntry (262 bytes)   made not entrant
<writer thread='40261'/>
<nmethod compile_id='262' compiler='c1' level='1' entry='0x0000743110ee0920' size='656' address='0x0000743110ee0790' relocation_offset='352' insts_offset='400' stub_offset='560' scopes_data_offset='608' scopes_pcs_offset='616' dependencies_offset='648' method='java.lang.invoke.MethodType ptypes ()[Ljava/lang/Class;' bytes='5' count='129' iicount='129' stamp='0.087'/>
<writer thread='40275'/>
<nmethod compile_id='263' compile_kind='c2n' compiler='' level='0' entry='0x0000743110ee0c00' size='400' address='0x0000743110ee0a90' relocation_offset='352' consts_offset='400' insts_offset='368' method='java.lang.invoke.MethodHandle linkToStatic (Ljava/lang/Object;Ljava/lang/Object;Ljava/lang/Object;Ljava/lang/Object;Ljava/lang/invoke/MemberName;)I' bytes='0' count='0' iicount='0' stamp='0.088'/>
     88  263     n 0       java.lang.invoke.MethodHandle::linkToStatic(LLLLL)I (native)   (static)
<writer thread='40243'/>
<task_queued compile_id='264' method='java.lang.invoke.MethodType parameterType (I)Ljava/lang/Class;' bytes='7' count='256' iicount='256' level='3' stamp='0.103' comment='tiered' hot_count='256'/>
<task_queued compile_id='265' method='java.lang.Class getModule ()Ljava/lang/Module;' bytes='5' count='128' iicount='128' level='1' stamp='0.103' comment='tiered' hot_count='128'/>
<writer thread='40261'/>
    103  264       3       java.lang.invoke.MethodType::parameterType (7 bytes)
<writer thread='40243'/>
<nmethod compile_id='266' compile_kind='c2n' compiler='' level='0' entry='0x0000743110ee0f00' size='400' address='0x0000743110ee0d90' relocation_offset='352' consts_offset='400' insts_offset='368' method='java.lang.invoke.MethodHandle linkToStatic (Ljava/lang/Object;Ljava/lang/Object;Ljava/lang/Object;Ljava/lang/Object;Ljava/lang/Object;Ljava/lang/invoke/MemberName;)Ljava/lang/Object;' bytes='0' count='0' iicount='0' stamp='0.103'/>
    103  266     n 0       java.lang.invoke.MethodHandle::linkToStatic(LLLLLL)L (native)   (static)
<task_queued compile_id='267' method='java.lang.invoke.MethodType parameterCount ()I' bytes='6' count='256' iicount='256' level='3' stamp='0.103' comment='tiered' hot_count='256'/>
<writer thread='40261'/>
<nmethod compile_id='264' compiler='c1' level='3' entry='0x0000743109447720' size='840' address='0x0000743109447590' relocation_offset='352' insts_offset='400' stub_offset='656' scopes_data_offset='712' scopes_pcs_offset='736' dependencies_offset='816' nul_chk_table_offset='824' metadata_offset='704' method='java.lang.invoke.MethodType parameterType (I)Ljava/lang/Class;' bytes='7' count='272' iicount='272' stamp='0.103'/>
<writer thread='40243'/>
<task_queued compile_id='268' method='java.lang.invoke.MethodHandle type ()Ljava/lang/invoke/MethodType;' bytes='5' count='128' iicount='128' level='1' stamp='0.103' comment='tiered' hot_count='128'/>
<writer thread='40261'/>
    103  267       3       java.lang.invoke.MethodType::parameterCount (6 bytes)
<writer thread='40243'/>
<nmethod compile_id='269' compile_kind='c2n' compiler='' level='0' entry='0x0000743110ee1200' size='416' address='0x0000743110ee1090' relocation_offset='352' consts_offset='416' insts_offset='368' method='java.lang.invoke.MethodHandle invokeBasic (Ljava/lang/Object;Ljava/lang/Object;Ljava/lang/Object;Ljava/lang/Object;Ljava/lang/Object;)Ljava/lang/Object;' bytes='0' count='0' iicount='0' stamp='0.103'/>
    103  269     n 0       java.lang.invoke.MethodHandle::invokeBasic(LLLLL)L (native)   
<writer thread='40261'/>
<nmethod compile_id='267' compiler='c1' level='3' entry='0x0000743109447aa0' size='792' address='0x0000743109447910' relocation_offset='352' insts_offset='400' stub_offset='624' scopes_data_offset='680' scopes_pcs_offset='704' dependencies_offset='768' nul_chk_table_offset='776' metadata_offset='672' method='java.lang.invoke.MethodType parameterCount ()I' bytes='6' count='262' iicount='262' stamp='0.103'/>
    103  268       1       java.lang.invoke.MethodHandle::type (5 bytes)
<writer thread='40243'/>
<nmethod compile_id='270' compile_kind='c2n' compiler='' level='0' entry='0x0000743110ee1500' size='408' address='0x0000743110ee1390' relocation_offset='352' consts_offset='408' insts_offset='368' method='java.lang.invoke.MethodHandle linkToSpecial (Ljava/lang/Object;Ljava/lang/Object;Ljava/lang/Object;Ljava/lang/Object;Ljava/lang/Object;Ljava/lang/Object;Ljava/lang/invoke/MemberName;)Ljava/lang/Object;' bytes='0' count='0' iicount='0' stamp='0.103'/>
    103  270     n 0       java.lang.invoke.MethodHandle::linkToSpecial(LLLLLLL)L (native)   (static)
<writer thread='40261'/>
<nmethod compile_id='268' compiler='c1' level='1' entry='0x0000743110ee1820' size='656' address='0x0000743110ee1690' relocation_offset='352' insts_offset='400' stub_offset='560' scopes_data_offset='608' scopes_pcs_offset='616' dependencies_offset='648' method='java.lang.invoke.MethodHandle type ()Ljava/lang/invoke/MethodType;' bytes='5' count='134' iicount='134' stamp='0.103'/>
    103  265       1       java.lang.Class::getModule (5 bytes)
<nmethod compile_id='265' compiler='c1' level='1' entry='0x0000743110ee1b20' size='656' address='0x0000743110ee1990' relocation_offset='352' insts_offset='400' stub_offset='560' scopes_data_offset='608' scopes_pcs_offset='616' dependencies_offset='648' method='java.lang.Class getModule ()Ljava/lang/Module;' bytes='5' count='128' iicount='128' stamp='0.103'/>
<writer thread='40243'/>
<task_queued compile_id='271' method='java.lang.invoke.MemberName testAllFlags (I)Z' bytes='7' count='256' iicount='256' level='3' stamp='0.104' comment='tiered' hot_count='256'/>
<writer thread='40261'/>
    103  271       3       java.lang.invoke.MemberName::testAllFlags (7 bytes)
<writer thread='40243'/>
<nmethod compile_id='272' compile_kind='c2n' compiler='' level='0' entry='0x0000743110ee1e00' size='400' address='0x0000743110ee1c90' relocation_offset='352' consts_offset='400' insts_offset='368' method='java.lang.invoke.MethodHandle linkToStatic (Ljava/lang/Object;JLjava/lang/invoke/MemberName;)Ljava/lang/Object;' bytes='0' count='0' iicount='0' stamp='0.104'/>
    103  272     n 0       java.lang.invoke.MethodHandle::linkToStatic(LJL)L (native)   (static)
<writer thread='40261'/>
<nmethod compile_id='271' compiler='c1' level='3' entry='0x0000743109447e40' size='1024' address='0x0000743109447c90' relocation_offset='352' insts_offset='432' stub_offset='848' scopes_data_offset='912' scopes_pcs_offset='952' dependencies_offset='1016' metadata_offset='896' method='java.lang.invoke.MemberName testAllFlags (I)Z' bytes='7' count='262' iicount='262' stamp='0.104'/>
<writer thread='40243'/>
<nmethod compile_id='273' compile_kind='c2n' compiler='' level='0' entry='0x0000743110ee2100' size='416' address='0x0000743110ee1f90' relocation_offset='352' consts_offset='416' insts_offset='368' method='java.lang.invoke.MethodHandle invokeBasic (Ljava/lang/Object;J)Ljava/lang/Object;' bytes='0' count='0' iicount='0' stamp='0.104'/>
    103  273     n 0       java.lang.invoke.MethodHandle::invokeBasic(LJ)L (native)   
<nmethod compile_id='274' compile_kind='c2n' compiler='' level='0' entry='0x0000743110ee2400' size='400' address='0x0000743110ee2290' relocation_offset='352' consts_offset='400' insts_offset='368' method='java.lang.invoke.MethodHandle linkToSpecial (Ljava/lang/Object;Ljava/lang/Object;JLjava/lang/invoke/MemberName;)Ljava/lang/Object;' bytes='0' count='0' iicount='0' stamp='0.104'/>
    103  274     n 0       java.lang.invoke.MethodHandle::linkToSpecial(LLJL)L (native)   (static)
<task_queued compile_id='275' method='jdk.internal.org.objectweb.asm.SymbolTable get (I)Ljdk/internal/org/objectweb/asm/SymbolTable$Entry;' bytes='13' count='256' iicount='256' level='3' stamp='0.104' comment='tiered' hot_count='256'/>
<writer thread='40261'/>
    104  275       3       jdk.internal.org.objectweb.asm.SymbolTable::get (13 bytes)
<nmethod compile_id='275' compiler='c1' level='3' entry='0x00007431094482a0' size='912' address='0x0000743109448110' relocation_offset='352' insts_offset='400' stub_offset='688' scopes_data_offset='744' scopes_pcs_offset='784' dependencies_offset='880' nul_chk_table_offset='888' metadata_offset='736' method='jdk.internal.org.objectweb.asm.SymbolTable get (I)Ljdk/internal/org/objectweb/asm/SymbolTable$Entry;' bytes='13' count='280' iicount='280' stamp='0.105'/>
<writer thread='40243'/>
<task_queued compile_id='276' method='jdk.internal.org.objectweb.asm.ByteVector putUTF8 (Ljava/lang/String;)Ljdk/internal/org/objectweb/asm/ByteVector;' bytes='144' count='128' backedge_count='2698' iicount='128' level='3' stamp='0.105' comment='tiered' hot_count='128'/>
<writer thread='40261'/>
    104  276       3       jdk.internal.org.objectweb.asm.ByteVector::putUTF8 (144 bytes)
<writer thread='40243'/>
<task_queued compile_id='277' method='jdk.internal.org.objectweb.asm.SymbolTable hash (ILjava/lang/String;)I' bytes='10' count='256' iicount='256' level='3' stamp='0.105' comment='tiered' hot_count='256'/>
<task_queued compile_id='278' method='java.lang.invoke.MethodType$ConcurrentWeakInternSet$WeakEntry hashCode ()I' bytes='5' count='128' iicount='128' level='1' stamp='0.105' comment='tiered' hot_count='128'/>
<nmethod compile_id='279' compile_kind='c2n' compiler='' level='0' entry='0x0000743110ee2700' size='400' address='0x0000743110ee2590' relocation_offset='352' consts_offset='400' insts_offset='368' method='java.lang.invoke.MethodHandle linkToStatic (JLjava/lang/Object;JLjava/lang/Object;Ljava/lang/invoke/MemberName;)J' bytes='0' count='0' iicount='0' stamp='0.105'/>
    105  279     n 0       java.lang.invoke.MethodHandle::linkToStatic(JLJLL)J (native)   (static)
<nmethod compile_id='280' compile_kind='c2n' compiler='' level='0' entry='0x0000743110ee2a40' size='1088' address='0x0000743110ee2890' relocation_offset='352' consts_offset='1088' insts_offset='432' method='java.lang.invoke.MethodHandleNatives resolve (Ljava/lang/invoke/MemberName;Ljava/lang/Class;IZ)Ljava/lang/invoke/MemberName;' bytes='0' count='128' iicount='128' stamp='0.106'/>
    105  280     n 0       java.lang.invoke.MethodHandleNatives::resolve (native)   (static)
<nmethod compile_id='281' compile_kind='c2n' compiler='' level='0' entry='0x0000743110ee2e80' size='416' address='0x0000743110ee2d10' relocation_offset='352' consts_offset='416' insts_offset='368' method='java.lang.invoke.MethodHandle invokeBasic (JLjava/lang/Object;JLjava/lang/Object;)J' bytes='0' count='0' iicount='0' stamp='0.106'/>
    105  281     n 0       java.lang.invoke.MethodHandle::invokeBasic(JLJL)J (native)   
<writer thread='40261'/>
<nmethod compile_id='276' compiler='c1' level='3' entry='0x0000743109448780' size='4584' address='0x0000743109448510' relocation_offset='352' insts_offset='624' stub_offset='3280' scopes_data_offset='3488' scopes_pcs_offset='3984' dependencies_offset='4512' nul_chk_table_offset='4520' metadata_offset='3408' method='jdk.internal.org.objectweb.asm.ByteVector putUTF8 (Ljava/lang/String;)Ljdk/internal/org/objectweb/asm/ByteVector;' bytes='144' count='133' backedge_count='2788' iicount='133' stamp='0.106'/>
<writer thread='40243'/>
<nmethod compile_id='282' compile_kind='c2n' compiler='' level='0' entry='0x0000743110ee3180' size='400' address='0x0000743110ee3010' relocation_offset='352' consts_offset='400' insts_offset='368' method='java.lang.invoke.MethodHandle linkToSpecial (Ljava/lang/Object;JLjava/lang/Object;JLjava/lang/Object;Ljava/lang/invoke/MemberName;)J' bytes='0' count='0' iicount='0' stamp='0.106'/>
    105  282     n 0       java.lang.invoke.MethodHandle::linkToSpecial(LJLJLL)J (native)   (static)
<writer thread='40261'/>
    105  277       3       jdk.internal.org.objectweb.asm.SymbolTable::hash (10 bytes)
<nmethod compile_id='277' compiler='c1' level='3' entry='0x00007431094498c0' size='872' address='0x0000743109449710' relocation_offset='352' insts_offset='432' stub_offset='656' scopes_data_offset='728' scopes_pcs_offset='768' dependencies_offset='848' nul_chk_table_offset='856' metadata_offset='720' method='jdk.internal.org.objectweb.asm.SymbolTable hash (ILjava/lang/String;)I' bytes='10' count='267' iicount='267' stamp='0.106'/>
    105  278       1       java.lang.invoke.MethodType$ConcurrentWeakInternSet$WeakEntry::hashCode (5 bytes)
<nmethod compile_id='278' compiler='c1' level='1' entry='0x0000743110ee34a0' size='656' address='0x0000743110ee3310' relocation_offset='352' insts_offset='400' stub_offset='560' scopes_data_offset='608' scopes_pcs_offset='616' dependencies_offset='648' method='java.lang.invoke.MethodType$ConcurrentWeakInternSet$WeakEntry hashCode ()I' bytes='5' count='139' iicount='139' stamp='0.106'/>
<writer thread='40243'/>
<nmethod compile_id='283' compile_kind='c2n' compiler='' level='0' entry='0x0000743110ee3780' size='400' address='0x0000743110ee3610' relocation_offset='352' consts_offset='400' insts_offset='368' method='java.lang.invoke.MethodHandle linkToStatic (Ljava/lang/Object;Ljava/lang/Object;Ljava/lang/Object;Ljava/lang/Object;Ljava/lang/invoke/MemberName;)Ljava/lang/Object;' bytes='0' count='0' iicount='0' stamp='0.106'/>
    105  283     n 0       java.lang.invoke.MethodHandle::linkToStatic(LLLLL)L (native)   (static)
<task_queued compile_id='284' method='java.lang.AbstractStringBuilder &lt;init&gt; (I)V' bytes='39' count='392' iicount='392' level='3' stamp='0.106' comment='tiered' hot_count='392'/>
<writer thread='40261'/>
    106  284       3       java.lang.AbstractStringBuilder::&lt;init&gt; (39 bytes)
<writer thread='40243'/>
<task_queued compile_id='285' method='java.lang.StringBuilder toString ()Ljava/lang/String;' bytes='35' count='392' iicount='392' level='3' stamp='0.106' comment='tiered' hot_count='392'/>
<writer thread='40261'/>
<nmethod compile_id='284' compiler='c1' level='3' entry='0x0000743109449c40' size='1248' address='0x0000743109449a90' relocation_offset='352' insts_offset='432' stub_offset='1040' scopes_data_offset='1112' scopes_pcs_offset='1160' dependencies_offset='1240' metadata_offset='1088' method='java.lang.AbstractStringBuilder &lt;init&gt; (I)V' bytes='39' count='395' iicount='395' stamp='0.106'/>
<writer thread='40243'/>
<nmethod compile_id='286' compile_kind='c2n' compiler='' level='0' entry='0x0000743110ee3a80' size='416' address='0x0000743110ee3910' relocation_offset='352' consts_offset='416' insts_offset='368' method='java.lang.invoke.MethodHandle invokeBasic (Ljava/lang/Object;Ljava/lang/Object;Ljava/lang/Object;Ljava/lang/Object;)Ljava/lang/Object;' bytes='0' count='0' iicount='0' stamp='0.106'/>
    106  286     n 0       java.lang.invoke.MethodHandle::invokeBasic(LLLL)L (native)   
<writer thread='40261'/>
    106  285       3       java.lang.StringBuilder::toString (35 bytes)
<writer thread='40243'/>
<task_queued compile_id='287' method='java.lang.StringBuilder &lt;init&gt; ()V' bytes='7' count='378' iicount='378' level='3' stamp='0.106' comment='tiered' hot_count='378'/>
<task_queued compile_id='288' method='jdk.internal.org.objectweb.asm.Symbol &lt;init&gt; (IILjava/lang/String;Ljava/lang/String;Ljava/lang/String;J)V' bytes='38' count='256' iicount='256' level='3' stamp='0.106' comment='tiered' hot_count='256'/>
<writer thread='40261'/>
<nmethod compile_id='285' compiler='c1' level='3' entry='0x000074310944a160' size='1312' address='0x0000743109449f90' relocation_offset='352' insts_offset='464' stub_offset='1072' scopes_data_offset='1168' scopes_pcs_offset='1208' dependencies_offset='1304' metadata_offset='1152' method='java.lang.StringBuilder toString ()Ljava/lang/String;' bytes='35' count='397' iicount='397' stamp='0.106'/>
    106  287       3       java.lang.StringBuilder::&lt;init&gt; (7 bytes)
<nmethod compile_id='287' compiler='c1' level='3' entry='0x000074310944a6c0' size='856' address='0x000074310944a510' relocation_offset='352' insts_offset='432' stub_offset='688' scopes_data_offset='760' scopes_pcs_offset='784' dependencies_offset='848' metadata_offset='752' method='java.lang.StringBuilder &lt;init&gt; ()V' bytes='7' count='381' iicount='381' stamp='0.107'/>
    106  288       3       jdk.internal.org.objectweb.asm.Symbol::&lt;init&gt; (38 bytes)
<writer thread='40243'/>
<task_queued compile_id='289' method='jdk.internal.org.objectweb.asm.ByteVector putShort (I)Ljdk/internal/org/objectweb/asm/ByteVector;' bytes='52' count='256' iicount='256' level='3' stamp='0.107' comment='tiered' hot_count='256'/>
<writer thread='40261'/>
<nmethod compile_id='288' compiler='c1' level='3' entry='0x000074310944aa40' size='1288' address='0x000074310944a890' relocation_offset='352' insts_offset='432' stub_offset='1072' scopes_data_offset='1144' scopes_pcs_offset='1216' dependencies_offset='1280' metadata_offset='1120' method='jdk.internal.org.objectweb.asm.Symbol &lt;init&gt; (IILjava/lang/String;Ljava/lang/String;Ljava/lang/String;J)V' bytes='38' count='293' iicount='293' stamp='0.107'/>
<writer thread='40243'/>
<nmethod compile_id='290' compile_kind='c2n' compiler='' level='0' entry='0x0000743110ee3d80' size='416' address='0x0000743110ee3c10' relocation_offset='352' consts_offset='416' insts_offset='368' method='java.lang.invoke.MethodHandle invokeBasic (JLjava/lang/Object;J)J' bytes='0' count='0' iicount='0' stamp='0.107'/>
    106  290     n 0       java.lang.invoke.MethodHandle::invokeBasic(JLJ)J (native)   
<writer thread='40261'/>
    106  289       3       jdk.internal.org.objectweb.asm.ByteVector::putShort (52 bytes)
<writer thread='40243'/>
<task_queued compile_id='291' method='java.lang.invoke.MethodType equals (Ljava/lang/Object;)Z' bytes='56' count='256' iicount='256' level='3' stamp='0.107' comment='tiered' hot_count='256'/>
<task_queued compile_id='292' method='java.lang.invoke.MethodType$ConcurrentWeakInternSet get (Ljava/lang/Object;)Ljava/lang/Object;' bytes='47' count='387' iicount='387' level='3' stamp='0.107' comment='tiered' hot_count='387'/>
<nmethod compile_id='293' compile_kind='c2n' compiler='' level='0' entry='0x0000743110ee4080' size='400' address='0x0000743110ee3f10' relocation_offset='352' consts_offset='400' insts_offset='368' method='java.lang.invoke.MethodHandle linkToSpecial (Ljava/lang/Object;JLjava/lang/Object;JLjava/lang/invoke/MemberName;)J' bytes='0' count='0' iicount='0' stamp='0.107'/>
    106  293     n 0       java.lang.invoke.MethodHandle::linkToSpecial(LJLJL)J (native)   (static)
<task_queued compile_id='294' method='java.util.Objects requireNonNull (Ljava/lang/Object;)Ljava/lang/Object;' bytes='14' count='5423' iicount='5423' stamp='0.107' comment='tiered' hot_count='5423'/>
<writer thread='40260'/>
    106  294       4       java.util.Objects::requireNonNull (14 bytes)
<writer thread='40261'/>
<nmethod compile_id='289' compiler='c1' level='3' entry='0x000074310944afc0' size='1208' address='0x000074310944ae10' relocation_offset='352' insts_offset='432' stub_offset='880' scopes_data_offset='960' scopes_pcs_offset='1024' dependencies_offset='1168' nul_chk_table_offset='1176' metadata_offset='944' method='jdk.internal.org.objectweb.asm.ByteVector putShort (I)Ljdk/internal/org/objectweb/asm/ByteVector;' bytes='52' count='258' iicount='258' stamp='0.107'/>
    106  292       3       java.lang.invoke.MethodType$ConcurrentWeakInternSet::get (47 bytes)
<writer thread='40243'/>
<task_queued compile_id='295' method='jdk.internal.org.objectweb.asm.SymbolTable$Entry &lt;init&gt; (IILjava/lang/String;I)V' bytes='17' count='256' iicount='256' level='3' stamp='0.107' comment='tiered' hot_count='256'/>
<writer thread='40260'/>
<nmethod compile_id='294' compiler='c2' level='4' entry='0x0000743110ee4380' size='568' address='0x0000743110ee4210' relocation_offset='352' insts_offset='368' stub_offset='464' scopes_data_offset='496' scopes_pcs_offset='512' dependencies_offset='560' metadata_offset='488' method='java.util.Objects requireNonNull (Ljava/lang/Object;)Ljava/lang/Object;' bytes='14' count='5438' iicount='5438' stamp='0.107'/>
<make_not_entrant thread='40260' compile_id='14' compiler='c1' level='3' stamp='0.107'/>
    107   14       3       java.util.Objects::requireNonNull (14 bytes)   made not entrant
<writer thread='40261'/>
<nmethod compile_id='292' compiler='c1' level='3' entry='0x000074310944b540' size='3672' address='0x000074310944b310' relocation_offset='352' insts_offset='560' stub_offset='2864' scopes_data_offset='3024' scopes_pcs_offset='3264' dependencies_offset='3584' handler_table_offset='3600' nul_chk_table_offset='3624' metadata_offset='2976' method='java.lang.invoke.MethodType$ConcurrentWeakInternSet get (Ljava/lang/Object;)Ljava/lang/Object;' bytes='47' count='401' iicount='401' stamp='0.107'/>
<writer thread='40243'/>
<nmethod compile_id='296' compile_kind='c2n' compiler='' level='0' entry='0x0000743110ee4680' size='400' address='0x0000743110ee4510' relocation_offset='352' consts_offset='400' insts_offset='368' method='java.lang.invoke.MethodHandle linkToStatic (JLjava/lang/invoke/MemberName;)Ljava/lang/Object;' bytes='0' count='0' iicount='0' stamp='0.107'/>
    107  296     n 0       java.lang.invoke.MethodHandle::linkToStatic(JL)L (native)   (static)
<writer thread='40261'/>
    107  295       3       jdk.internal.org.objectweb.asm.SymbolTable$Entry::&lt;init&gt; (17 bytes)
<writer thread='40243'/>
<task_queued compile_id='297' method='java.util.Arrays equals ([Ljava/lang/Object;[Ljava/lang/Object;)Z' bytes='57' count='256' backedge_count='505' iicount='256' level='3' stamp='0.107' comment='tiered' hot_count='256'/>
<writer thread='40261'/>
<nmethod compile_id='295' compiler='c1' level='3' entry='0x000074310944c340' size='944' address='0x000074310944c190' relocation_offset='352' insts_offset='432' stub_offset='752' scopes_data_offset='832' scopes_pcs_offset='872' dependencies_offset='936' metadata_offset='816' method='jdk.internal.org.objectweb.asm.SymbolTable$Entry &lt;init&gt; (IILjava/lang/String;I)V' bytes='17' count='276' iicount='276' stamp='0.108'/>
    107  297       3       java.util.Arrays::equals (57 bytes)
<writer thread='40243'/>
<task_queued compile_id='298' method='java.lang.invoke.LambdaForm$BasicType basicType (Ljava/lang/Class;)Ljava/lang/invoke/LambdaForm$BasicType;' bytes='19' count='256' iicount='256' level='3' stamp='0.108' comment='tiered' hot_count='256'/>
<task_queued compile_id='299' method='java.lang.invoke.MethodType checkSlotCount (I)V' bytes='33' count='384' iicount='384' level='3' stamp='0.108' comment='tiered' hot_count='384'/>
<task_queued compile_id='300' method='java.lang.invoke.MethodTypeForm parameterSlotCount ()I' bytes='5' count='128' iicount='128' level='1' stamp='0.108' comment='tiered' hot_count='128'/>
<nmethod compile_id='301' compile_kind='c2n' compiler='' level='0' entry='0x0000743110ee4980' size='416' address='0x0000743110ee4810' relocation_offset='352' consts_offset='416' insts_offset='368' method='java.lang.invoke.MethodHandle invokeBasic (J)Ljava/lang/Object;' bytes='0' count='0' iicount='0' stamp='0.108'/>
    107  301     n 0       java.lang.invoke.MethodHandle::invokeBasic(J)L (native)   
<nmethod compile_id='302' compile_kind='c2n' compiler='' level='0' entry='0x0000743110ee4c80' size='400' address='0x0000743110ee4b10' relocation_offset='352' consts_offset='400' insts_offset='368' method='java.lang.invoke.MethodHandle linkToSpecial (Ljava/lang/Object;JLjava/lang/invoke/MemberName;)Ljava/lang/Object;' bytes='0' count='0' iicount='0' stamp='0.108'/>
    107  302     n 0       java.lang.invoke.MethodHandle::linkToSpecial(LJL)L (native)   (static)
<writer thread='40261'/>
<nmethod compile_id='297' compiler='c1' level='3' entry='0x000074310944c780' size='2296' address='0x000074310944c590' relocation_offset='352' insts_offset='496' stub_offset='1872' scopes_data_offset='1952' scopes_pcs_offset='2080' dependencies_offset='2256' nul_chk_table_offset='2264' metadata_offset='1936' method='java.util.Arrays equals ([Ljava/lang/Object;[Ljava/lang/Object;)Z' bytes='57' count='271' backedge_count='531' iicount='271' stamp='0.108'/>
    107  291       3       java.lang.invoke.MethodType::equals (56 bytes)
<writer thread='40243'/>
<task_queued compile_id='303' method='java.lang.invoke.MethodTypeForm erasedType ()Ljava/lang/invoke/MethodType;' bytes='5' count='128' iicount='128' level='1' stamp='0.108' comment='tiered' hot_count='128'/>
<nmethod compile_id='304' compile_kind='c2n' compiler='' level='0' entry='0x0000743110ee4fa0' size='872' address='0x0000743110ee4e10' relocation_offset='352' consts_offset='872' insts_offset='400' method='java.lang.Class isInterface ()Z' bytes='0' count='128' iicount='128' stamp='0.108'/>
    108  304     n 0       java.lang.Class::isInterface (native)   
<writer thread='40261'/>
<nmethod compile_id='291' compiler='c1' level='3' entry='0x000074310944d140' size='3872' address='0x000074310944cf10' relocation_offset='352' insts_offset='560' stub_offset='3408' scopes_data_offset='3512' scopes_pcs_offset='3624' dependencies_offset='3832' nul_chk_table_offset='3840' metadata_offset='3488' method='java.lang.invoke.MethodType equals (Ljava/lang/Object;)Z' bytes='56' count='284' iicount='284' stamp='0.108'/>
    108  299       3       java.lang.invoke.MethodType::checkSlotCount (33 bytes)
<writer thread='40243'/>
<task_queued compile_id='305' method='jdk.internal.org.objectweb.asm.SymbolTable put (Ljdk/internal/org/objectweb/asm/SymbolTable$Entry;)Ljdk/internal/org/objectweb/asm/SymbolTable$Entry;' bytes='150' count='384' iicount='384' level='3' stamp='0.108' comment='tiered' hot_count='384'/>
<writer thread='40261'/>
<nmethod compile_id='299' compiler='c1' level='3' entry='0x000074310944e0c0' size='2800' address='0x000074310944de90' relocation_offset='352' insts_offset='560' stub_offset='2096' scopes_data_offset='2304' scopes_pcs_offset='2488' dependencies_offset='2792' oops_offset='2240' metadata_offset='2248' method='java.lang.invoke.MethodType checkSlotCount (I)V' bytes='33' count='416' iicount='416' stamp='0.109'/>
<writer thread='40243'/>
<nmethod compile_id='306' compile_kind='c2n' compiler='' level='0' entry='0x0000743110ee5300' size='400' address='0x0000743110ee5190' relocation_offset='352' consts_offset='400' insts_offset='368' method='java.lang.invoke.MethodHandle linkToStatic (JJLjava/lang/invoke/MemberName;)J' bytes='0' count='0' iicount='0' stamp='0.109'/>
    108  306     n 0       java.lang.invoke.MethodHandle::linkToStatic(JJL)J (native)   (static)
<writer thread='40261'/>
    108  298       3       java.lang.invoke.LambdaForm$BasicType::basicType (19 bytes)
<writer thread='40243'/>
<nmethod compile_id='307' compile_kind='c2n' compiler='' level='0' entry='0x0000743110ee5600' size='416' address='0x0000743110ee5490' relocation_offset='352' consts_offset='416' insts_offset='368' method='java.lang.invoke.MethodHandle invokeBasic (JJ)J' bytes='0' count='0' iicount='0' stamp='0.109'/>
    108  307     n 0       java.lang.invoke.MethodHandle::invokeBasic(JJ)J (native)   
<nmethod compile_id='308' compile_kind='c2n' compiler='' level='0' entry='0x0000743110ee5900' size='400' address='0x0000743110ee5790' relocation_offset='352' consts_offset='400' insts_offset='368' method='java.lang.invoke.MethodHandle linkToSpecial (Ljava/lang/Object;JJLjava/lang/invoke/MemberName;)J' bytes='0' count='0' iicount='0' stamp='0.109'/>
    108  308     n 0       java.lang.invoke.MethodHandle::linkToSpecial(LJJL)J (native)   (static)
<writer thread='40261'/>
<nmethod compile_id='298' compiler='c1' level='3' entry='0x000074310944eb60' size='1296' address='0x000074310944e990' relocation_offset='352' insts_offset='464' stub_offset='976' scopes_data_offset='1072' scopes_pcs_offset='1136' dependencies_offset='1264' nul_chk_table_offset='1272' metadata_offset='1056' method='java.lang.invoke.LambdaForm$BasicType basicType (Ljava/lang/Class;)Ljava/lang/invoke/LambdaForm$BasicType;' bytes='19' count='295' iicount='295' stamp='0.109'/>
    108  300       1       java.lang.invoke.MethodTypeForm::parameterSlotCount (5 bytes)
<nmethod compile_id='300' compiler='c1' level='1' entry='0x0000743110ee5c20' size='656' address='0x0000743110ee5a90' relocation_offset='352' insts_offset='400' stub_offset='560' scopes_data_offset='608' scopes_pcs_offset='616' dependencies_offset='648' method='java.lang.invoke.MethodTypeForm parameterSlotCount ()I' bytes='5' count='148' iicount='148' stamp='0.109'/>
    108  305       3       jdk.internal.org.objectweb.asm.SymbolTable::put (150 bytes)
<writer thread='40243'/>
<nmethod compile_id='309' compile_kind='c2n' compiler='' level='0' entry='0x0000743110ee5f00' size='400' address='0x0000743110ee5d90' relocation_offset='352' consts_offset='400' insts_offset='368' method='java.lang.invoke.MethodHandle linkToStatic (Ljava/lang/Object;Ljava/lang/Object;Ljava/lang/Object;JLjava/lang/invoke/MemberName;)Ljava/lang/Object;' bytes='0' count='0' iicount='0' stamp='0.109'/>
    109  309     n 0       java.lang.invoke.MethodHandle::linkToStatic(LLLJL)L (native)   (static)
<writer thread='40261'/>
<nmethod compile_id='305' compiler='c1' level='3' entry='0x000074310944f100' size='3408' address='0x000074310944ef10' relocation_offset='352' insts_offset='496' stub_offset='2704' scopes_data_offset='2760' scopes_pcs_offset='2968' dependencies_offset='3320' nul_chk_table_offset='3328' metadata_offset='2752' method='jdk.internal.org.objectweb.asm.SymbolTable put (Ljdk/internal/org/objectweb/asm/SymbolTable$Entry;)Ljdk/internal/org/objectweb/asm/SymbolTable$Entry;' bytes='150' count='413' iicount='413' stamp='0.109'/>
    109  303       1       java.lang.invoke.MethodTypeForm::erasedType (5 bytes)
<nmethod compile_id='303' compiler='c1' level='1' entry='0x0000743110ee6220' size='656' address='0x0000743110ee6090' relocation_offset='352' insts_offset='400' stub_offset='560' scopes_data_offset='608' scopes_pcs_offset='616' dependencies_offset='648' method='java.lang.invoke.MethodTypeForm erasedType ()Ljava/lang/invoke/MethodType;' bytes='5' count='140' iicount='140' stamp='0.109'/>
<writer thread='40243'/>
<nmethod compile_id='310' compile_kind='c2n' compiler='' level='0' entry='0x0000743110ee6500' size='416' address='0x0000743110ee6390' relocation_offset='352' consts_offset='416' insts_offset='368' method='java.lang.invoke.MethodHandle invokeBasic (Ljava/lang/Object;Ljava/lang/Object;Ljava/lang/Object;J)Ljava/lang/Object;' bytes='0' count='0' iicount='0' stamp='0.109'/>
    109  310     n 0       java.lang.invoke.MethodHandle::invokeBasic(LLLJ)L (native)   
<task_queued compile_id='311' method='sun.invoke.util.Wrapper basicTypeChar ()C' bytes='5' count='128' iicount='128' level='1' stamp='0.109' comment='tiered' hot_count='128'/>
<writer thread='40261'/>
    109  311       1       sun.invoke.util.Wrapper::basicTypeChar (5 bytes)
<writer thread='40243'/>
<nmethod compile_id='312' compile_kind='c2n' compiler='' level='0' entry='0x0000743110ee6820' size='896' address='0x0000743110ee6690' relocation_offset='352' consts_offset='896' insts_offset='400' method='java.lang.Class isAssignableFrom (Ljava/lang/Class;)Z' bytes='0' count='128' iicount='128' stamp='0.110'/>
    109  312     n 0       java.lang.Class::isAssignableFrom (native)   
<writer thread='40261'/>
<nmethod compile_id='311' compiler='c1' level='1' entry='0x0000743110ee6c20' size='656' address='0x0000743110ee6a90' relocation_offset='352' insts_offset='400' stub_offset='560' scopes_data_offset='608' scopes_pcs_offset='616' dependencies_offset='648' method='sun.invoke.util.Wrapper basicTypeChar ()C' bytes='5' count='128' iicount='128' stamp='0.110'/>
<writer thread='40243'/>
<nmethod compile_id='313' compile_kind='c2n' compiler='' level='0' entry='0x0000743110ee6f00' size='416' address='0x0000743110ee6d90' relocation_offset='352' consts_offset='416' insts_offset='368' method='java.lang.invoke.MethodHandle invokeBasic (J)J' bytes='0' count='0' iicount='0' stamp='0.110'/>
    109  313     n 0       java.lang.invoke.MethodHandle::invokeBasic(J)J (native)   
<task_queued compile_id='314' method='java.lang.reflect.Modifier isStatic (I)Z' bytes='13' count='256' iicount='256' level='3' stamp='0.110' comment='tiered' hot_count='256'/>
<writer thread='40261'/>
    110  314       3       java.lang.reflect.Modifier::isStatic (13 bytes)
<writer thread='40243'/>
<task_queued compile_id='315' method='java.lang.ref.WeakReference &lt;init&gt; (Ljava/lang/Object;Ljava/lang/ref/ReferenceQueue;)V' bytes='7' count='256' iicount='256' level='3' stamp='0.110' comment='tiered' hot_count='256'/>
<nmethod compile_id='316' compile_kind='c2n' compiler='' level='0' entry='0x0000743110ee7200' size='400' address='0x0000743110ee7090' relocation_offset='352' consts_offset='400' insts_offset='368' method='java.lang.invoke.MethodHandle linkToSpecial (Ljava/lang/Object;JLjava/lang/invoke/MemberName;)J' bytes='0' count='0' iicount='0' stamp='0.110'/>
    110  316     n 0       java.lang.invoke.MethodHandle::linkToSpecial(LJL)J (native)   (static)
<task_queued compile_id='317' method='java.lang.invoke.MemberName getMethodType ()Ljava/lang/invoke/MethodType;' bytes='211' count='256' iicount='256' level='3' stamp='0.110' comment='tiered' hot_count='256'/>
<writer thread='40261'/>
<nmethod compile_id='314' compiler='c1' level='3' entry='0x000074310944fe20' size='784' address='0x000074310944fc90' relocation_offset='352' insts_offset='400' stub_offset='656' scopes_data_offset='712' scopes_pcs_offset='728' dependencies_offset='776' metadata_offset='704' method='java.lang.reflect.Modifier isStatic (I)Z' bytes='13' count='258' iicount='258' stamp='0.110'/>
    110  315       3       java.lang.ref.WeakReference::&lt;init&gt; (7 bytes)
<nmethod compile_id='315' compiler='c1' level='3' entry='0x00007431094501c0' size='1328' address='0x0000743109450010' relocation_offset='352' insts_offset='432' stub_offset='1104' scopes_data_offset='1184' scopes_pcs_offset='1240' dependencies_offset='1320' metadata_offset='1152' method='java.lang.ref.WeakReference &lt;init&gt; (Ljava/lang/Object;Ljava/lang/ref/ReferenceQueue;)V' bytes='7' count='257' iicount='257' stamp='0.110'/>
    110  317   !   3       java.lang.invoke.MemberName::getMethodType (211 bytes)
<writer thread='40243'/>
<task_queued compile_id='318' method='jdk.internal.org.objectweb.asm.ByteVector putByte (I)Ljdk/internal/org/objectweb/asm/ByteVector;' bytes='39' count='384' iicount='384' level='3' stamp='0.111' comment='tiered' hot_count='384'/>
<task_queued compile_id='319' method='java.nio.Buffer position (I)Ljava/nio/Buffer;' bytes='52' count='384' iicount='384' level='3' stamp='0.111' comment='tiered' hot_count='384'/>
<writer thread='40261'/>
<nmethod compile_id='317' compiler='c1' level='3' entry='0x0000743109450880' size='7712' address='0x0000743109450590' relocation_offset='352' insts_offset='752' stub_offset='6160' scopes_data_offset='6400' scopes_pcs_offset='6872' dependencies_offset='7384' handler_table_offset='7392' nul_chk_table_offset='7680' oops_offset='6304' metadata_offset='6312' method='java.lang.invoke.MemberName getMethodType ()Ljava/lang/invoke/MethodType;' bytes='211' count='266' iicount='266' stamp='0.111'/>
    111  318       3       jdk.internal.org.objectweb.asm.ByteVector::putByte (39 bytes)
<writer thread='40252'/>
<destroy_vm stamp='0.111'/>
<tty_done stamp='0.425'/>
</tty>
<compilation_log thread='40274'>
<start_compile_thread name='C2 CompilerThread1' thread='40274' process='40238' stamp='0.076'/>
<task compile_id='225' method='java.util.zip.ZipUtils get16 ([BI)I' bytes='21' count='1890' iicount='1890' stamp='0.076'>
<type id='1112' name='int'/>
<klass id='1241' name='[B' flags='1041'/>
<klass id='1249' name='java.util.zip.ZipUtils' flags='0'/>
<method id='1250' holder='1249' name='get16' return='1112' arguments='1241 1112' flags='25' bytes='21' compile_id='223' compiler='c1' level='3' iicount='1890'/>
<parse method='1250' uses='1890.000000' stamp='0.076'>
<bc code='51' bci='2'/>
<uncommon_trap bci='2' reason='null_check' action='maybe_recompile' debug_id='0'/>
<uncommon_trap bci='2' reason='range_check' action='make_not_entrant' debug_id='0' comment='range_check'/>
<bc code='51' bci='11'/>
<uncommon_trap bci='11' reason='range_check' action='make_not_entrant' debug_id='0' comment='range_check'/>
<parse_done stamp='0.076'/>
</parse>
<regalloc attempts='1' success='1'/>
<code_cache total_blobs='604' nmethods='240' adapters='277' free_code_cache='250176384'/>
<task_done success='1' nmsize='184' count='1890' stamp='0.078'/>
</task>
<task compile_id='241' method='java.lang.String length ()I' bytes='11' count='9176' iicount='9176' stamp='0.078'>
<type id='1112' name='int'/>
<klass id='1120' name='java.lang.String' flags='17'/>
<method id='1249' holder='1120' name='length' return='1112' flags='1' bytes='11' compile_id='6' compiler='c1' level='3' iicount='9176'/>
<parse method='1249' uses='9176.000000' stamp='0.078'>
<bc code='190' bci='4'/>
<uncommon_trap bci='4' reason='null_check' action='maybe_recompile' debug_id='0'/>
<bc code='182' bci='6'/>
<type id='1110' name='byte'/>
<method id='1251' holder='1120' name='coder' return='1110' flags='0' bytes='15' compile_id='5' compiler='c1' level='3' iicount='15061'/>
<call method='1251' count='8665' prof_factor='1.000000' inline='1'/>
<inline_success reason='inline (hot)'/>
<predicted_call bci='6' exact='0' klass='1120'/>
<parse method='1251' uses='9177.000000' stamp='0.078'>
<bc code='153' bci='3'/>
<branch target_bci='13' taken='0' not_taken='15061' cnt='15061.000000' prob='never'/>
<parse_done stamp='0.078'/>
</parse>
<parse_done stamp='0.078'/>
</parse>
<regalloc attempts='0' success='1'/>
<code_cache total_blobs='606' nmethods='242' adapters='277' free_code_cache='250173696'/>
<task_done success='1' nmsize='152' count='9185' inlined_bytes='15' stamp='0.078'/>
</task>
<task compile_id='239' method='java.util.zip.ZipUtils LG ([BI)J' bytes='22' count='8672' iicount='8672' stamp='0.079'>
<type id='1113' name='long'/>
<klass id='1241' name='[B' flags='1041'/>
<type id='1112' name='int'/>
<klass id='1249' name='java.util.zip.ZipUtils' flags='0'/>
<method id='1250' holder='1249' name='LG' return='1113' arguments='1241 1112' flags='24' bytes='22' compile_id='155' compiler='c1' level='3' iicount='8672'/>
<parse method='1250' uses='8672.000000' stamp='0.079'>
<bc code='184' bci='2'/>
<method id='1252' holder='1249' name='SH' return='1112' arguments='1241 1112' flags='24' bytes='21' compile_id='151' compiler='c1' level='3' iicount='65702'/>
<call method='1252' count='8214' prof_factor='1.000000' inline='1'/>
<inline_success reason='inline (hot)'/>
<parse method='1252' uses='8672.000000' stamp='0.079'>
<bc code='51' bci='2'/>
<uncommon_trap bci='2' reason='null_check' action='maybe_recompile' debug_id='0'/>
<uncommon_trap bci='2' reason='range_check' action='make_not_entrant' debug_id='0' comment='range_check'/>
<bc code='51' bci='11'/>
<uncommon_trap bci='11' reason='range_check' action='make_not_entrant' debug_id='0' comment='range_check'/>
<parse_done stamp='0.079'/>
</parse>
<bc code='184' bci='9'/>
<call method='1252' count='8214' prof_factor='1.000000' inline='1'/>
<inline_success reason='inline (hot)'/>
<parse method='1252' uses='8672.000000' stamp='0.079'>
<bc code='51' bci='2'/>
<uncommon_trap bci='2' reason='range_check' action='make_not_entrant' debug_id='0' comment='range_check'/>
<bc code='51' bci='11'/>
<uncommon_trap bci='11' reason='range_check' action='make_not_entrant' debug_id='0' comment='range_check'/>
<parse_done stamp='0.079'/>
</parse>
<parse_done stamp='0.079'/>
</parse>
<regalloc attempts='1' success='1'/>
<code_cache total_blobs='628' nmethods='245' adapters='296' free_code_cache='250151168'/>
<task_done success='1' nmsize='248' count='8672' inlined_bytes='42' stamp='0.079'/>
</task>
<task compile_id='230' method='java.util.zip.ZipFile$Source isMetaName ([BII)Z' bytes='141' count='7934' iicount='7934' stamp='0.079'>
<type id='1106' name='boolean'/>
<klass id='1241' name='[B' flags='1041'/>
<type id='1112' name='int'/>
<klass id='1249' name='java.util.zip.ZipFile$Source' flags='10'/>
<method id='1250' holder='1249' name='isMetaName' return='1106' arguments='1241 1112 1112' flags='10' bytes='141' compile_id='162' compiler='c1' level='3' iicount='7934'/>
<parse method='1250' uses='7934.000000' stamp='0.079'>
<bc code='164' bci='3'/>
<branch target_bci='139' taken='102' not_taken='7834' cnt='7936.000000' prob='                0.01'/>
<bc code='51' bci='12'/>
<uncommon_trap bci='12' reason='null_check' action='maybe_recompile' debug_id='0'/>
<uncommon_trap bci='12' reason='range_check' action='make_not_entrant' debug_id='0' comment='range_check'/>
<bc code='159' bci='15'/>
<branch target_bci='139' taken='607' not_taken='7226' cnt='7833.000000' prob='                0.08'/>
<bc code='51' bci='23'/>
<uncommon_trap bci='23' reason='range_check' action='make_not_entrant' debug_id='0' comment='range_check'/>
<bc code='160' bci='29'/>
<branch target_bci='139' taken='7011' not_taken='215' cnt='7226.000000' prob='                0.97'/>
<bc code='51' bci='37'/>
<uncommon_trap bci='37' reason='range_check' action='make_not_entrant' debug_id='0' comment='range_check'/>
<bc code='160' bci='43'/>
<branch target_bci='139' taken='4' not_taken='211' cnt='215.000000' prob='                0.02'/>
<bc code='51' bci='51'/>
<uncommon_trap bci='51' reason='range_check' action='make_not_entrant' debug_id='0' comment='range_check'/>
<bc code='160' bci='57'/>
<branch target_bci='139' taken='1' not_taken='210' cnt='211.000000' prob='                0.00'/>
<bc code='51' bci='65'/>
<uncommon_trap bci='65' reason='range_check' action='make_not_entrant' debug_id='0' comment='range_check'/>
<bc code='160' bci='71'/>
<branch target_bci='139' taken='0' not_taken='210' cnt='210.000000' prob='never'/>
<uncommon_trap bci='71' reason='unstable_if' action='reinterpret' debug_id='0' comment='taken never'/>
<bc code='51' bci='79'/>
<uncommon_trap bci='79' reason='range_check' action='make_not_entrant' debug_id='0' comment='range_check'/>
<bc code='160' bci='82'/>
<branch target_bci='139' taken='0' not_taken='210' cnt='210.000000' prob='never'/>
<uncommon_trap bci='82' reason='unstable_if' action='reinterpret' debug_id='0' comment='taken never'/>
<bc code='51' bci='90'/>
<uncommon_trap bci='90' reason='range_check' action='make_not_entrant' debug_id='0' comment='range_check'/>
<bc code='160' bci='96'/>
<branch target_bci='139' taken='0' not_taken='210' cnt='210.000000' prob='never'/>
<uncommon_trap bci='96' reason='unstable_if' action='reinterpret' debug_id='0' comment='taken never'/>
<bc code='51' bci='104'/>
<uncommon_trap bci='104' reason='range_check' action='make_not_entrant' debug_id='0' comment='range_check'/>
<bc code='160' bci='110'/>
<branch target_bci='139' taken='0' not_taken='210' cnt='210.000000' prob='never'/>
<uncommon_trap bci='110' reason='unstable_if' action='reinterpret' debug_id='0' comment='taken never'/>
<bc code='51' bci='118'/>
<uncommon_trap bci='118' reason='range_check' action='make_not_entrant' debug_id='0' comment='range_check'/>
<bc code='160' bci='124'/>
<branch target_bci='139' taken='0' not_taken='210' cnt='210.000000' prob='never'/>
<uncommon_trap bci='124' reason='unstable_if' action='reinterpret' debug_id='0' comment='taken never'/>
<bc code='51' bci='129'/>
<uncommon_trap bci='129' reason='range_check' action='make_not_entrant' debug_id='0' comment='range_check'/>
<bc code='160' bci='132'/>
<branch target_bci='139' taken='0' not_taken='210' cnt='210.000000' prob='never'/>
<uncommon_trap bci='132' reason='unstable_if' action='reinterpret' debug_id='0' comment='taken never'/>
<parse_done stamp='0.080'/>
</parse>
<regalloc attempts='1' success='1'/>
<code_cache total_blobs='632' nmethods='248' adapters='297' free_code_cache='250147072'/>
<task_done success='1' nmsize='536' count='7934' stamp='0.081'/>
</task>
<task compile_id='231' method='java.util.zip.ZipFile$Source nextEntryPos (III)I' bytes='22' count='7934' iicount='7934' stamp='0.081'>
<type id='1112' name='int'/>
<klass id='1249' name='java.util.zip.ZipFile$Source' flags='10'/>
<method id='1250' holder='1249' name='nextEntryPos' return='1112' arguments='1112 1112 1112' flags='2' bytes='22' compile_id='163' compiler='c1' level='3' iicount='7934'/>
<parse method='1250' uses='7934.000000' stamp='0.081'>
<bc code='184' bci='8'/>
<klass id='1241' name='[B' flags='1041'/>
<klass id='1252' name='java.util.zip.ZipUtils' flags='0'/>
<method id='1253' holder='1252' name='CENCOM' return='1112' arguments='1241 1112' flags='24' bytes='9' compile_id='164' compiler='c1' level='3' iicount='7999'/>
<call method='1253' count='7423' prof_factor='1.000000' inline='1'/>
<inline_success reason='inline (hot)'/>
<parse method='1253' uses='7935.000000' stamp='0.081'>
<bc code='184' bci='5'/>
<method id='1255' holder='1252' name='SH' return='1112' arguments='1241 1112' flags='24' bytes='21' compile_id='151' compiler='c1' level='3' iicount='65702'/>
<call method='1255' count='7488' prof_factor='0.991999' inline='1'/>
<inline_success reason='inline (hot)'/>
<parse method='1255' uses='7936.000000' stamp='0.081'>
<bc code='51' bci='2'/>
<uncommon_trap bci='2' reason='null_check' action='maybe_recompile' debug_id='0'/>
<uncommon_trap bci='2' reason='range_check' action='make_not_entrant' debug_id='0' comment='range_check'/>
<bc code='51' bci='11'/>
<uncommon_trap bci='11' reason='range_check' action='make_not_entrant' debug_id='0' comment='range_check'/>
<parse_done stamp='0.081'/>
</parse>
<parse_done stamp='0.081'/>
</parse>
<bc code='184' bci='17'/>
<method id='1254' holder='1252' name='CENEXT' return='1112' arguments='1241 1112' flags='24' bytes='9' compile_id='154' compiler='c1' level='3' iicount='15933'/>
<call method='1254' count='7423' prof_factor='1.000000' inline='1'/>
<inline_success reason='inline (hot)'/>
<parse method='1254' uses='7935.000000' stamp='0.081'>
<bc code='184' bci='5'/>
<call method='1255' count='15422' prof_factor='0.498023' inline='1'/>
<inline_success reason='inline (hot)'/>
<parse method='1255' uses='7936.000000' stamp='0.081'>
<bc code='51' bci='2'/>
<uncommon_trap bci='2' reason='range_check' action='make_not_entrant' debug_id='0' comment='range_check'/>
<bc code='51' bci='11'/>
<uncommon_trap bci='11' reason='range_check' action='make_not_entrant' debug_id='0' comment='range_check'/>
<parse_done stamp='0.082'/>
</parse>
<parse_done stamp='0.082'/>
</parse>
<parse_done stamp='0.082'/>
</parse>
<regalloc attempts='2' success='1'/>
<code_cache total_blobs='638' nmethods='252' adapters='299' free_code_cache='250140288'/>
<task_done success='1' nmsize='312' count='7934' inlined_bytes='60' stamp='0.082'/>
</task>
<task compile_id='256' compile_kind='osr' method='com.motadata.nms.practice.TestPrime$PrimeGenerator getSum (I)J' bytes='25' count='1051' backedge_count='551881' iicount='1051' osr_bci='5' stamp='0.082'>
<type id='1113' name='long'/>
<type id='1112' name='int'/>
<klass id='1249' name='com.motadata.nms.practice.TestPrime$PrimeGenerator' flags='8'/>
<method id='1250' holder='1249' name='getSum' return='1113' arguments='1112' flags='1' bytes='25' compile_id='251' compiler='c1' level='3' iicount='1097'/>
<parse method='1250' uses='1097.000000' osr_bci='5' stamp='0.083'>
<uncommon_trap bci='5' reason='predicate' action='maybe_recompile' debug_id='0'/>
<uncommon_trap bci='5' reason='profile_predicate' action='maybe_recompile' debug_id='0'/>
<uncommon_trap bci='5' reason='loop_limit_check' action='maybe_recompile' debug_id='0'/>
<bc code='163' bci='8'/>
<branch target_bci='23' taken='896' not_taken='582465' cnt='583361.000000' prob='                0.00'/>
<parse_done stamp='0.083'/>
</parse>
<loop_tree>
<loop idx='120' inner_loop='1' >
</loop>
</loop_tree>
<loop_tree>
<loop idx='135' inner_loop='1' partial_peel_loop='1' >
</loop>
</loop_tree>
<loop_tree>
<loop idx='135' inner_loop='1' partial_peel_loop='1' >
</loop>
</loop_tree>
<loop_tree>
<loop idx='135' inner_loop='1' partial_peel_loop='1' >
</loop>
</loop_tree>
<regalloc attempts='0' success='1'/>
<code_cache total_blobs='642' nmethods='253' adapters='302' free_code_cache='250137216'/>
<task_done success='1' nmsize='184' count='1292' backedge_count='834983' stamp='0.083'/>
</task>
<task compile_id='257' method='com.motadata.nms.practice.TestPrime$PrimeGenerator getSum (I)J' bytes='25' count='1340' backedge_count='897307' iicount='1340' stamp='0.084'>
<type id='1113' name='long'/>
<type id='1112' name='int'/>
<klass id='1249' name='com.motadata.nms.practice.TestPrime$PrimeGenerator' flags='8'/>
<method id='1250' holder='1249' name='getSum' return='1113' arguments='1112' flags='1' bytes='25' compile_id='251' compiler='c1' level='3' iicount='1346'/>
<parse method='1250' uses='1346.000000' stamp='0.084'>
<bc code='163' bci='8'/>
<branch target_bci='23' taken='1144' not_taken='884728' cnt='885872.000000' prob='                0.00'/>
<uncommon_trap bci='8' reason='predicate' action='maybe_recompile' debug_id='0'/>
<uncommon_trap bci='8' reason='profile_predicate' action='maybe_recompile' debug_id='0'/>
<uncommon_trap bci='8' reason='loop_limit_check' action='maybe_recompile' debug_id='0'/>
<bc code='163' bci='8'/>
<branch target_bci='23' taken='1144' not_taken='884728' cnt='884727.000000' prob='                0.00'/>
<parse_done stamp='0.084'/>
</parse>
<loop_tree>
<loop idx='126' >
<loop idx='197' >
</loop>
</loop>
</loop_tree>
<loop_tree>
<loop idx='126' >
<loop idx='229' inner_loop='1' >
</loop>
</loop>
<loop idx='133' inner_loop='1' >
</loop>
</loop_tree>
<loop_tree>
<loop idx='126' >
<loop idx='268' inner_loop='1' >
</loop>
</loop>
<loop idx='133' inner_loop='1' >
</loop>
</loop_tree>
<loop_tree>
<loop idx='126' >
<loop idx='321' inner_loop='1' >
</loop>
</loop>
<loop idx='133' inner_loop='1' >
</loop>
</loop_tree>
<loop_tree>
<loop idx='126' >
<loop idx='321' inner_loop='1' >
</loop>
</loop>
<loop idx='133' inner_loop='1' >
</loop>
</loop_tree>
<regalloc attempts='0' success='1'/>
<code_cache total_blobs='649' nmethods='256' adapters='306' free_code_cache='250130688'/>
<task_done success='1' nmsize='344' count='1486' backedge_count='1101824' stamp='0.085'/>
</task>
</compilation_log>
<compilation_log thread='40261'>
<start_compile_thread name='C1 CompilerThread0' thread='40261' process='40238' stamp='0.017'/>
<task compile_id='1' method='java.lang.Object &lt;init&gt; ()V' bytes='1' count='260' iicount='260' level='3' stamp='0.017'>
<phase name='setup' stamp='0.017'>
<phase_done stamp='0.017'/>
</phase>
<phase name='buildIR' stamp='0.017'>
<type id='1114' name='void'/>
<klass id='1119' name='java.lang.Object' flags='1'/>
<method id='1249' holder='1119' name='&lt;init&gt;' return='1114' flags='1' bytes='1' iicount='261'/>
<parse method='1249'  stamp='0.017'>
<phase name='parse_hir' stamp='0.017'>
<bc code='177' bci='0'/>
<dependency type='no_finalizable_subclasses' ctxk='1119'/>
<phase_done stamp='0.017'/>
</phase>
<parse_done stamp='0.017'/>
</parse>
<phase name='optimize_blocks' stamp='0.017'>
<phase_done stamp='0.017'/>
</phase>
<phase name='gvn' stamp='0.017'>
<phase_done stamp='0.017'/>
</phase>
<phase name='rangeCheckElimination' stamp='0.017'>
<phase_done stamp='0.017'/>
</phase>
<phase name='optimize_null_checks' stamp='0.017'>
<phase_done stamp='0.017'/>
</phase>
<phase_done stamp='0.017'/>
</phase>
<phase name='emit_lir' stamp='0.017'>
<phase name='lirGeneration' stamp='0.017'>
<phase_done stamp='0.017'/>
</phase>
<phase name='linearScan' stamp='0.017'>
<phase_done stamp='0.017'/>
</phase>
<phase_done stamp='0.017'/>
</phase>
<phase name='codeemit' stamp='0.017'>
<phase_done stamp='0.017'/>
</phase>
<phase name='codeinstall' stamp='0.017'>
<dependency type='no_finalizable_subclasses' ctxk='1119'/>
<phase_done stamp='0.017'/>
</phase>
<code_cache total_blobs='251' nmethods='1' adapters='178' free_code_cache='250624384'/>
<task_done success='1' nmsize='272' count='273' stamp='0.017'/>
</task>
<task compile_id='2' method='java.lang.String isLatin1 ()Z' bytes='19' count='314' iicount='314' level='3' stamp='0.018'>
<phase name='setup' stamp='0.018'>
<phase_done stamp='0.018'/>
</phase>
<phase name='buildIR' stamp='0.018'>
<type id='1106' name='boolean'/>
<klass id='1120' name='java.lang.String' flags='17'/>
<method id='1249' holder='1120' name='isLatin1' return='1106' flags='0' bytes='19' iicount='329'/>
<parse method='1249'  stamp='0.018'>
<phase name='parse_hir' stamp='0.018'>
<phase_done stamp='0.018'/>
</phase>
<parse_done stamp='0.018'/>
</parse>
<phase name='optimize_blocks' stamp='0.018'>
<phase_done stamp='0.018'/>
</phase>
<phase name='gvn' stamp='0.018'>
<phase_done stamp='0.018'/>
</phase>
<phase name='rangeCheckElimination' stamp='0.018'>
<phase_done stamp='0.018'/>
</phase>
<phase name='optimize_null_checks' stamp='0.018'>
<phase_done stamp='0.018'/>
</phase>
<phase_done stamp='0.018'/>
</phase>
<phase name='emit_lir' stamp='0.018'>
<phase name='lirGeneration' stamp='0.018'>
<phase_done stamp='0.018'/>
</phase>
<phase name='linearScan' stamp='0.018'>
<phase_done stamp='0.018'/>
</phase>
<phase_done stamp='0.018'/>
</phase>
<phase name='codeemit' stamp='0.018'>
<phase_done stamp='0.018'/>
</phase>
<phase name='codeinstall' stamp='0.018'>
<phase_done stamp='0.018'/>
</phase>
<code_cache total_blobs='271' nmethods='2' adapters='189' free_code_cache='250601216'/>
<task_done success='1' nmsize='368' count='658' stamp='0.018'/>
</task>
<task compile_id='5' method='java.lang.String coder ()B' bytes='15' count='403' iicount='403' level='3' stamp='0.018'>
<phase name='setup' stamp='0.018'>
<phase_done stamp='0.018'/>
</phase>
<phase name='buildIR' stamp='0.018'>
<type id='1110' name='byte'/>
<klass id='1120' name='java.lang.String' flags='17'/>
<method id='1249' holder='1120' name='coder' return='1110' flags='0' bytes='15' iicount='407'/>
<parse method='1249'  stamp='0.018'>
<phase name='parse_hir' stamp='0.018'>
<phase_done stamp='0.018'/>
</phase>
<parse_done stamp='0.018'/>
</parse>
<phase name='optimize_blocks' stamp='0.018'>
<phase_done stamp='0.018'/>
</phase>
<phase name='gvn' stamp='0.018'>
<phase_done stamp='0.018'/>
</phase>
<phase name='rangeCheckElimination' stamp='0.018'>
<phase_done stamp='0.018'/>
</phase>
<phase name='optimize_null_checks' stamp='0.018'>
<phase_done stamp='0.018'/>
</phase>
<phase_done stamp='0.018'/>
</phase>
<phase name='emit_lir' stamp='0.018'>
<phase name='lirGeneration' stamp='0.018'>
<phase_done stamp='0.018'/>
</phase>
<phase name='linearScan' stamp='0.018'>
<phase_done stamp='0.018'/>
</phase>
<phase_done stamp='0.018'/>
</phase>
<phase name='codeemit' stamp='0.018'>
<phase_done stamp='0.018'/>
</phase>
<phase name='codeinstall' stamp='0.018'>
<phase_done stamp='0.018'/>
</phase>
<code_cache total_blobs='271' nmethods='3' adapters='189' free_code_cache='250607872'/>
<task_done success='1' nmsize='304' count='471' stamp='0.018'/>
</task>
<task compile_id='3' method='java.lang.String charAt (I)C' bytes='25' count='818' iicount='818' level='3' stamp='0.018'>
<phase name='setup' stamp='0.018'>
<phase_done stamp='0.018'/>
</phase>
<phase name='buildIR' stamp='0.018'>
<type id='1107' name='char'/>
<type id='1112' name='int'/>
<klass id='1120' name='java.lang.String' flags='17'/>
<method id='1249' holder='1120' name='charAt' return='1107' arguments='1112' flags='1' bytes='25' iicount='889'/>
<parse method='1249'  stamp='0.018'>
<phase name='parse_hir' stamp='0.018'>
<bc code='182' bci='1'/>
<type id='1106' name='boolean'/>
<method id='1251' holder='1120' name='isLatin1' return='1106' flags='0' bytes='19' compile_id='2' compiler='c1' level='3' iicount='1038'/>
<call method='1251' instr='invokevirtual'/>
<inline_success reason='inline'/>
<parse method='1251'>
<parse_done stamp='0.018'/>
</parse>
<bc code='184' bci='12'/>
<klass id='1241' name='[B' flags='1041'/>
<klass id='1254' name='java.lang.StringLatin1' flags='16'/>
<method id='1255' holder='1254' name='charAt' return='1107' arguments='1241 1112' flags='9' bytes='28' iicount='1023'/>
<call method='1255' instr='invokestatic'/>
<inline_success reason='inline'/>
<parse method='1255'>
<bc code='183' bci='15'/>
<type id='1114' name='void'/>
<klass id='1257' name='java.lang.StringIndexOutOfBoundsException' unloaded='1'/>
<method id='1258' holder='1257' name='&lt;init&gt;' return='1114' arguments='1112' unloaded='1'/>
<call method='1258' instr='invokespecial'/>
<inline_fail reason='not inlineable'/>
<parse_done stamp='0.018'/>
</parse>
<bc code='184' bci='21'/>
<klass id='1259' name='java.lang.StringUTF16' unloaded='1'/>
<method id='1260' holder='1259' name='charAt' return='1107' arguments='1241 1112' unloaded='1'/>
<call method='1260' instr='invokestatic'/>
<inline_fail reason='not inlineable'/>
<phase_done stamp='0.018'/>
</phase>
<parse_done stamp='0.018'/>
</parse>
<phase name='optimize_blocks' stamp='0.018'>
<phase_done stamp='0.018'/>
</phase>
<phase name='gvn' stamp='0.018'>
<phase_done stamp='0.018'/>
</phase>
<phase name='rangeCheckElimination' stamp='0.018'>
<phase_done stamp='0.018'/>
</phase>
<phase name='optimize_null_checks' stamp='0.018'>
<phase_done stamp='0.018'/>
</phase>
<phase_done stamp='0.018'/>
</phase>
<phase name='emit_lir' stamp='0.018'>
<phase name='lirGeneration' stamp='0.018'>
<phase_done stamp='0.019'/>
</phase>
<phase name='linearScan' stamp='0.019'>
<phase_done stamp='0.019'/>
</phase>
<phase_done stamp='0.019'/>
</phase>
<phase name='codeemit' stamp='0.019'>
<phase_done stamp='0.019'/>
</phase>
<phase name='codeinstall' stamp='0.019'>
<phase_done stamp='0.019'/>
</phase>
<code_cache total_blobs='275' nmethods='4' adapters='189' free_code_cache='250603776'/>
<task_done success='1' nmsize='944' count='1482' inlined_bytes='47' stamp='0.019'/>
</task>
<task compile_id='4' method='java.lang.StringLatin1 charAt ([BI)C' bytes='28' count='1482' iicount='1482' level='3' stamp='0.019'>
<phase name='setup' stamp='0.019'>
<phase_done stamp='0.019'/>
</phase>
<phase name='buildIR' stamp='0.019'>
<type id='1107' name='char'/>
<klass id='1241' name='[B' flags='1041'/>
<type id='1112' name='int'/>
<klass id='1249' name='java.lang.StringLatin1' flags='16'/>
<method id='1250' holder='1249' name='charAt' return='1107' arguments='1241 1112' flags='9' bytes='28' iicount='1482'/>
<parse method='1250'  stamp='0.019'>
<phase name='parse_hir' stamp='0.019'>
<bc code='183' bci='15'/>
<type id='1114' name='void'/>
<klass id='1252' name='java.lang.StringIndexOutOfBoundsException' unloaded='1'/>
<method id='1253' holder='1252' name='&lt;init&gt;' return='1114' arguments='1112' unloaded='1'/>
<call method='1253' instr='invokespecial'/>
<inline_fail reason='not inlineable'/>
<phase_done stamp='0.019'/>
</phase>
<parse_done stamp='0.019'/>
</parse>
<phase name='optimize_blocks' stamp='0.019'>
<phase_done stamp='0.019'/>
</phase>
<phase name='gvn' stamp='0.019'>
<phase_done stamp='0.019'/>
</phase>
<phase name='rangeCheckElimination' stamp='0.019'>
<phase_done stamp='0.019'/>
</phase>
<phase name='optimize_null_checks' stamp='0.019'>
<phase_done stamp='0.019'/>
</phase>
<phase_done stamp='0.019'/>
</phase>
<phase name='emit_lir' stamp='0.019'>
<phase name='lirGeneration' stamp='0.019'>
<phase_done stamp='0.019'/>
</phase>
<phase name='linearScan' stamp='0.019'>
<phase_done stamp='0.019'/>
</phase>
<phase_done stamp='0.019'/>
</phase>
<phase name='codeemit' stamp='0.019'>
<phase_done stamp='0.019'/>
</phase>
<phase name='codeinstall' stamp='0.019'>
<phase_done stamp='0.019'/>
</phase>
<code_cache total_blobs='277' nmethods='5' adapters='189' free_code_cache='250601856'/>
<task_done success='1' nmsize='480' count='1775' stamp='0.019'/>
</task>
<task compile_id='6' method='java.lang.String length ()I' bytes='11' count='506' iicount='506' level='3' stamp='0.019'>
<phase name='setup' stamp='0.019'>
<phase_done stamp='0.019'/>
</phase>
<phase name='buildIR' stamp='0.019'>
<type id='1112' name='int'/>
<klass id='1120' name='java.lang.String' flags='17'/>
<method id='1249' holder='1120' name='length' return='1112' flags='1' bytes='11' iicount='512'/>
<parse method='1249'  stamp='0.019'>
<phase name='parse_hir' stamp='0.019'>
<bc code='182' bci='6'/>
<type id='1110' name='byte'/>
<method id='1251' holder='1120' name='coder' return='1110' flags='0' bytes='15' compile_id='5' compiler='c1' level='3' iicount='883'/>
<call method='1251' instr='invokevirtual'/>
<inline_success reason='inline'/>
<parse method='1251'>
<parse_done stamp='0.019'/>
</parse>
<phase_done stamp='0.019'/>
</phase>
<parse_done stamp='0.019'/>
</parse>
<phase name='optimize_blocks' stamp='0.019'>
<phase_done stamp='0.019'/>
</phase>
<phase name='gvn' stamp='0.019'>
<phase_done stamp='0.019'/>
</phase>
<phase name='rangeCheckElimination' stamp='0.019'>
<phase_done stamp='0.019'/>
</phase>
<phase name='optimize_null_checks' stamp='0.019'>
<phase_done stamp='0.019'/>
</phase>
<phase_done stamp='0.019'/>
</phase>
<phase name='emit_lir' stamp='0.019'>
<phase name='lirGeneration' stamp='0.019'>
<phase_done stamp='0.019'/>
</phase>
<phase name='linearScan' stamp='0.019'>
<phase_done stamp='0.019'/>
</phase>
<phase_done stamp='0.019'/>
</phase>
<phase name='codeemit' stamp='0.019'>
<phase_done stamp='0.019'/>
</phase>
<phase name='codeinstall' stamp='0.019'>
<phase_done stamp='0.019'/>
</phase>
<code_cache total_blobs='279' nmethods='6' adapters='189' free_code_cache='250600064'/>
<task_done success='1' nmsize='400' count='578' inlined_bytes='15' stamp='0.019'/>
</task>
<task compile_id='7' method='java.io.File getPath ()Ljava/lang/String;' bytes='5' count='148' iicount='148' level='1' stamp='0.020'>
<phase name='setup' stamp='0.020'>
<phase_done stamp='0.020'/>
</phase>
<phase name='buildIR' stamp='0.020'>
<klass id='1120' name='java.lang.String' flags='17'/>
<klass id='1249' name='java.io.File' flags='1'/>
<method id='1250' holder='1249' name='getPath' return='1120' flags='1' bytes='5' iicount='148'/>
<parse method='1250'  stamp='0.020'>
<phase name='parse_hir' stamp='0.020'>
<phase_done stamp='0.020'/>
</phase>
<parse_done stamp='0.020'/>
</parse>
<phase name='optimize_blocks' stamp='0.020'>
<phase_done stamp='0.020'/>
</phase>
<phase name='gvn' stamp='0.020'>
<phase_done stamp='0.020'/>
</phase>
<phase name='rangeCheckElimination' stamp='0.020'>
<phase_done stamp='0.020'/>
</phase>
<phase name='optimize_null_checks' stamp='0.020'>
<phase_done stamp='0.020'/>
</phase>
<phase_done stamp='0.020'/>
</phase>
<phase name='emit_lir' stamp='0.020'>
<phase name='lirGeneration' stamp='0.020'>
<phase_done stamp='0.020'/>
</phase>
<phase name='linearScan' stamp='0.020'>
<phase_done stamp='0.020'/>
</phase>
<phase_done stamp='0.020'/>
</phase>
<phase name='codeemit' stamp='0.020'>
<phase_done stamp='0.020'/>
</phase>
<phase name='codeinstall' stamp='0.020'>
<phase_done stamp='0.020'/>
</phase>
<code_cache total_blobs='284' nmethods='7' adapters='192' free_code_cache='250596224'/>
<task_done success='1' nmsize='208' count='148' stamp='0.020'/>
</task>
<task compile_id='8' method='java.lang.String hashCode ()I' bytes='60' count='683' iicount='683' level='3' stamp='0.020'>
<phase name='setup' stamp='0.020'>
<phase_done stamp='0.020'/>
</phase>
<phase name='buildIR' stamp='0.020'>
<type id='1112' name='int'/>
<klass id='1120' name='java.lang.String' flags='17'/>
<method id='1249' holder='1120' name='hashCode' return='1112' flags='1' bytes='60' iicount='683'/>
<parse method='1249'  stamp='0.020'>
<phase name='parse_hir' stamp='0.020'>
<bc code='182' bci='17'/>
<type id='1106' name='boolean'/>
<method id='1251' holder='1120' name='isLatin1' return='1106' flags='0' bytes='19' compile_id='2' compiler='c1' level='3' iicount='3949'/>
<call method='1251' instr='invokevirtual'/>
<inline_success reason='inline'/>
<parse method='1251'>
<parse_done stamp='0.021'/>
</parse>
<bc code='184' bci='27'/>
<klass id='1241' name='[B' flags='1041'/>
<klass id='1254' name='java.lang.StringLatin1' flags='16'/>
<method id='1255' holder='1254' name='hashCode' return='1112' arguments='1241' flags='9' bytes='42' iicount='31'/>
<call method='1255' instr='invokestatic'/>
<inline_fail reason='callee is too large'/>
<bc code='184' bci='37'/>
<klass id='1257' name='java.lang.StringUTF16' unloaded='1'/>
<method id='1258' holder='1257' name='hashCode' return='1112' arguments='1241' unloaded='1'/>
<call method='1258' instr='invokestatic'/>
<inline_fail reason='not inlineable'/>
<phase_done stamp='0.021'/>
</phase>
<parse_done stamp='0.021'/>
</parse>
<phase name='optimize_blocks' stamp='0.021'>
<phase_done stamp='0.021'/>
</phase>
<phase name='gvn' stamp='0.021'>
<phase_done stamp='0.021'/>
</phase>
<phase name='rangeCheckElimination' stamp='0.021'>
<phase_done stamp='0.021'/>
</phase>
<phase name='optimize_null_checks' stamp='0.021'>
<phase_done stamp='0.021'/>
</phase>
<phase_done stamp='0.021'/>
</phase>
<phase name='emit_lir' stamp='0.021'>
<phase name='lirGeneration' stamp='0.021'>
<phase_done stamp='0.021'/>
</phase>
<phase name='linearScan' stamp='0.021'>
<phase_done stamp='0.021'/>
</phase>
<phase_done stamp='0.021'/>
</phase>
<phase name='codeemit' stamp='0.021'>
<phase_done stamp='0.021'/>
</phase>
<phase name='codeinstall' stamp='0.021'>
<phase_done stamp='0.021'/>
</phase>
<code_cache total_blobs='285' nmethods='8' adapters='192' free_code_cache='250594688'/>
<task_done success='1' nmsize='816' count='1027' inlined_bytes='19' stamp='0.021'/>
</task>
<task compile_id='11' method='java.util.ImmutableCollections$SetN probe (Ljava/lang/Object;)I' bytes='56' count='596' backedge_count='237' iicount='596' level='3' stamp='0.021'>
<phase name='setup' stamp='0.021'>
<phase_done stamp='0.021'/>
</phase>
<phase name='buildIR' stamp='0.021'>
<type id='1112' name='int'/>
<klass id='1119' name='java.lang.Object' flags='1'/>
<klass id='1249' name='java.util.ImmutableCollections$SetN' flags='24'/>
<method id='1250' holder='1249' name='probe' return='1112' arguments='1119' flags='2' bytes='56' iicount='610'/>
<parse method='1250'  stamp='0.021'>
<phase name='parse_hir' stamp='0.021'>
<bc code='182' bci='1'/>
<method id='1254' holder='1119' name='hashCode' return='1112' flags='257' bytes='0' iicount='38'/>
<call method='1254' instr='invokevirtual'/>
<inline_fail reason='no static binding'/>
<bc code='184' bci='9'/>
<klass id='1256' name='java.lang.Math' flags='17'/>
<method id='1257' holder='1256' name='floorMod' return='1112' arguments='1112 1112' flags='9' bytes='20' iicount='654'/>
<call method='1257' instr='invokestatic'/>
<inline_success reason='inline'/>
<parse method='1257'>
<parse_done stamp='0.021'/>
</parse>
<bc code='182' bci='31'/>
<type id='1106' name='boolean'/>
<method id='1259' holder='1119' name='equals' return='1106' arguments='1119' flags='1' bytes='11' iicount='4'/>
<call method='1259' instr='invokevirtual'/>
<inline_fail reason='no static binding'/>
<phase_done stamp='0.021'/>
</phase>
<parse_done stamp='0.021'/>
</parse>
<phase name='optimize_blocks' stamp='0.021'>
<phase_done stamp='0.021'/>
</phase>
<phase name='gvn' stamp='0.021'>
<phase_done stamp='0.021'/>
</phase>
<phase name='rangeCheckElimination' stamp='0.021'>
<phase_done stamp='0.021'/>
</phase>
<phase name='optimize_null_checks' stamp='0.021'>
<phase_done stamp='0.021'/>
</phase>
<phase_done stamp='0.021'/>
</phase>
<phase name='emit_lir' stamp='0.021'>
<phase name='lirGeneration' stamp='0.021'>
<phase_done stamp='0.021'/>
</phase>
<phase name='linearScan' stamp='0.021'>
<phase_done stamp='0.021'/>
</phase>
<phase_done stamp='0.021'/>
</phase>
<phase name='codeemit' stamp='0.021'>
<phase_done stamp='0.021'/>
</phase>
<phase name='codeinstall' stamp='0.021'>
<phase_done stamp='0.021'/>
</phase>
<code_cache total_blobs='286' nmethods='9' adapters='192' free_code_cache='250592384'/>
<task_done success='1' nmsize='1328' count='895' backedge_count='382' inlined_bytes='20' stamp='0.021'/>
</task>
<task compile_id='12' method='java.lang.StringLatin1 equals ([B[B)Z' bytes='36' count='464' backedge_count='411' iicount='464' level='3' stamp='0.021'>
<phase name='setup' stamp='0.021'>
<phase_done stamp='0.021'/>
</phase>
<phase name='buildIR' stamp='0.021'>
<type id='1106' name='boolean'/>
<klass id='1241' name='[B' flags='1041'/>
<klass id='1249' name='java.lang.StringLatin1' flags='16'/>
<method id='1250' holder='1249' name='equals' return='1106' arguments='1241 1241' flags='9' bytes='36' iicount='466'/>
<parse method='1250'  stamp='0.021'>
<phase name='parse_hir' stamp='0.021'>
<phase_done stamp='0.021'/>
</phase>
<parse_done stamp='0.021'/>
</parse>
<phase name='optimize_blocks' stamp='0.021'>
<phase_done stamp='0.021'/>
</phase>
<phase name='gvn' stamp='0.021'>
<phase_done stamp='0.021'/>
</phase>
<phase name='rangeCheckElimination' stamp='0.021'>
<phase_done stamp='0.021'/>
</phase>
<phase name='optimize_null_checks' stamp='0.021'>
<phase_done stamp='0.021'/>
</phase>
<phase_done stamp='0.021'/>
</phase>
<phase name='emit_lir' stamp='0.021'>
<phase name='lirGeneration' stamp='0.021'>
<phase_done stamp='0.021'/>
</phase>
<phase name='linearScan' stamp='0.021'>
<phase_done stamp='0.021'/>
</phase>
<phase_done stamp='0.021'/>
</phase>
<phase name='codeemit' stamp='0.021'>
<phase_done stamp='0.021'/>
</phase>
<phase name='codeinstall' stamp='0.021'>
<phase_done stamp='0.021'/>
</phase>
<code_cache total_blobs='288' nmethods='10' adapters='192' free_code_cache='250588160'/>
<task_done success='1' nmsize='656' count='513' backedge_count='411' stamp='0.021'/>
</task>
<task compile_id='9' method='java.lang.Math floorMod (II)I' bytes='20' count='1069' iicount='1069' level='3' stamp='0.021'>
<phase name='setup' stamp='0.021'>
<phase_done stamp='0.021'/>
</phase>
<phase name='buildIR' stamp='0.021'>
<type id='1112' name='int'/>
<klass id='1249' name='java.lang.Math' flags='17'/>
<method id='1250' holder='1249' name='floorMod' return='1112' arguments='1112 1112' flags='9' bytes='20' iicount='1069'/>
<parse method='1250'  stamp='0.021'>
<phase name='parse_hir' stamp='0.021'>
<phase_done stamp='0.021'/>
</phase>
<parse_done stamp='0.021'/>
</parse>
<phase name='optimize_blocks' stamp='0.021'>
<phase_done stamp='0.021'/>
</phase>
<phase name='gvn' stamp='0.021'>
<phase_done stamp='0.021'/>
</phase>
<phase name='rangeCheckElimination' stamp='0.021'>
<phase_done stamp='0.021'/>
</phase>
<phase name='optimize_null_checks' stamp='0.021'>
<phase_done stamp='0.021'/>
</phase>
<phase_done stamp='0.021'/>
</phase>
<phase name='emit_lir' stamp='0.021'>
<phase name='lirGeneration' stamp='0.021'>
<phase_done stamp='0.021'/>
</phase>
<phase name='linearScan' stamp='0.021'>
<phase_done stamp='0.022'/>
</phase>
<phase_done stamp='0.022'/>
</phase>
<phase name='codeemit' stamp='0.022'>
<phase_done stamp='0.022'/>
</phase>
<phase name='codeinstall' stamp='0.022'>
<phase_done stamp='0.022'/>
</phase>
<code_cache total_blobs='290' nmethods='12' adapters='192' free_code_cache='250586368'/>
<task_done success='1' nmsize='368' count='1069' stamp='0.022'/>
</task>
<task compile_id='10' method='java.lang.String equals (Ljava/lang/Object;)Z' bytes='56' count='624' iicount='624' level='3' stamp='0.022'>
<phase name='setup' stamp='0.022'>
<phase_done stamp='0.022'/>
</phase>
<phase name='buildIR' stamp='0.022'>
<type id='1106' name='boolean'/>
<klass id='1119' name='java.lang.Object' flags='1'/>
<klass id='1120' name='java.lang.String' flags='17'/>
<method id='1249' holder='1120' name='equals' return='1106' arguments='1119' flags='1' bytes='56' iicount='624'/>
<parse method='1249'  stamp='0.022'>
<phase name='parse_hir' stamp='0.022'>
<bc code='184' bci='44'/>
<klass id='1241' name='[B' flags='1041'/>
<klass id='1252' name='java.lang.StringLatin1' flags='16'/>
<method id='1253' holder='1252' name='equals' return='1106' arguments='1241 1241' flags='9' bytes='36' compile_id='12' compiler='c1' level='3' iicount='521'/>
<call method='1253' instr='invokestatic'/>
<inline_fail reason='callee is too large'/>
<phase_done stamp='0.022'/>
</phase>
<parse_done stamp='0.022'/>
</parse>
<phase name='optimize_blocks' stamp='0.022'>
<phase_done stamp='0.022'/>
</phase>
<phase name='gvn' stamp='0.022'>
<phase_done stamp='0.022'/>
</phase>
<phase name='rangeCheckElimination' stamp='0.022'>
<phase_done stamp='0.022'/>
</phase>
<phase name='optimize_null_checks' stamp='0.022'>
<phase_done stamp='0.022'/>
</phase>
<phase_done stamp='0.022'/>
</phase>
<phase name='emit_lir' stamp='0.022'>
<phase name='lirGeneration' stamp='0.022'>
<phase_done stamp='0.022'/>
</phase>
<phase name='linearScan' stamp='0.022'>
<phase_done stamp='0.022'/>
</phase>
<phase_done stamp='0.022'/>
</phase>
<phase name='codeemit' stamp='0.022'>
<phase_done stamp='0.022'/>
</phase>
<phase name='codeinstall' stamp='0.022'>
<phase_done stamp='0.022'/>
</phase>
<code_cache total_blobs='291' nmethods='13' adapters='192' free_code_cache='250584576'/>
<task_done success='1' nmsize='1120' count='656' stamp='0.022'/>
</task>
<task compile_id='15' method='java.util.Set of ()Ljava/util/Set;' bytes='4' count='386' iicount='386' level='3' stamp='0.022'>
<phase name='setup' stamp='0.022'>
<phase_done stamp='0.022'/>
</phase>
<phase name='buildIR' stamp='0.022'>
<klass id='1249' name='java.util.Set' flags='1537'/>
<method id='1250' holder='1249' name='of' return='1249' flags='9' bytes='4' iicount='386'/>
<parse method='1250'  stamp='0.022'>
<phase name='parse_hir' stamp='0.022'>
<phase_done stamp='0.022'/>
</phase>
<parse_done stamp='0.022'/>
</parse>
<phase name='optimize_blocks' stamp='0.022'>
<phase_done stamp='0.022'/>
</phase>
<phase name='gvn' stamp='0.022'>
<phase_done stamp='0.022'/>
</phase>
<phase name='rangeCheckElimination' stamp='0.022'>
<phase_done stamp='0.022'/>
</phase>
<phase name='optimize_null_checks' stamp='0.022'>
<phase_done stamp='0.022'/>
</phase>
<phase_done stamp='0.022'/>
</phase>
<phase name='emit_lir' stamp='0.022'>
<phase name='lirGeneration' stamp='0.022'>
<phase_done stamp='0.022'/>
</phase>
<phase name='linearScan' stamp='0.022'>
<phase_done stamp='0.022'/>
</phase>
<phase_done stamp='0.022'/>
</phase>
<phase name='codeemit' stamp='0.022'>
<phase_done stamp='0.022'/>
</phase>
<phase name='codeinstall' stamp='0.022'>
<phase_done stamp='0.022'/>
</phase>
<code_cache total_blobs='292' nmethods='14' adapters='192' free_code_cache='250583808'/>
<task_done success='1' nmsize='240' count='392' stamp='0.022'/>
</task>
<task compile_id='14' method='java.util.Objects requireNonNull (Ljava/lang/Object;)Ljava/lang/Object;' bytes='14' count='291' iicount='291' level='3' stamp='0.022'>
<phase name='setup' stamp='0.022'>
<phase_done stamp='0.022'/>
</phase>
<phase name='buildIR' stamp='0.022'>
<klass id='1119' name='java.lang.Object' flags='1'/>
<klass id='1249' name='java.util.Objects' flags='17'/>
<method id='1250' holder='1249' name='requireNonNull' return='1119' arguments='1119' flags='9' bytes='14' iicount='298'/>
<parse method='1250'  stamp='0.022'>
<phase name='parse_hir' stamp='0.022'>
<bc code='183' bci='8'/>
<type id='1114' name='void'/>
<klass id='1245' name='java.lang.NullPointerException' flags='1'/>
<method id='1252' holder='1245' name='&lt;init&gt;' return='1114' flags='1' bytes='5' iicount='1'/>
<call method='1252' instr='invokespecial'/>
<inline_fail reason='don&apos;t inline Throwable constructors'/>
<phase_done stamp='0.022'/>
</phase>
<parse_done stamp='0.022'/>
</parse>
<phase name='optimize_blocks' stamp='0.022'>
<phase_done stamp='0.022'/>
</phase>
<phase name='gvn' stamp='0.022'>
<phase_done stamp='0.022'/>
</phase>
<phase name='rangeCheckElimination' stamp='0.022'>
<phase_done stamp='0.022'/>
</phase>
<phase name='optimize_null_checks' stamp='0.022'>
<phase_done stamp='0.022'/>
</phase>
<phase_done stamp='0.022'/>
</phase>
<phase name='emit_lir' stamp='0.022'>
<phase name='lirGeneration' stamp='0.022'>
<phase_done stamp='0.022'/>
</phase>
<phase name='linearScan' stamp='0.022'>
<phase_done stamp='0.022'/>
</phase>
<phase_done stamp='0.022'/>
</phase>
<phase name='codeemit' stamp='0.022'>
<phase_done stamp='0.022'/>
</phase>
<phase name='codeinstall' stamp='0.022'>
<phase_done stamp='0.022'/>
</phase>
<code_cache total_blobs='293' nmethods='15' adapters='192' free_code_cache='250582656'/>
<task_done success='1' nmsize='480' count='318' stamp='0.022'/>
</task>
<task compile_id='16' method='java.util.AbstractCollection &lt;init&gt; ()V' bytes='5' count='285' iicount='285' level='3' stamp='0.022'>
<phase name='setup' stamp='0.022'>
<phase_done stamp='0.022'/>
</phase>
<phase name='buildIR' stamp='0.022'>
<type id='1114' name='void'/>
<klass id='1209' name='java.util.AbstractCollection' flags='1025'/>
<method id='1249' holder='1209' name='&lt;init&gt;' return='1114' flags='4' bytes='5' iicount='288'/>
<parse method='1249'  stamp='0.022'>
<phase name='parse_hir' stamp='0.022'>
<bc code='183' bci='1'/>
<klass id='1119' name='java.lang.Object' flags='1'/>
<method id='1251' holder='1119' name='&lt;init&gt;' return='1114' flags='1' bytes='1' compile_id='13' compiler='c2' level='4' iicount='1511'/>
<call method='1251' instr='invokespecial'/>
<inline_success reason='inline'/>
<parse method='1251'>
<bc code='177' bci='0'/>
<dependency type='no_finalizable_subclasses' ctxk='1209'/>
<parse_done stamp='0.022'/>
</parse>
<phase_done stamp='0.022'/>
</phase>
<parse_done stamp='0.022'/>
</parse>
<phase name='optimize_blocks' stamp='0.022'>
<phase_done stamp='0.022'/>
</phase>
<phase name='gvn' stamp='0.022'>
<phase_done stamp='0.022'/>
</phase>
<phase name='rangeCheckElimination' stamp='0.022'>
<phase_done stamp='0.022'/>
</phase>
<phase name='optimize_null_checks' stamp='0.022'>
<phase_done stamp='0.022'/>
</phase>
<phase_done stamp='0.022'/>
</phase>
<phase name='emit_lir' stamp='0.022'>
<phase name='lirGeneration' stamp='0.022'>
<phase_done stamp='0.022'/>
</phase>
<phase name='linearScan' stamp='0.022'>
<phase_done stamp='0.022'/>
</phase>
<phase_done stamp='0.022'/>
</phase>
<phase name='codeemit' stamp='0.022'>
<phase_done stamp='0.022'/>
</phase>
<phase name='codeinstall' stamp='0.022'>
<dependency type='no_finalizable_subclasses' ctxk='1209'/>
<phase_done stamp='0.022'/>
</phase>
<code_cache total_blobs='294' nmethods='16' adapters='192' free_code_cache='250581632'/>
<task_done success='1' nmsize='336' count='309' inlined_bytes='1' stamp='0.022'/>
</task>
<task compile_id='17' method='java.util.ImmutableCollections$AbstractImmutableCollection &lt;init&gt; ()V' bytes='5' count='292' iicount='292' level='3' stamp='0.022'>
<phase name='setup' stamp='0.022'>
<phase_done stamp='0.022'/>
</phase>
<phase name='buildIR' stamp='0.022'>
<type id='1114' name='void'/>
<klass id='1249' name='java.util.ImmutableCollections$AbstractImmutableCollection' flags='1032'/>
<method id='1250' holder='1249' name='&lt;init&gt;' return='1114' flags='0' bytes='5' iicount='295'/>
<parse method='1250'  stamp='0.022'>
<phase name='parse_hir' stamp='0.022'>
<bc code='183' bci='1'/>
<klass id='1209' name='java.util.AbstractCollection' flags='1025'/>
<method id='1252' holder='1209' name='&lt;init&gt;' return='1114' flags='4' bytes='5' compile_id='16' compiler='c1' level='3' iicount='314'/>
<call method='1252' instr='invokespecial'/>
<inline_success reason='inline'/>
<parse method='1252'>
<bc code='183' bci='1'/>
<klass id='1119' name='java.lang.Object' flags='1'/>
<method id='1254' holder='1119' name='&lt;init&gt;' return='1114' flags='1' bytes='1' compile_id='13' compiler='c2' level='4' iicount='1518'/>
<call method='1254' instr='invokespecial'/>
<inline_success reason='inline'/>
<parse method='1254'>
<bc code='177' bci='0'/>
<dependency type='no_finalizable_subclasses' ctxk='1249'/>
<parse_done stamp='0.022'/>
</parse>
<parse_done stamp='0.022'/>
</parse>
<phase_done stamp='0.022'/>
</phase>
<parse_done stamp='0.022'/>
</parse>
<phase name='optimize_blocks' stamp='0.022'>
<phase_done stamp='0.022'/>
</phase>
<phase name='gvn' stamp='0.022'>
<phase_done stamp='0.022'/>
</phase>
<phase name='rangeCheckElimination' stamp='0.022'>
<phase_done stamp='0.022'/>
</phase>
<phase name='optimize_null_checks' stamp='0.022'>
<phase_done stamp='0.022'/>
</phase>
<phase_done stamp='0.022'/>
</phase>
<phase name='emit_lir' stamp='0.022'>
<phase name='lirGeneration' stamp='0.022'>
<phase_done stamp='0.022'/>
</phase>
<phase name='linearScan' stamp='0.022'>
<phase_done stamp='0.022'/>
</phase>
<phase_done stamp='0.022'/>
</phase>
<phase name='codeemit' stamp='0.022'>
<phase_done stamp='0.022'/>
</phase>
<phase name='codeinstall' stamp='0.022'>
<dependency type='no_finalizable_subclasses' ctxk='1249'/>
<phase_done stamp='0.022'/>
</phase>
<code_cache total_blobs='295' nmethods='17' adapters='192' free_code_cache='250580480'/>
<task_done success='1' nmsize='432' count='311' inlined_bytes='6' stamp='0.022'/>
</task>
<task compile_id='19' method='java.lang.module.ModuleDescriptor modsHashCode (Ljava/lang/Iterable;)I' bytes='43' count='384' backedge_count='48' iicount='384' level='3' stamp='0.022'>
<phase name='setup' stamp='0.022'>
<phase_done stamp='0.022'/>
</phase>
<phase name='buildIR' stamp='0.022'>
<type id='1112' name='int'/>
<klass id='1250' name='java.lang.Iterable' flags='1537'/>
<klass id='1249' name='java.lang.module.ModuleDescriptor' flags='1'/>
<method id='1251' holder='1249' name='modsHashCode' return='1112' arguments='1250' flags='10' bytes='43' iicount='387'/>
<parse method='1251'  stamp='0.022'>
<phase name='parse_hir' stamp='0.022'>
<bc code='185' bci='3'/>
<klass id='1228' name='java.util.Iterator' flags='1537'/>
<method id='1253' holder='1250' name='iterator' return='1228' flags='1025' bytes='0' iicount='1'/>
<call method='1253' instr='invokeinterface'/>
<inline_fail reason='no static binding'/>
<bc code='185' bci='10'/>
<type id='1106' name='boolean'/>
<method id='1255' holder='1228' name='hasNext' return='1106' flags='1025' bytes='0' iicount='1'/>
<call method='1255' instr='invokeinterface'/>
<inline_fail reason='no static binding'/>
<bc code='185' bci='19'/>
<klass id='1119' name='java.lang.Object' flags='1'/>
<method id='1256' holder='1228' name='next' return='1119' flags='1025' bytes='0' iicount='1'/>
<call method='1256' instr='invokeinterface'/>
<inline_fail reason='no static binding'/>
<bc code='182' bci='30'/>
<klass id='1120' name='java.lang.String' flags='17'/>
<klass id='1257' name='java.lang.Enum' flags='1025'/>
<method id='1258' holder='1257' name='name' return='1120' flags='17' bytes='5' iicount='53'/>
<call method='1258' instr='invokevirtual'/>
<inline_success reason='inline'/>
<parse method='1258'>
<parse_done stamp='0.022'/>
</parse>
<bc code='182' bci='33'/>
<method id='1260' holder='1120' name='hashCode' return='1112' flags='1' bytes='60' compile_id='8' compiler='c1' level='3' iicount='2031'/>
<call method='1260' instr='invokevirtual'/>
<inline_fail reason='callee is too large'/>
<phase_done stamp='0.022'/>
</phase>
<parse_done stamp='0.022'/>
</parse>
<phase name='optimize_blocks' stamp='0.022'>
<phase_done stamp='0.022'/>
</phase>
<phase name='gvn' stamp='0.022'>
<phase_done stamp='0.022'/>
</phase>
<phase name='rangeCheckElimination' stamp='0.022'>
<phase_done stamp='0.022'/>
</phase>
<phase name='optimize_null_checks' stamp='0.022'>
<phase_done stamp='0.022'/>
</phase>
<phase_done stamp='0.022'/>
</phase>
<phase name='emit_lir' stamp='0.022'>
<phase name='lirGeneration' stamp='0.022'>
<phase_done stamp='0.022'/>
</phase>
<phase name='linearScan' stamp='0.022'>
<phase_done stamp='0.022'/>
</phase>
<phase_done stamp='0.022'/>
</phase>
<phase name='codeemit' stamp='0.022'>
<phase_done stamp='0.022'/>
</phase>
<phase name='codeinstall' stamp='0.022'>
<phase_done stamp='0.022'/>
</phase>
<code_cache total_blobs='296' nmethods='18' adapters='192' free_code_cache='250578176'/>
<task_done success='1' nmsize='1360' count='413' backedge_count='59' inlined_bytes='5' stamp='0.022'/>
</task>
<task compile_id='18' method='java.util.ImmutableCollections$AbstractImmutableSet &lt;init&gt; ()V' bytes='5' count='320' iicount='320' level='3' stamp='0.022'>
<phase name='setup' stamp='0.022'>
<phase_done stamp='0.022'/>
</phase>
<phase name='buildIR' stamp='0.022'>
<type id='1114' name='void'/>
<klass id='1249' name='java.util.ImmutableCollections$AbstractImmutableSet' flags='1032'/>
<method id='1250' holder='1249' name='&lt;init&gt;' return='1114' flags='0' bytes='5' iicount='320'/>
<parse method='1250'  stamp='0.022'>
<phase name='parse_hir' stamp='0.022'>
<bc code='183' bci='1'/>
<klass id='1252' name='java.util.ImmutableCollections$AbstractImmutableCollection' flags='1032'/>
<method id='1253' holder='1252' name='&lt;init&gt;' return='1114' flags='0' bytes='5' compile_id='17' compiler='c1' level='3' iicount='377'/>
<call method='1253' instr='invokespecial'/>
<inline_success reason='inline'/>
<parse method='1253'>
<bc code='183' bci='1'/>
<klass id='1209' name='java.util.AbstractCollection' flags='1025'/>
<method id='1255' holder='1209' name='&lt;init&gt;' return='1114' flags='4' bytes='5' compile_id='16' compiler='c1' level='3' iicount='396'/>
<call method='1255' instr='invokespecial'/>
<inline_success reason='inline'/>
<parse method='1255'>
<bc code='183' bci='1'/>
<klass id='1119' name='java.lang.Object' flags='1'/>
<method id='1257' holder='1119' name='&lt;init&gt;' return='1114' flags='1' bytes='1' compile_id='13' compiler='c2' level='4' iicount='1599'/>
<call method='1257' instr='invokespecial'/>
<inline_success reason='inline'/>
<parse method='1257'>
<bc code='177' bci='0'/>
<dependency type='no_finalizable_subclasses' ctxk='1249'/>
<parse_done stamp='0.022'/>
</parse>
<parse_done stamp='0.022'/>
</parse>
<parse_done stamp='0.022'/>
</parse>
<phase_done stamp='0.022'/>
</phase>
<parse_done stamp='0.022'/>
</parse>
<phase name='optimize_blocks' stamp='0.022'>
<phase_done stamp='0.022'/>
</phase>
<phase name='gvn' stamp='0.022'>
<phase_done stamp='0.022'/>
</phase>
<phase name='rangeCheckElimination' stamp='0.022'>
<phase_done stamp='0.022'/>
</phase>
<phase name='optimize_null_checks' stamp='0.022'>
<phase_done stamp='0.022'/>
</phase>
<phase_done stamp='0.022'/>
</phase>
<phase name='emit_lir' stamp='0.022'>
<phase name='lirGeneration' stamp='0.022'>
<phase_done stamp='0.022'/>
</phase>
<phase name='linearScan' stamp='0.022'>
<phase_done stamp='0.022'/>
</phase>
<phase_done stamp='0.022'/>
</phase>
<phase name='codeemit' stamp='0.022'>
<phase_done stamp='0.022'/>
</phase>
<phase name='codeinstall' stamp='0.022'>
<dependency type='no_finalizable_subclasses' ctxk='1249'/>
<phase_done stamp='0.022'/>
</phase>
<code_cache total_blobs='297' nmethods='19' adapters='192' free_code_cache='250576896'/>
<task_done success='1' nmsize='560' count='331' inlined_bytes='11' stamp='0.022'/>
</task>
<task compile_id='20' method='java.util.Set of ([Ljava/lang/Object;)Ljava/util/Set;' bytes='68' count='286' iicount='286' level='3' stamp='0.022'>
<phase name='setup' stamp='0.022'>
<phase_done stamp='0.022'/>
</phase>
<phase name='buildIR' stamp='0.022'>
<klass id='1249' name='java.util.Set' flags='1537'/>
<klass id='1250' name='[Ljava.lang.Object;' flags='1041'/>
<method id='1251' holder='1249' name='of' return='1249' arguments='1250' flags='137' bytes='68' iicount='292'/>
<parse method='1251'  stamp='0.022'>
<phase name='parse_hir' stamp='0.022'>
<bc code='183' bci='41'/>
<type id='1114' name='void'/>
<klass id='1119' name='java.lang.Object' flags='1'/>
<klass id='1257' name='java.util.ImmutableCollections$Set12' flags='24'/>
<method id='1258' holder='1257' name='&lt;init&gt;' return='1114' arguments='1119' flags='0' bytes='20' iicount='145'/>
<call method='1258' instr='invokespecial'/>
<inline_success reason='inline'/>
<parse method='1258'>
<bc code='183' bci='1'/>
<klass id='1260' name='java.util.ImmutableCollections$AbstractImmutableSet' flags='1032'/>
<method id='1261' holder='1260' name='&lt;init&gt;' return='1114' flags='0' bytes='5' compile_id='18' compiler='c1' level='3' iicount='341'/>
<call method='1261' instr='invokespecial'/>
<inline_success reason='inline'/>
<parse method='1261'>
<bc code='183' bci='1'/>
<klass id='1263' name='java.util.ImmutableCollections$AbstractImmutableCollection' flags='1032'/>
<method id='1264' holder='1263' name='&lt;init&gt;' return='1114' flags='0' bytes='5' compile_id='17' compiler='c1' level='3' iicount='402'/>
<call method='1264' instr='invokespecial'/>
<inline_success reason='inline'/>
<parse method='1264'>
<bc code='183' bci='1'/>
<klass id='1209' name='java.util.AbstractCollection' flags='1025'/>
<method id='1266' holder='1209' name='&lt;init&gt;' return='1114' flags='4' bytes='5' compile_id='16' compiler='c1' level='3' iicount='421'/>
<call method='1266' instr='invokespecial'/>
<inline_success reason='inline'/>
<parse method='1266'>
<bc code='183' bci='1'/>
<method id='1268' holder='1119' name='&lt;init&gt;' return='1114' flags='1' bytes='1' compile_id='13' compiler='c2' level='4' iicount='1624'/>
<call method='1268' instr='invokespecial'/>
<inline_success reason='inline'/>
<parse method='1268'>
<parse_done stamp='0.023'/>
</parse>
<parse_done stamp='0.023'/>
</parse>
<parse_done stamp='0.023'/>
</parse>
<parse_done stamp='0.023'/>
</parse>
<bc code='184' bci='6'/>
<klass id='1270' name='java.util.Objects' flags='17'/>
<method id='1271' holder='1270' name='requireNonNull' return='1119' arguments='1119' flags='9' bytes='14' compile_id='14' compiler='c1' level='3' iicount='523'/>
<call method='1271' instr='invokestatic'/>
<inline_success reason='force inline by annotation'/>
<parse method='1271'>
<bc code='183' bci='8'/>
<klass id='1245' name='java.lang.NullPointerException' flags='1'/>
<method id='1273' holder='1245' name='&lt;init&gt;' return='1114' flags='1' bytes='5' iicount='1'/>
<call method='1273' instr='invokespecial'/>
<inline_fail reason='don&apos;t inline Throwable constructors'/>
<parse_done stamp='0.023'/>
</parse>
<parse_done stamp='0.023'/>
</parse>
<bc code='183' bci='55'/>
<method id='1276' holder='1257' name='&lt;init&gt;' return='1114' arguments='1119 1119' flags='0' bytes='53' iicount='75'/>
<call method='1276' instr='invokespecial'/>
<inline_fail reason='callee is too large'/>
<bc code='183' bci='64'/>
<klass id='1253' name='java.util.ImmutableCollections$SetN' flags='24'/>
<method id='1278' holder='1253' name='&lt;init&gt;' return='1114' arguments='1250' flags='128' bytes='90' iicount='121'/>
<call method='1278' instr='invokespecial'/>
<inline_fail reason='callee is too large'/>
<phase_done stamp='0.023'/>
</phase>
<parse_done stamp='0.023'/>
</parse>
<phase name='optimize_blocks' stamp='0.023'>
<phase_done stamp='0.023'/>
</phase>
<phase name='gvn' stamp='0.023'>
<phase_done stamp='0.023'/>
</phase>
<phase name='rangeCheckElimination' stamp='0.023'>
<phase_done stamp='0.023'/>
</phase>
<phase name='optimize_null_checks' stamp='0.023'>
<phase_done stamp='0.023'/>
</phase>
<phase_done stamp='0.023'/>
</phase>
<phase name='emit_lir' stamp='0.023'>
<phase name='lirGeneration' stamp='0.023'>
<phase_done stamp='0.023'/>
</phase>
<phase name='linearScan' stamp='0.023'>
<phase_done stamp='0.023'/>
</phase>
<phase_done stamp='0.023'/>
</phase>
<phase name='codeemit' stamp='0.023'>
<phase_done stamp='0.023'/>
</phase>
<phase name='codeinstall' stamp='0.023'>
<phase_done stamp='0.023'/>
</phase>
<code_cache total_blobs='298' nmethods='20' adapters='192' free_code_cache='250573568'/>
<task_done success='1' nmsize='2080' count='298' inlined_bytes='37' stamp='0.023'/>
</task>
<task compile_id='22' method='java.lang.module.ModuleDescriptor name ()Ljava/lang/String;' bytes='5' count='129' iicount='129' level='1' stamp='0.023'>
<phase name='setup' stamp='0.023'>
<phase_done stamp='0.023'/>
</phase>
<phase name='buildIR' stamp='0.023'>
<klass id='1120' name='java.lang.String' flags='17'/>
<klass id='1249' name='java.lang.module.ModuleDescriptor' flags='1'/>
<method id='1250' holder='1249' name='name' return='1120' flags='1' bytes='5' iicount='134'/>
<parse method='1250'  stamp='0.023'>
<phase name='parse_hir' stamp='0.023'>
<phase_done stamp='0.023'/>
</phase>
<parse_done stamp='0.023'/>
</parse>
<phase name='optimize_blocks' stamp='0.023'>
<phase_done stamp='0.023'/>
</phase>
<phase name='gvn' stamp='0.023'>
<phase_done stamp='0.023'/>
</phase>
<phase name='rangeCheckElimination' stamp='0.023'>
<phase_done stamp='0.023'/>
</phase>
<phase name='optimize_null_checks' stamp='0.023'>
<phase_done stamp='0.023'/>
</phase>
<phase_done stamp='0.023'/>
</phase>
<phase name='emit_lir' stamp='0.023'>
<phase name='lirGeneration' stamp='0.023'>
<phase_done stamp='0.023'/>
</phase>
<phase name='linearScan' stamp='0.023'>
<phase_done stamp='0.023'/>
</phase>
<phase_done stamp='0.023'/>
</phase>
<phase name='codeemit' stamp='0.023'>
<phase_done stamp='0.023'/>
</phase>
<phase name='codeinstall' stamp='0.023'>
<phase_done stamp='0.023'/>
</phase>
<code_cache total_blobs='300' nmethods='22' adapters='192' free_code_cache='250571776'/>
<task_done success='1' nmsize='208' count='161' stamp='0.023'/>
</task>
<task compile_id='23' method='java.lang.String isEmpty ()Z' bytes='14' count='257' iicount='257' level='3' stamp='0.023'>
<phase name='setup' stamp='0.023'>
<phase_done stamp='0.023'/>
</phase>
<phase name='buildIR' stamp='0.023'>
<type id='1106' name='boolean'/>
<klass id='1120' name='java.lang.String' flags='17'/>
<method id='1249' holder='1120' name='isEmpty' return='1106' flags='1' bytes='14' iicount='263'/>
<parse method='1249'  stamp='0.023'>
<phase name='parse_hir' stamp='0.023'>
<phase_done stamp='0.023'/>
</phase>
<parse_done stamp='0.023'/>
</parse>
<phase name='optimize_blocks' stamp='0.023'>
<phase_done stamp='0.023'/>
</phase>
<phase name='gvn' stamp='0.023'>
<phase_done stamp='0.023'/>
</phase>
<phase name='rangeCheckElimination' stamp='0.023'>
<phase_done stamp='0.023'/>
</phase>
<phase name='optimize_null_checks' stamp='0.023'>
<phase_done stamp='0.023'/>
</phase>
<phase_done stamp='0.023'/>
</phase>
<phase name='emit_lir' stamp='0.023'>
<phase name='lirGeneration' stamp='0.023'>
<phase_done stamp='0.023'/>
</phase>
<phase name='linearScan' stamp='0.023'>
<phase_done stamp='0.023'/>
</phase>
<phase_done stamp='0.023'/>
</phase>
<phase name='codeemit' stamp='0.023'>
<phase_done stamp='0.023'/>
</phase>
<phase name='codeinstall' stamp='0.023'>
<phase_done stamp='0.023'/>
</phase>
<code_cache total_blobs='301' nmethods='23' adapters='192' free_code_cache='250570752'/>
<task_done success='1' nmsize='368' count='287' stamp='0.023'/>
</task>
<task compile_id='24' method='java.lang.StringLatin1 indexOfChar ([BIII)I' bytes='33' count='130' backedge_count='11118' iicount='130' level='3' stamp='0.023'>
<phase name='setup' stamp='0.023'>
<phase_done stamp='0.023'/>
</phase>
<phase name='buildIR' stamp='0.023'>
<type id='1112' name='int'/>
<klass id='1241' name='[B' flags='1041'/>
<klass id='1249' name='java.lang.StringLatin1' flags='16'/>
<method id='1250' holder='1249' name='indexOfChar' return='1112' arguments='1241 1112 1112 1112' flags='10' bytes='33' iicount='135'/>
<parse method='1250'  stamp='0.023'>
<phase name='parse_hir' stamp='0.023'>
<phase_done stamp='0.023'/>
</phase>
<parse_done stamp='0.023'/>
</parse>
<phase name='optimize_blocks' stamp='0.023'>
<phase_done stamp='0.023'/>
</phase>
<phase name='gvn' stamp='0.023'>
<phase_done stamp='0.023'/>
</phase>
<phase name='rangeCheckElimination' stamp='0.023'>
<phase_done stamp='0.023'/>
</phase>
<phase name='optimize_null_checks' stamp='0.023'>
<phase_done stamp='0.023'/>
</phase>
<phase_done stamp='0.023'/>
</phase>
<phase name='emit_lir' stamp='0.023'>
<phase name='lirGeneration' stamp='0.023'>
<phase_done stamp='0.023'/>
</phase>
<phase name='linearScan' stamp='0.023'>
<phase_done stamp='0.024'/>
</phase>
<phase_done stamp='0.024'/>
</phase>
<phase name='codeemit' stamp='0.024'>
<phase_done stamp='0.024'/>
</phase>
<phase name='codeinstall' stamp='0.024'>
<phase_done stamp='0.024'/>
</phase>
<code_cache total_blobs='302' nmethods='24' adapters='192' free_code_cache='250569472'/>
<task_done success='1' nmsize='528' count='184' backedge_count='11931' stamp='0.024'/>
</task>
<task compile_id='25' method='java.util.Objects equals (Ljava/lang/Object;Ljava/lang/Object;)Z' bytes='23' count='418' iicount='418' level='3' stamp='0.024'>
<phase name='setup' stamp='0.024'>
<phase_done stamp='0.024'/>
</phase>
<phase name='buildIR' stamp='0.024'>
<type id='1106' name='boolean'/>
<klass id='1119' name='java.lang.Object' flags='1'/>
<klass id='1249' name='java.util.Objects' flags='17'/>
<method id='1250' holder='1249' name='equals' return='1106' arguments='1119 1119' flags='9' bytes='23' iicount='418'/>
<parse method='1250'  stamp='0.024'>
<phase name='parse_hir' stamp='0.024'>
<bc code='182' bci='11'/>
<method id='1252' holder='1119' name='equals' return='1106' arguments='1119' flags='1' bytes='11' iicount='4'/>
<call method='1252' instr='invokevirtual'/>
<inline_fail reason='no static binding'/>
<phase_done stamp='0.024'/>
</phase>
<parse_done stamp='0.024'/>
</parse>
<phase name='optimize_blocks' stamp='0.024'>
<phase_done stamp='0.024'/>
</phase>
<phase name='gvn' stamp='0.024'>
<phase_done stamp='0.024'/>
</phase>
<phase name='rangeCheckElimination' stamp='0.024'>
<phase_done stamp='0.024'/>
</phase>
<phase name='optimize_null_checks' stamp='0.024'>
<phase_done stamp='0.024'/>
</phase>
<phase_done stamp='0.024'/>
</phase>
<phase name='emit_lir' stamp='0.024'>
<phase name='lirGeneration' stamp='0.024'>
<phase_done stamp='0.024'/>
</phase>
<phase name='linearScan' stamp='0.024'>
<phase_done stamp='0.024'/>
</phase>
<phase_done stamp='0.024'/>
</phase>
<phase name='codeemit' stamp='0.024'>
<phase_done stamp='0.024'/>
</phase>
<phase name='codeinstall' stamp='0.024'>
<phase_done stamp='0.024'/>
</phase>
<code_cache total_blobs='304' nmethods='25' adapters='192' free_code_cache='250567040'/>
<task_done success='1' nmsize='608' count='418' stamp='0.024'/>
</task>
<task compile_id='27' method='java.util.ImmutableCollections$SetN$SetNIterator hasNext ()Z' bytes='13' count='388' iicount='388' level='3' stamp='0.024'>
<phase name='setup' stamp='0.024'>
<phase_done stamp='0.024'/>
</phase>
<phase name='buildIR' stamp='0.024'>
<type id='1106' name='boolean'/>
<klass id='1249' name='java.util.ImmutableCollections$SetN$SetNIterator' flags='18'/>
<method id='1250' holder='1249' name='hasNext' return='1106' flags='1' bytes='13' iicount='388'/>
<parse method='1250'  stamp='0.024'>
<phase name='parse_hir' stamp='0.024'>
<phase_done stamp='0.024'/>
</phase>
<parse_done stamp='0.024'/>
</parse>
<phase name='optimize_blocks' stamp='0.024'>
<phase_done stamp='0.024'/>
</phase>
<phase name='gvn' stamp='0.024'>
<phase_done stamp='0.024'/>
</phase>
<phase name='rangeCheckElimination' stamp='0.024'>
<phase_done stamp='0.024'/>
</phase>
<phase name='optimize_null_checks' stamp='0.024'>
<phase_done stamp='0.024'/>
</phase>
<phase_done stamp='0.024'/>
</phase>
<phase name='emit_lir' stamp='0.024'>
<phase name='lirGeneration' stamp='0.024'>
<phase_done stamp='0.024'/>
</phase>
<phase name='linearScan' stamp='0.024'>
<phase_done stamp='0.024'/>
</phase>
<phase_done stamp='0.024'/>
</phase>
<phase name='codeemit' stamp='0.024'>
<phase_done stamp='0.024'/>
</phase>
<phase name='codeinstall' stamp='0.024'>
<phase_done stamp='0.024'/>
</phase>
<code_cache total_blobs='306' nmethods='28' adapters='192' free_code_cache='250565120'/>
<task_done success='1' nmsize='336' count='444' stamp='0.024'/>
</task>
<task compile_id='26' method='java.lang.module.ModuleReference descriptor ()Ljava/lang/module/ModuleDescriptor;' bytes='5' count='215' iicount='215' level='1' stamp='0.024'>
<phase name='setup' stamp='0.024'>
<phase_done stamp='0.024'/>
</phase>
<phase name='buildIR' stamp='0.024'>
<klass id='1250' name='java.lang.module.ModuleDescriptor' flags='1'/>
<klass id='1249' name='java.lang.module.ModuleReference' flags='1025'/>
<method id='1251' holder='1249' name='descriptor' return='1250' flags='17' bytes='5' iicount='215'/>
<parse method='1251'  stamp='0.024'>
<phase name='parse_hir' stamp='0.024'>
<phase_done stamp='0.024'/>
</phase>
<parse_done stamp='0.024'/>
</parse>
<phase name='optimize_blocks' stamp='0.024'>
<phase_done stamp='0.024'/>
</phase>
<phase name='gvn' stamp='0.024'>
<phase_done stamp='0.024'/>
</phase>
<phase name='rangeCheckElimination' stamp='0.024'>
<phase_done stamp='0.024'/>
</phase>
<phase name='optimize_null_checks' stamp='0.024'>
<phase_done stamp='0.024'/>
</phase>
<phase_done stamp='0.024'/>
</phase>
<phase name='emit_lir' stamp='0.024'>
<phase name='lirGeneration' stamp='0.024'>
<phase_done stamp='0.024'/>
</phase>
<phase name='linearScan' stamp='0.024'>
<phase_done stamp='0.024'/>
</phase>
<phase_done stamp='0.024'/>
</phase>
<phase name='codeemit' stamp='0.024'>
<phase_done stamp='0.024'/>
</phase>
<phase name='codeinstall' stamp='0.024'>
<phase_done stamp='0.024'/>
</phase>
<code_cache total_blobs='308' nmethods='30' adapters='192' free_code_cache='250563328'/>
<task_done success='1' nmsize='208' count='215' stamp='0.024'/>
</task>
<task compile_id='31' method='java.util.concurrent.ConcurrentHashMap tabAt ([Ljava/util/concurrent/ConcurrentHashMap$Node;I)Ljava/util/concurrent/ConcurrentHashMap$Node;' bytes='22' count='262' iicount='262' level='3' stamp='0.024'>
<phase name='setup' stamp='0.024'>
<phase_done stamp='0.024'/>
</phase>
<phase name='buildIR' stamp='0.024'>
<klass id='1249' name='java.util.concurrent.ConcurrentHashMap$Node' flags='8'/>
<klass id='1250' name='[Ljava.util.concurrent.ConcurrentHashMap$Node;' flags='1040'/>
<type id='1112' name='int'/>
<klass id='1208' name='java.util.concurrent.ConcurrentHashMap' flags='1'/>
<method id='1251' holder='1208' name='tabAt' return='1249' arguments='1250 1112' flags='24' bytes='22' iicount='283'/>
<parse method='1251'  stamp='0.024'>
<phase name='parse_hir' stamp='0.024'>
<bc code='182' bci='15'/>
<klass id='1119' name='java.lang.Object' flags='1'/>
<type id='1113' name='long'/>
<klass id='1196' name='jdk.internal.misc.Unsafe' flags='17'/>
<method id='1255' holder='1196' name='getReferenceAcquire' return='1119' arguments='1119 1113' flags='17' bytes='7' iicount='283'/>
<call method='1255' instr='invokevirtual'/>
<inline_success reason='inline'/>
<parse method='1255'>
<bc code='182' bci='3'/>
<method id='1257' holder='1196' name='getReferenceVolatile' return='1119' arguments='1119 1113' flags='257' bytes='0' compile_id='28' compile_kind='c2n' compiler='' level='0' iicount='128'/>
<call method='1257' instr='invokevirtual'/>
<inline_success reason='intrinsic'/>
<parse_done stamp='0.024'/>
</parse>
<phase_done stamp='0.024'/>
</phase>
<parse_done stamp='0.024'/>
</parse>
<phase name='optimize_blocks' stamp='0.024'>
<phase_done stamp='0.024'/>
</phase>
<phase name='gvn' stamp='0.024'>
<phase_done stamp='0.024'/>
</phase>
<phase name='rangeCheckElimination' stamp='0.024'>
<phase_done stamp='0.024'/>
</phase>
<phase name='optimize_null_checks' stamp='0.024'>
<phase_done stamp='0.024'/>
</phase>
<phase_done stamp='0.024'/>
</phase>
<phase name='emit_lir' stamp='0.024'>
<phase name='lirGeneration' stamp='0.024'>
<phase_done stamp='0.024'/>
</phase>
<phase name='linearScan' stamp='0.024'>
<phase_done stamp='0.024'/>
</phase>
<phase_done stamp='0.024'/>
</phase>
<phase name='codeemit' stamp='0.024'>
<phase_done stamp='0.024'/>
</phase>
<phase name='codeinstall' stamp='0.024'>
<phase_done stamp='0.024'/>
</phase>
<code_cache total_blobs='309' nmethods='31' adapters='192' free_code_cache='250561920'/>
<task_done success='1' nmsize='752' count='283' inlined_bytes='7' stamp='0.024'/>
</task>
<task compile_id='32' method='jdk.internal.misc.Unsafe getReferenceAcquire (Ljava/lang/Object;J)Ljava/lang/Object;' bytes='7' count='283' iicount='283' level='3' stamp='0.024'>
<phase name='setup' stamp='0.024'>
<phase_done stamp='0.024'/>
</phase>
<phase name='buildIR' stamp='0.024'>
<klass id='1119' name='java.lang.Object' flags='1'/>
<type id='1113' name='long'/>
<klass id='1196' name='jdk.internal.misc.Unsafe' flags='17'/>
<method id='1249' holder='1196' name='getReferenceAcquire' return='1119' arguments='1119 1113' flags='17' bytes='7' iicount='283'/>
<parse method='1249'  stamp='0.024'>
<phase name='parse_hir' stamp='0.024'>
<bc code='182' bci='3'/>
<method id='1251' holder='1196' name='getReferenceVolatile' return='1119' arguments='1119 1113' flags='257' bytes='0' compile_id='28' compile_kind='c2n' compiler='' level='0' iicount='128'/>
<call method='1251' instr='invokevirtual'/>
<inline_success reason='intrinsic'/>
<phase_done stamp='0.024'/>
</phase>
<parse_done stamp='0.024'/>
</parse>
<phase name='optimize_blocks' stamp='0.024'>
<phase_done stamp='0.024'/>
</phase>
<phase name='gvn' stamp='0.024'>
<phase_done stamp='0.024'/>
</phase>
<phase name='rangeCheckElimination' stamp='0.024'>
<phase_done stamp='0.024'/>
</phase>
<phase name='optimize_null_checks' stamp='0.024'>
<phase_done stamp='0.024'/>
</phase>
<phase_done stamp='0.024'/>
</phase>
<phase name='emit_lir' stamp='0.024'>
<phase name='lirGeneration' stamp='0.024'>
<phase_done stamp='0.024'/>
</phase>
<phase name='linearScan' stamp='0.024'>
<phase_done stamp='0.024'/>
</phase>
<phase_done stamp='0.024'/>
</phase>
<phase name='codeemit' stamp='0.024'>
<phase_done stamp='0.024'/>
</phase>
<phase name='codeinstall' stamp='0.024'>
<phase_done stamp='0.024'/>
</phase>
<code_cache total_blobs='310' nmethods='32' adapters='192' free_code_cache='250561024'/>
<task_done success='1' nmsize='368' count='284' stamp='0.024'/>
</task>
<task compile_id='33' method='java.util.concurrent.ConcurrentHashMap spread (I)I' bytes='10' count='275' iicount='275' level='3' stamp='0.024'>
<phase name='setup' stamp='0.024'>
<phase_done stamp='0.024'/>
</phase>
<phase name='buildIR' stamp='0.024'>
<type id='1112' name='int'/>
<klass id='1208' name='java.util.concurrent.ConcurrentHashMap' flags='1'/>
<method id='1249' holder='1208' name='spread' return='1112' arguments='1112' flags='24' bytes='10' iicount='275'/>
<parse method='1249'  stamp='0.024'>
<phase name='parse_hir' stamp='0.024'>
<phase_done stamp='0.024'/>
</phase>
<parse_done stamp='0.024'/>
</parse>
<phase name='optimize_blocks' stamp='0.024'>
<phase_done stamp='0.024'/>
</phase>
<phase name='gvn' stamp='0.024'>
<phase_done stamp='0.024'/>
</phase>
<phase name='rangeCheckElimination' stamp='0.024'>
<phase_done stamp='0.024'/>
</phase>
<phase name='optimize_null_checks' stamp='0.024'>
<phase_done stamp='0.024'/>
</phase>
<phase_done stamp='0.024'/>
</phase>
<phase name='emit_lir' stamp='0.024'>
<phase name='lirGeneration' stamp='0.024'>
<phase_done stamp='0.024'/>
</phase>
<phase name='linearScan' stamp='0.024'>
<phase_done stamp='0.024'/>
</phase>
<phase_done stamp='0.024'/>
</phase>
<phase name='codeemit' stamp='0.024'>
<phase_done stamp='0.024'/>
</phase>
<phase name='codeinstall' stamp='0.024'>
<phase_done stamp='0.024'/>
</phase>
<code_cache total_blobs='311' nmethods='33' adapters='192' free_code_cache='250560256'/>
<task_done success='1' nmsize='240' count='275' stamp='0.024'/>
</task>
<task compile_id='37' method='java.lang.Enum ordinal ()I' bytes='5' count='142' iicount='143' level='1' stamp='0.026'>
<phase name='setup' stamp='0.026'>
<phase_done stamp='0.026'/>
</phase>
<phase name='buildIR' stamp='0.026'>
<type id='1112' name='int'/>
<klass id='1249' name='java.lang.Enum' flags='1025'/>
<method id='1250' holder='1249' name='ordinal' return='1112' flags='17' bytes='5' iicount='167'/>
<parse method='1250'  stamp='0.026'>
<phase name='parse_hir' stamp='0.026'>
<phase_done stamp='0.026'/>
</phase>
<parse_done stamp='0.026'/>
</parse>
<phase name='optimize_blocks' stamp='0.026'>
<phase_done stamp='0.026'/>
</phase>
<phase name='gvn' stamp='0.026'>
<phase_done stamp='0.026'/>
</phase>
<phase name='rangeCheckElimination' stamp='0.026'>
<phase_done stamp='0.026'/>
</phase>
<phase name='optimize_null_checks' stamp='0.026'>
<phase_done stamp='0.026'/>
</phase>
<phase_done stamp='0.026'/>
</phase>
<phase name='emit_lir' stamp='0.026'>
<phase name='lirGeneration' stamp='0.026'>
<phase_done stamp='0.026'/>
</phase>
<phase name='linearScan' stamp='0.026'>
<phase_done stamp='0.026'/>
</phase>
<phase_done stamp='0.026'/>
</phase>
<phase name='codeemit' stamp='0.026'>
<phase_done stamp='0.026'/>
</phase>
<phase name='codeinstall' stamp='0.026'>
<phase_done stamp='0.026'/>
</phase>
<code_cache total_blobs='339' nmethods='37' adapters='216' free_code_cache='250537216'/>
<task_done success='1' nmsize='208' count='178' stamp='0.026'/>
</task>
<task compile_id='42' method='java.util.concurrent.ConcurrentHashMap addCount (JI)V' bytes='280' count='256' iicount='256' level='3' stamp='0.027'>
<phase name='setup' stamp='0.027'>
<phase_done stamp='0.027'/>
</phase>
<phase name='buildIR' stamp='0.027'>
<type id='1114' name='void'/>
<type id='1113' name='long'/>
<type id='1112' name='int'/>
<klass id='1208' name='java.util.concurrent.ConcurrentHashMap' flags='1'/>
<method id='1249' holder='1208' name='addCount' return='1114' arguments='1113 1112' flags='18' bytes='280' iicount='256'/>
<parse method='1249'  stamp='0.027'>
<phase name='parse_hir' stamp='0.027'>
<bc code='182' bci='31'/>
<type id='1106' name='boolean'/>
<klass id='1119' name='java.lang.Object' flags='1'/>
<klass id='1196' name='jdk.internal.misc.Unsafe' flags='17'/>
<method id='1255' holder='1196' name='compareAndSetLong' return='1106' arguments='1119 1113 1113 1113' flags='273' bytes='0' compile_id='29' compile_kind='c2n' compiler='' level='0' iicount='128'/>
<call method='1255' instr='invokevirtual'/>
<inline_success reason='intrinsic'/>
<bc code='184' bci='58'/>
<klass id='1256' name='java.util.concurrent.ThreadLocalRandom' unloaded='1'/>
<method id='1257' holder='1256' name='getProbe' return='1112' unloaded='1'/>
<call method='1257' instr='invokestatic'/>
<inline_fail reason='not inlineable'/>
<bc code='182' bci='91'/>
<call method='1255' instr='invokevirtual'/>
<inline_success reason='intrinsic'/>
<bc code='182' bci='115'/>
<method id='1258' holder='1208' name='sumCount' return='1113' flags='16' bytes='60' iicount='1'/>
<call method='1258' instr='invokevirtual'/>
<inline_fail reason='callee is too large'/>
<bc code='184' bci='161'/>
<method id='1262' holder='1208' name='resizeStamp' return='1112' arguments='1112' flags='24' bytes='9' iicount='1'/>
<call method='1262' instr='invokestatic'/>
<inline_success reason='inline'/>
<parse method='1262'>
<bc code='184' bci='1'/>
<klass id='1226' name='java.lang.Integer' flags='17'/>
<method id='1264' holder='1226' name='numberOfLeadingZeros' return='1112' arguments='1112' flags='9' bytes='79' iicount='17'/>
<call method='1264' instr='invokestatic'/>
<inline_fail reason='callee is too large'/>
<parse_done stamp='0.027'/>
</parse>
<bc code='182' bci='227'/>
<method id='1266' holder='1196' name='compareAndSetInt' return='1106' arguments='1119 1113 1112 1112' flags='273' bytes='0' iicount='10'/>
<call method='1266' instr='invokevirtual'/>
<inline_success reason='intrinsic'/>
<bc code='182' bci='238'/>
<klass id='1261' name='[Ljava.util.concurrent.ConcurrentHashMap$Node;' flags='1040'/>
<method id='1267' holder='1208' name='transfer' return='1114' arguments='1261 1261' flags='18' bytes='849' iicount='1'/>
<call method='1267' instr='invokevirtual'/>
<inline_fail reason='callee is too large'/>
<bc code='182' bci='257'/>
<call method='1266' instr='invokevirtual'/>
<inline_success reason='intrinsic'/>
<bc code='182' bci='267'/>
<call method='1267' instr='invokevirtual'/>
<inline_fail reason='callee is too large'/>
<bc code='182' bci='271'/>
<call method='1258' instr='invokevirtual'/>
<inline_fail reason='callee is too large'/>
<bc code='182' bci='104'/>
<method id='1269' holder='1208' name='fullAddCount' return='1114' arguments='1113 1106' flags='18' bytes='462' iicount='1'/>
<call method='1269' instr='invokevirtual'/>
<inline_fail reason='callee is too large'/>
<phase_done stamp='0.027'/>
</phase>
<parse_done stamp='0.027'/>
</parse>
<phase name='optimize_blocks' stamp='0.027'>
<phase_done stamp='0.027'/>
</phase>
<phase name='gvn' stamp='0.027'>
<phase_done stamp='0.027'/>
</phase>
<phase name='rangeCheckElimination' stamp='0.027'>
<phase_done stamp='0.027'/>
</phase>
<phase name='optimize_null_checks' stamp='0.027'>
<phase_done stamp='0.027'/>
</phase>
<phase_done stamp='0.027'/>
</phase>
<phase name='emit_lir' stamp='0.027'>
<phase name='lirGeneration' stamp='0.027'>
<phase_done stamp='0.028'/>
</phase>
<phase name='linearScan' stamp='0.028'>
<phase_done stamp='0.028'/>
</phase>
<phase_done stamp='0.028'/>
</phase>
<phase name='codeemit' stamp='0.028'>
<phase_done stamp='0.028'/>
</phase>
<phase name='codeinstall' stamp='0.028'>
<phase_done stamp='0.028'/>
</phase>
<code_cache total_blobs='355' nmethods='44' adapters='225' free_code_cache='250521984'/>
<task_done success='1' nmsize='2304' count='277' inlined_bytes='9' stamp='0.028'/>
</task>
<task compile_id='43' method='java.util.concurrent.ConcurrentHashMap putVal (Ljava/lang/Object;Ljava/lang/Object;Z)Ljava/lang/Object;' bytes='432' count='274' backedge_count='8' iicount='274' level='3' stamp='0.028'>
<phase name='setup' stamp='0.028'>
<phase_done stamp='0.028'/>
</phase>
<phase name='buildIR' stamp='0.028'>
<klass id='1119' name='java.lang.Object' flags='1'/>
<type id='1106' name='boolean'/>
<klass id='1208' name='java.util.concurrent.ConcurrentHashMap' flags='1'/>
<method id='1249' holder='1208' name='putVal' return='1119' arguments='1119 1119 1106' flags='16' bytes='432' iicount='275'/>
<parse method='1249'  stamp='0.028'>
<phase name='parse_hir' stamp='0.028'>
<bc code='182' bci='17'/>
<type id='1112' name='int'/>
<method id='1251' holder='1119' name='hashCode' return='1112' flags='257' bytes='0' compile_id='36' compile_kind='c2n' compiler='' level='0' iicount='128'/>
<call method='1251' instr='invokevirtual'/>
<inline_fail reason='no static binding'/>
<bc code='184' bci='20'/>
<method id='1252' holder='1208' name='spread' return='1112' arguments='1112' flags='24' bytes='10' compile_id='33' compiler='c1' level='3' iicount='435'/>
<call method='1252' instr='invokestatic'/>
<inline_success reason='inline'/>
<parse method='1252'>
<parse_done stamp='0.028'/>
</parse>
<bc code='184' bci='69'/>
<klass id='1254' name='java.util.concurrent.ConcurrentHashMap$Node' flags='8'/>
<klass id='1255' name='[Ljava.util.concurrent.ConcurrentHashMap$Node;' flags='1040'/>
<method id='1256' holder='1208' name='tabAt' return='1254' arguments='1255 1112' flags='24' bytes='22' compile_id='31' compiler='c1' level='3' iicount='442'/>
<call method='1256' instr='invokestatic'/>
<inline_fail reason='callee uses too much stack'/>
<bc code='183' bci='91'/>
<type id='1114' name='void'/>
<method id='1258' holder='1254' name='&lt;init&gt;' return='1114' arguments='1112 1119 1119' flags='0' bytes='20' iicount='280'/>
<call method='1258' instr='invokespecial'/>
<inline_success reason='inline'/>
<parse method='1258'>
<bc code='183' bci='1'/>
<method id='1260' holder='1119' name='&lt;init&gt;' return='1114' flags='1' bytes='1' compile_id='13' compiler='c2' level='4' iicount='1643'/>
<call method='1260' instr='invokespecial'/>
<inline_success reason='inline'/>
<parse method='1260'>
<parse_done stamp='0.028'/>
</parse>
<parse_done stamp='0.028'/>
</parse>
<bc code='184' bci='94'/>
<method id='1262' holder='1208' name='casTabAt' return='1106' arguments='1255 1112 1254 1254' flags='24' bytes='21' iicount='268'/>
<call method='1262' instr='invokestatic'/>
<inline_fail reason='callee uses too much stack'/>
<bc code='182' bci='120'/>
<method id='1264' holder='1208' name='helpTransfer' return='1255' arguments='1255 1254' flags='16' bytes='124' iicount='1'/>
<call method='1264' instr='invokevirtual'/>
<inline_fail reason='callee is too large'/>
<bc code='182' bci='159'/>
<method id='1266' holder='1119' name='equals' return='1106' arguments='1119' flags='1' bytes='11' iicount='11'/>
<call method='1266' instr='invokevirtual'/>
<inline_fail reason='no static binding'/>
<bc code='184' bci='192'/>
<call method='1256' instr='invokestatic'/>
<inline_fail reason='callee uses too much stack'/>
<bc code='182' bci='242'/>
<call method='1266' instr='invokevirtual'/>
<inline_fail reason='no static binding'/>
<bc code='183' bci='293'/>
<call method='1258' instr='invokespecial'/>
<inline_success reason='inline'/>
<parse method='1258'>
<bc code='183' bci='1'/>
<call method='1260' instr='invokespecial'/>
<inline_success reason='inline'/>
<parse method='1260'>
<parse_done stamp='0.028'/>
</parse>
<parse_done stamp='0.028'/>
</parse>
<bc code='182' bci='331'/>
<klass id='1268' name='java.util.concurrent.ConcurrentHashMap$TreeNode' unloaded='1'/>
<klass id='1267' name='java.util.concurrent.ConcurrentHashMap$TreeBin' unloaded='1'/>
<method id='1269' holder='1267' name='putTreeVal' return='1268' arguments='1112 1119 1119' unloaded='1'/>
<call method='1269' instr='invokevirtual'/>
<inline_fail reason='not inlineable'/>
<bc code='183' bci='374'/>
<klass id='1120' name='java.lang.String' flags='17'/>
<klass id='1271' name='java.lang.IllegalStateException' unloaded='1'/>
<method id='1273' holder='1271' name='&lt;init&gt;' return='1114' arguments='1120' unloaded='1'/>
<call method='1273' instr='invokespecial'/>
<inline_fail reason='not inlineable'/>
<bc code='182' bci='409'/>
<method id='1274' holder='1208' name='treeifyBin' return='1114' arguments='1255 1112' flags='18' bytes='164' iicount='1'/>
<call method='1274' instr='invokevirtual'/>
<inline_fail reason='callee is too large'/>
<bc code='182' bci='427'/>
<type id='1113' name='long'/>
<method id='1276' holder='1208' name='addCount' return='1114' arguments='1113 1112' flags='18' bytes='280' compile_id='42' compiler='c1' level='3' iicount='280'/>
<call method='1276' instr='invokevirtual'/>
<inline_fail reason='callee is too large'/>
<bc code='182' bci='49'/>
<method id='1278' holder='1208' name='initTable' return='1255' flags='18' bytes='112' iicount='8'/>
<call method='1278' instr='invokevirtual'/>
<inline_fail reason='callee is too large'/>
<bc code='183' bci='12'/>
<klass id='1245' name='java.lang.NullPointerException' flags='1'/>
<method id='1280' holder='1245' name='&lt;init&gt;' return='1114' flags='1' bytes='5' iicount='1'/>
<call method='1280' instr='invokespecial'/>
<inline_fail reason='don&apos;t inline Throwable constructors'/>
<phase_done stamp='0.028'/>
</phase>
<parse_done stamp='0.028'/>
</parse>
<phase name='optimize_blocks' stamp='0.028'>
<phase_done stamp='0.028'/>
</phase>
<phase name='gvn' stamp='0.028'>
<phase_done stamp='0.028'/>
</phase>
<phase name='rangeCheckElimination' stamp='0.028'>
<phase_done stamp='0.028'/>
</phase>
<phase name='optimize_null_checks' stamp='0.028'>
<phase_done stamp='0.028'/>
</phase>
<phase_done stamp='0.028'/>
</phase>
<phase name='emit_lir' stamp='0.028'>
<phase name='lirGeneration' stamp='0.028'>
<phase_done stamp='0.028'/>
</phase>
<phase name='linearScan' stamp='0.028'>
<phase_done stamp='0.029'/>
</phase>
<phase_done stamp='0.029'/>
</phase>
<phase name='codeemit' stamp='0.029'>
<phase_done stamp='0.029'/>
</phase>
<phase name='codeinstall' stamp='0.029'>
<phase_done stamp='0.029'/>
</phase>
<code_cache total_blobs='372' nmethods='45' adapters='241' free_code_cache='250499456'/>
<task_done success='1' nmsize='6912' count='277' backedge_count='8' inlined_bytes='52' stamp='0.029'/>
</task>
<task compile_id='45' method='java.lang.Class getClassLoader0 ()Ljava/lang/ClassLoader;' bytes='5' count='175' iicount='175' level='1' stamp='0.029'>
<phase name='setup' stamp='0.029'>
<phase_done stamp='0.029'/>
</phase>
<phase name='buildIR' stamp='0.029'>
<klass id='1123' name='java.lang.ClassLoader' flags='1025'/>
<klass id='1121' name='java.lang.Class' flags='17'/>
<method id='1249' holder='1121' name='getClassLoader0' return='1123' flags='0' bytes='5' iicount='175'/>
<parse method='1249'  stamp='0.029'>
<phase name='parse_hir' stamp='0.029'>
<phase_done stamp='0.029'/>
</phase>
<parse_done stamp='0.029'/>
</parse>
<phase name='optimize_blocks' stamp='0.029'>
<phase_done stamp='0.029'/>
</phase>
<phase name='gvn' stamp='0.029'>
<phase_done stamp='0.029'/>
</phase>
<phase name='rangeCheckElimination' stamp='0.029'>
<phase_done stamp='0.029'/>
</phase>
<phase name='optimize_null_checks' stamp='0.029'>
<phase_done stamp='0.029'/>
</phase>
<phase_done stamp='0.029'/>
</phase>
<phase name='emit_lir' stamp='0.029'>
<phase name='lirGeneration' stamp='0.029'>
<phase_done stamp='0.029'/>
</phase>
<phase name='linearScan' stamp='0.029'>
<phase_done stamp='0.029'/>
</phase>
<phase_done stamp='0.029'/>
</phase>
<phase name='codeemit' stamp='0.029'>
<phase_done stamp='0.029'/>
</phase>
<phase name='codeinstall' stamp='0.029'>
<phase_done stamp='0.029'/>
</phase>
<code_cache total_blobs='376' nmethods='46' adapters='244' free_code_cache='250496384'/>
<task_done success='1' nmsize='208' count='175' stamp='0.029'/>
</task>
<task compile_id='44' method='java.util.concurrent.ConcurrentHashMap$Node &lt;init&gt; (ILjava/lang/Object;Ljava/lang/Object;)V' bytes='20' count='281' iicount='281' level='3' stamp='0.029'>
<phase name='setup' stamp='0.029'>
<phase_done stamp='0.029'/>
</phase>
<phase name='buildIR' stamp='0.029'>
<type id='1114' name='void'/>
<type id='1112' name='int'/>
<klass id='1119' name='java.lang.Object' flags='1'/>
<klass id='1249' name='java.util.concurrent.ConcurrentHashMap$Node' flags='8'/>
<method id='1250' holder='1249' name='&lt;init&gt;' return='1114' arguments='1112 1119 1119' flags='0' bytes='20' iicount='281'/>
<parse method='1250'  stamp='0.029'>
<phase name='parse_hir' stamp='0.029'>
<bc code='183' bci='1'/>
<method id='1252' holder='1119' name='&lt;init&gt;' return='1114' flags='1' bytes='1' compile_id='13' compiler='c2' level='4' iicount='1645'/>
<call method='1252' instr='invokespecial'/>
<inline_success reason='inline'/>
<parse method='1252'>
<bc code='177' bci='0'/>
<dependency type='no_finalizable_subclasses' ctxk='1249'/>
<parse_done stamp='0.029'/>
</parse>
<phase_done stamp='0.029'/>
</phase>
<parse_done stamp='0.029'/>
</parse>
<phase name='optimize_blocks' stamp='0.029'>
<phase_done stamp='0.029'/>
</phase>
<phase name='gvn' stamp='0.029'>
<phase_done stamp='0.029'/>
</phase>
<phase name='rangeCheckElimination' stamp='0.029'>
<phase_done stamp='0.029'/>
</phase>
<phase name='optimize_null_checks' stamp='0.029'>
<phase_done stamp='0.029'/>
</phase>
<phase_done stamp='0.029'/>
</phase>
<phase name='emit_lir' stamp='0.029'>
<phase name='lirGeneration' stamp='0.029'>
<phase_done stamp='0.029'/>
</phase>
<phase name='linearScan' stamp='0.029'>
<phase_done stamp='0.029'/>
</phase>
<phase_done stamp='0.029'/>
</phase>
<phase name='codeemit' stamp='0.029'>
<phase_done stamp='0.029'/>
</phase>
<phase name='codeinstall' stamp='0.029'>
<dependency type='no_finalizable_subclasses' ctxk='1249'/>
<phase_done stamp='0.029'/>
</phase>
<code_cache total_blobs='377' nmethods='47' adapters='244' free_code_cache='250495232'/>
<task_done success='1' nmsize='560' count='281' inlined_bytes='1' stamp='0.029'/>
</task>
<task compile_id='48' method='java.lang.invoke.MethodType returnType ()Ljava/lang/Class;' bytes='5' count='128' iicount='128' level='1' stamp='0.029'>
<phase name='setup' stamp='0.029'>
<phase_done stamp='0.029'/>
</phase>
<phase name='buildIR' stamp='0.029'>
<klass id='1121' name='java.lang.Class' flags='17'/>
<klass id='1183' name='java.lang.invoke.MethodType' flags='17'/>
<method id='1249' holder='1183' name='returnType' return='1121' flags='1' bytes='5' iicount='128'/>
<parse method='1249'  stamp='0.029'>
<phase name='parse_hir' stamp='0.029'>
<phase_done stamp='0.029'/>
</phase>
<parse_done stamp='0.029'/>
</parse>
<phase name='optimize_blocks' stamp='0.029'>
<phase_done stamp='0.029'/>
</phase>
<phase name='gvn' stamp='0.029'>
<phase_done stamp='0.029'/>
</phase>
<phase name='rangeCheckElimination' stamp='0.029'>
<phase_done stamp='0.029'/>
</phase>
<phase name='optimize_null_checks' stamp='0.029'>
<phase_done stamp='0.029'/>
</phase>
<phase_done stamp='0.029'/>
</phase>
<phase name='emit_lir' stamp='0.029'>
<phase name='lirGeneration' stamp='0.029'>
<phase_done stamp='0.029'/>
</phase>
<phase name='linearScan' stamp='0.029'>
<phase_done stamp='0.029'/>
</phase>
<phase_done stamp='0.029'/>
</phase>
<phase name='codeemit' stamp='0.029'>
<phase_done stamp='0.029'/>
</phase>
<phase name='codeinstall' stamp='0.029'>
<phase_done stamp='0.029'/>
</phase>
<code_cache total_blobs='379' nmethods='49' adapters='244' free_code_cache='250493696'/>
<task_done success='1' nmsize='208' count='128' stamp='0.029'/>
</task>
<task compile_id='53' method='java.lang.invoke.MethodTypeForm canonicalize (Ljava/lang/Class;I)Ljava/lang/Class;' bytes='74' count='257' iicount='257' level='3' stamp='0.030'>
<phase name='setup' stamp='0.030'>
<phase_done stamp='0.030'/>
</phase>
<phase name='buildIR' stamp='0.030'>
<klass id='1121' name='java.lang.Class' flags='17'/>
<type id='1112' name='int'/>
<klass id='1249' name='java.lang.invoke.MethodTypeForm' flags='16'/>
<method id='1250' holder='1249' name='canonicalize' return='1121' arguments='1121 1112' flags='8' bytes='74' iicount='257'/>
<parse method='1250'  stamp='0.030'>
<phase name='parse_hir' stamp='0.030'>
<bc code='182' bci='10'/>
<type id='1106' name='boolean'/>
<method id='1253' holder='1121' name='isPrimitive' return='1106' flags='257' bytes='0' compile_id='38' compile_kind='c2n' compiler='' level='0' iicount='128'/>
<call method='1253' instr='invokevirtual'/>
<inline_success reason='intrinsic'/>
<bc code='184' bci='45'/>
<klass id='1255' name='sun.invoke.util.Wrapper' flags='16401'/>
<method id='1256' holder='1255' name='asPrimitiveType' return='1121' arguments='1121' flags='9' bytes='20' iicount='1'/>
<call method='1256' instr='invokestatic'/>
<inline_success reason='inline'/>
<parse method='1256'>
<bc code='184' bci='1'/>
<method id='1258' holder='1255' name='findWrapperType' return='1255' arguments='1121' flags='8' bytes='25' iicount='1'/>
<call method='1258' instr='invokestatic'/>
<inline_success reason='inline'/>
<parse method='1258'>
<bc code='184' bci='4'/>
<method id='1263' holder='1255' name='hashWrap' return='1112' arguments='1121' flags='10' bytes='63' iicount='10'/>
<call method='1263' instr='invokestatic'/>
<inline_fail reason='callee is too large'/>
<parse_done stamp='0.030'/>
</parse>
<bc code='182' bci='10'/>
<method id='1265' holder='1255' name='primitiveType' return='1121' flags='1' bytes='5' iicount='2'/>
<call method='1265' instr='invokevirtual'/>
<inline_success reason='inline'/>
<parse method='1265'>
<parse_done stamp='0.030'/>
</parse>
<bc code='184' bci='14'/>
<method id='1267' holder='1255' name='forceType' return='1121' arguments='1121 1121' flags='8' bytes='72' iicount='1'/>
<call method='1267' instr='invokestatic'/>
<inline_fail reason='callee is too large'/>
<parse_done stamp='0.030'/>
</parse>
<bc code='184' bci='68'/>
<method id='1269' holder='1255' name='asWrapperType' return='1121' arguments='1121' flags='9' bytes='18' iicount='1'/>
<call method='1269' instr='invokestatic'/>
<inline_success reason='inline'/>
<parse method='1269'>
<bc code='182' bci='1'/>
<call method='1253' instr='invokevirtual'/>
<inline_success reason='intrinsic'/>
<bc code='184' bci='8'/>
<method id='1271' holder='1255' name='forPrimitiveType' return='1255' arguments='1121' flags='9' bytes='49' iicount='21'/>
<call method='1271' instr='invokestatic'/>
<inline_fail reason='callee is too large'/>
<bc code='182' bci='12'/>
<method id='1273' holder='1255' name='wrapperType' return='1121' arguments='1121' flags='1' bytes='52' iicount='1'/>
<call method='1273' instr='invokevirtual'/>
<inline_fail reason='callee is too large'/>
<parse_done stamp='0.030'/>
</parse>
<phase_done stamp='0.030'/>
</phase>
<parse_done stamp='0.030'/>
</parse>
<phase name='optimize_blocks' stamp='0.030'>
<phase_done stamp='0.030'/>
</phase>
<phase name='gvn' stamp='0.030'>
<phase_done stamp='0.030'/>
</phase>
<phase name='rangeCheckElimination' stamp='0.030'>
<phase_done stamp='0.030'/>
</phase>
<phase name='optimize_null_checks' stamp='0.030'>
<phase_done stamp='0.030'/>
</phase>
<phase_done stamp='0.030'/>
</phase>
<phase name='emit_lir' stamp='0.030'>
<phase name='lirGeneration' stamp='0.030'>
<phase_done stamp='0.030'/>
</phase>
<phase name='linearScan' stamp='0.030'>
<phase_done stamp='0.030'/>
</phase>
<phase_done stamp='0.030'/>
</phase>
<phase name='codeemit' stamp='0.030'>
<phase_done stamp='0.030'/>
</phase>
<phase name='codeinstall' stamp='0.030'>
<phase_done stamp='0.030'/>
</phase>
<code_cache total_blobs='385' nmethods='55' adapters='244' free_code_cache='250486400'/>
<task_done success='1' nmsize='1712' count='271' inlined_bytes='68' stamp='0.030'/>
</task>
<task compile_id='55' method='java.lang.invoke.MemberName testFlags (II)Z' bytes='16' count='274' iicount='274' level='3' stamp='0.030'>
<phase name='setup' stamp='0.030'>
<phase_done stamp='0.030'/>
</phase>
<phase name='buildIR' stamp='0.030'>
<type id='1106' name='boolean'/>
<type id='1112' name='int'/>
<klass id='1179' name='java.lang.invoke.MemberName' flags='16'/>
<method id='1249' holder='1179' name='testFlags' return='1106' arguments='1112 1112' flags='2' bytes='16' iicount='274'/>
<parse method='1249'  stamp='0.030'>
<phase name='parse_hir' stamp='0.030'>
<phase_done stamp='0.030'/>
</phase>
<parse_done stamp='0.030'/>
</parse>
<phase name='optimize_blocks' stamp='0.030'>
<phase_done stamp='0.030'/>
</phase>
<phase name='gvn' stamp='0.030'>
<phase_done stamp='0.030'/>
</phase>
<phase name='rangeCheckElimination' stamp='0.030'>
<phase_done stamp='0.030'/>
</phase>
<phase name='optimize_null_checks' stamp='0.030'>
<phase_done stamp='0.030'/>
</phase>
<phase_done stamp='0.030'/>
</phase>
<phase name='emit_lir' stamp='0.030'>
<phase name='lirGeneration' stamp='0.030'>
<phase_done stamp='0.030'/>
</phase>
<phase name='linearScan' stamp='0.030'>
<phase_done stamp='0.030'/>
</phase>
<phase_done stamp='0.030'/>
</phase>
<phase name='codeemit' stamp='0.030'>
<phase_done stamp='0.030'/>
</phase>
<phase name='codeinstall' stamp='0.030'>
<phase_done stamp='0.030'/>
</phase>
<code_cache total_blobs='387' nmethods='57' adapters='244' free_code_cache='250484736'/>
<task_done success='1' nmsize='368' count='274' stamp='0.030'/>
</task>
<task compile_id='60' method='java.lang.ref.ReferenceQueue poll ()Ljava/lang/ref/Reference;' bytes='28' count='257' iicount='257' level='3' stamp='0.031'>
<phase name='setup' stamp='0.031'>
<phase_done stamp='0.031'/>
</phase>
<phase name='buildIR' stamp='0.031'>
<klass id='1148' name='java.lang.ref.Reference' flags='1025'/>
<klass id='1249' name='java.lang.ref.ReferenceQueue' flags='1'/>
<method id='1250' holder='1249' name='poll' return='1148' flags='1' bytes='28' iicount='257'/>
<parse method='1250'  stamp='0.031'>
<phase name='parse_hir' stamp='0.031'>
<bc code='182' bci='17'/>
<method id='1253' holder='1249' name='reallyPoll' return='1148' flags='2' bytes='65' iicount='2'/>
<call method='1253' instr='invokevirtual'/>
<inline_fail reason='callee is too large'/>
<phase_done stamp='0.031'/>
</phase>
<parse_done stamp='0.031'/>
</parse>
<phase name='optimize_blocks' stamp='0.031'>
<phase_done stamp='0.031'/>
</phase>
<phase name='gvn' stamp='0.031'>
<phase_done stamp='0.031'/>
</phase>
<phase name='rangeCheckElimination' stamp='0.031'>
<phase_done stamp='0.031'/>
</phase>
<phase name='optimize_null_checks' stamp='0.031'>
<phase_done stamp='0.031'/>
</phase>
<phase_done stamp='0.031'/>
</phase>
<phase name='emit_lir' stamp='0.031'>
<phase name='lirGeneration' stamp='0.031'>
<phase_done stamp='0.031'/>
</phase>
<phase name='linearScan' stamp='0.031'>
<phase_done stamp='0.031'/>
</phase>
<phase_done stamp='0.031'/>
</phase>
<phase name='codeemit' stamp='0.031'>
<phase_done stamp='0.031'/>
</phase>
<phase name='codeinstall' stamp='0.031'>
<phase_done stamp='0.031'/>
</phase>
<code_cache total_blobs='390' nmethods='60' adapters='244' free_code_cache='250481792'/>
<task_done success='1' nmsize='640' count='260' stamp='0.031'/>
</task>
<task compile_id='61' method='java.lang.StringLatin1 canEncode (I)Z' bytes='13' count='398' iicount='398' level='3' stamp='0.031'>
<phase name='setup' stamp='0.031'>
<phase_done stamp='0.031'/>
</phase>
<phase name='buildIR' stamp='0.031'>
<type id='1106' name='boolean'/>
<type id='1112' name='int'/>
<klass id='1249' name='java.lang.StringLatin1' flags='16'/>
<method id='1250' holder='1249' name='canEncode' return='1106' arguments='1112' flags='9' bytes='13' iicount='398'/>
<parse method='1250'  stamp='0.031'>
<phase name='parse_hir' stamp='0.031'>
<phase_done stamp='0.031'/>
</phase>
<parse_done stamp='0.031'/>
</parse>
<phase name='optimize_blocks' stamp='0.031'>
<phase_done stamp='0.031'/>
</phase>
<phase name='gvn' stamp='0.031'>
<phase_done stamp='0.031'/>
</phase>
<phase name='rangeCheckElimination' stamp='0.031'>
<phase_done stamp='0.031'/>
</phase>
<phase name='optimize_null_checks' stamp='0.031'>
<phase_done stamp='0.031'/>
</phase>
<phase_done stamp='0.031'/>
</phase>
<phase name='emit_lir' stamp='0.031'>
<phase name='lirGeneration' stamp='0.031'>
<phase_done stamp='0.031'/>
</phase>
<phase name='linearScan' stamp='0.031'>
<phase_done stamp='0.031'/>
</phase>
<phase_done stamp='0.031'/>
</phase>
<phase name='codeemit' stamp='0.031'>
<phase_done stamp='0.031'/>
</phase>
<phase name='codeinstall' stamp='0.031'>
<phase_done stamp='0.031'/>
</phase>
<code_cache total_blobs='391' nmethods='61' adapters='244' free_code_cache='250480896'/>
<task_done success='1' nmsize='304' count='398' stamp='0.031'/>
</task>
<task compile_id='62' method='java.lang.Math min (II)I' bytes='11' count='257' iicount='257' level='3' stamp='0.031'>
<phase name='setup' stamp='0.031'>
<phase_done stamp='0.031'/>
</phase>
<phase name='buildIR' stamp='0.031'>
<type id='1112' name='int'/>
<klass id='1249' name='java.lang.Math' flags='17'/>
<method id='1250' holder='1249' name='min' return='1112' arguments='1112 1112' flags='9' bytes='11' iicount='257'/>
<parse method='1250'  stamp='0.031'>
<phase name='parse_hir' stamp='0.031'>
<phase_done stamp='0.031'/>
</phase>
<parse_done stamp='0.031'/>
</parse>
<phase name='optimize_blocks' stamp='0.031'>
<phase_done stamp='0.031'/>
</phase>
<phase name='gvn' stamp='0.031'>
<phase_done stamp='0.031'/>
</phase>
<phase name='rangeCheckElimination' stamp='0.031'>
<phase_done stamp='0.031'/>
</phase>
<phase name='optimize_null_checks' stamp='0.031'>
<phase_done stamp='0.031'/>
</phase>
<phase_done stamp='0.031'/>
</phase>
<phase name='emit_lir' stamp='0.031'>
<phase name='lirGeneration' stamp='0.031'>
<phase_done stamp='0.031'/>
</phase>
<phase name='linearScan' stamp='0.031'>
<phase_done stamp='0.031'/>
</phase>
<phase_done stamp='0.031'/>
</phase>
<phase name='codeemit' stamp='0.031'>
<phase_done stamp='0.031'/>
</phase>
<phase name='codeinstall' stamp='0.031'>
<phase_done stamp='0.031'/>
</phase>
<code_cache total_blobs='392' nmethods='62' adapters='244' free_code_cache='250480000'/>
<task_done success='1' nmsize='304' count='259' stamp='0.031'/>
</task>
<task compile_id='63' method='java.lang.invoke.MethodType hashCode ()I' bytes='53' count='268' backedge_count='629' iicount='268' level='3' stamp='0.031'>
<phase name='setup' stamp='0.031'>
<phase_done stamp='0.031'/>
</phase>
<phase name='buildIR' stamp='0.031'>
<type id='1112' name='int'/>
<klass id='1183' name='java.lang.invoke.MethodType' flags='17'/>
<method id='1249' holder='1183' name='hashCode' return='1112' flags='1' bytes='53' iicount='268'/>
<parse method='1249'  stamp='0.031'>
<phase name='parse_hir' stamp='0.031'>
<bc code='182' bci='6'/>
<klass id='1119' name='java.lang.Object' flags='1'/>
<method id='1251' holder='1119' name='hashCode' return='1112' flags='257' bytes='0' compile_id='36' compile_kind='c2n' compiler='' level='0' iicount='128'/>
<call method='1251' instr='invokevirtual'/>
<inline_fail reason='native method'/>
<bc code='182' bci='40'/>
<call method='1251' instr='invokevirtual'/>
<inline_fail reason='native method'/>
<phase_done stamp='0.031'/>
</phase>
<parse_done stamp='0.031'/>
</parse>
<phase name='optimize_blocks' stamp='0.031'>
<phase_done stamp='0.031'/>
</phase>
<phase name='gvn' stamp='0.031'>
<phase_done stamp='0.031'/>
</phase>
<phase name='rangeCheckElimination' stamp='0.031'>
<phase_done stamp='0.031'/>
</phase>
<phase name='optimize_null_checks' stamp='0.031'>
<phase_done stamp='0.031'/>
</phase>
<phase_done stamp='0.031'/>
</phase>
<phase name='emit_lir' stamp='0.031'>
<phase name='lirGeneration' stamp='0.031'>
<phase_done stamp='0.031'/>
</phase>
<phase name='linearScan' stamp='0.031'>
<phase_done stamp='0.031'/>
</phase>
<phase_done stamp='0.031'/>
</phase>
<phase name='codeemit' stamp='0.031'>
<phase_done stamp='0.031'/>
</phase>
<phase name='codeinstall' stamp='0.031'>
<phase_done stamp='0.031'/>
</phase>
<code_cache total_blobs='394' nmethods='64' adapters='244' free_code_cache='250477440'/>
<task_done success='1' nmsize='880' count='286' backedge_count='648' stamp='0.031'/>
</task>
<task compile_id='64' method='java.lang.invoke.MemberName getDeclaringClass ()Ljava/lang/Class;' bytes='5' count='143' iicount='143' level='1' stamp='0.031'>
<phase name='setup' stamp='0.031'>
<phase_done stamp='0.031'/>
</phase>
<phase name='buildIR' stamp='0.031'>
<klass id='1121' name='java.lang.Class' flags='17'/>
<klass id='1179' name='java.lang.invoke.MemberName' flags='16'/>
<method id='1249' holder='1179' name='getDeclaringClass' return='1121' flags='1' bytes='5' iicount='144'/>
<parse method='1249'  stamp='0.031'>
<phase name='parse_hir' stamp='0.031'>
<phase_done stamp='0.032'/>
</phase>
<parse_done stamp='0.032'/>
</parse>
<phase name='optimize_blocks' stamp='0.032'>
<phase_done stamp='0.032'/>
</phase>
<phase name='gvn' stamp='0.032'>
<phase_done stamp='0.032'/>
</phase>
<phase name='rangeCheckElimination' stamp='0.032'>
<phase_done stamp='0.032'/>
</phase>
<phase name='optimize_null_checks' stamp='0.032'>
<phase_done stamp='0.032'/>
</phase>
<phase_done stamp='0.032'/>
</phase>
<phase name='emit_lir' stamp='0.032'>
<phase name='lirGeneration' stamp='0.032'>
<phase_done stamp='0.032'/>
</phase>
<phase name='linearScan' stamp='0.032'>
<phase_done stamp='0.032'/>
</phase>
<phase_done stamp='0.032'/>
</phase>
<phase name='codeemit' stamp='0.032'>
<phase_done stamp='0.032'/>
</phase>
<phase name='codeinstall' stamp='0.032'>
<phase_done stamp='0.032'/>
</phase>
<code_cache total_blobs='396' nmethods='66' adapters='244' free_code_cache='250475904'/>
<task_done success='1' nmsize='208' count='149' stamp='0.032'/>
</task>
<task compile_id='66' method='java.lang.String indexOf (II)I' bytes='29' count='259' iicount='259' level='3' stamp='0.032'>
<phase name='setup' stamp='0.032'>
<phase_done stamp='0.032'/>
</phase>
<phase name='buildIR' stamp='0.032'>
<type id='1112' name='int'/>
<klass id='1120' name='java.lang.String' flags='17'/>
<method id='1249' holder='1120' name='indexOf' return='1112' arguments='1112 1112' flags='1' bytes='29' iicount='261'/>
<parse method='1249'  stamp='0.032'>
<phase name='parse_hir' stamp='0.032'>
<bc code='182' bci='1'/>
<type id='1106' name='boolean'/>
<method id='1251' holder='1120' name='isLatin1' return='1106' flags='0' bytes='19' compile_id='2' compiler='c1' level='3' iicount='5096'/>
<call method='1251' instr='invokevirtual'/>
<inline_success reason='inline'/>
<parse method='1251'>
<parse_done stamp='0.032'/>
</parse>
<bc code='184' bci='13'/>
<klass id='1241' name='[B' flags='1041'/>
<klass id='1254' name='java.lang.StringLatin1' flags='16'/>
<method id='1255' holder='1254' name='indexOf' return='1112' arguments='1241 1112 1112' flags='9' bytes='36' iicount='265'/>
<call method='1255' instr='invokestatic'/>
<inline_fail reason='callee is too large'/>
<bc code='184' bci='25'/>
<klass id='1257' name='java.lang.StringUTF16' unloaded='1'/>
<method id='1258' holder='1257' name='indexOf' return='1112' arguments='1241 1112 1112' unloaded='1'/>
<call method='1258' instr='invokestatic'/>
<inline_fail reason='not inlineable'/>
<phase_done stamp='0.032'/>
</phase>
<parse_done stamp='0.032'/>
</parse>
<phase name='optimize_blocks' stamp='0.032'>
<phase_done stamp='0.032'/>
</phase>
<phase name='gvn' stamp='0.032'>
<phase_done stamp='0.032'/>
</phase>
<phase name='rangeCheckElimination' stamp='0.032'>
<phase_done stamp='0.032'/>
</phase>
<phase name='optimize_null_checks' stamp='0.032'>
<phase_done stamp='0.032'/>
</phase>
<phase_done stamp='0.032'/>
</phase>
<phase name='emit_lir' stamp='0.032'>
<phase name='lirGeneration' stamp='0.032'>
<phase_done stamp='0.032'/>
</phase>
<phase name='linearScan' stamp='0.032'>
<phase_done stamp='0.032'/>
</phase>
<phase_done stamp='0.032'/>
</phase>
<phase name='codeemit' stamp='0.032'>
<phase_done stamp='0.032'/>
</phase>
<phase name='codeinstall' stamp='0.032'>
<phase_done stamp='0.032'/>
</phase>
<code_cache total_blobs='397' nmethods='67' adapters='244' free_code_cache='250474496'/>
<task_done success='1' nmsize='656' count='271' inlined_bytes='19' stamp='0.032'/>
</task>
<task compile_id='68' method='java.lang.String indexOf (I)I' bytes='7' count='265' iicount='265' level='3' stamp='0.032'>
<phase name='setup' stamp='0.032'>
<phase_done stamp='0.032'/>
</phase>
<phase name='buildIR' stamp='0.032'>
<type id='1112' name='int'/>
<klass id='1120' name='java.lang.String' flags='17'/>
<method id='1249' holder='1120' name='indexOf' return='1112' arguments='1112' flags='1' bytes='7' iicount='265'/>
<parse method='1249'  stamp='0.032'>
<phase name='parse_hir' stamp='0.032'>
<bc code='182' bci='3'/>
<method id='1251' holder='1120' name='indexOf' return='1112' arguments='1112 1112' flags='1' bytes='29' compile_id='66' compiler='c1' level='3' iicount='271'/>
<call method='1251' instr='invokevirtual'/>
<inline_success reason='inline'/>
<parse method='1251'>
<bc code='182' bci='1'/>
<type id='1106' name='boolean'/>
<method id='1253' holder='1120' name='isLatin1' return='1106' flags='0' bytes='19' compile_id='2' compiler='c1' level='3' iicount='5109'/>
<call method='1253' instr='invokevirtual'/>
<inline_success reason='inline'/>
<parse method='1253'>
<parse_done stamp='0.032'/>
</parse>
<bc code='184' bci='13'/>
<klass id='1241' name='[B' flags='1041'/>
<klass id='1256' name='java.lang.StringLatin1' flags='16'/>
<method id='1257' holder='1256' name='indexOf' return='1112' arguments='1241 1112 1112' flags='9' bytes='36' iicount='277'/>
<call method='1257' instr='invokestatic'/>
<inline_fail reason='callee is too large'/>
<bc code='184' bci='25'/>
<klass id='1259' name='java.lang.StringUTF16' unloaded='1'/>
<method id='1260' holder='1259' name='indexOf' return='1112' arguments='1241 1112 1112' unloaded='1'/>
<call method='1260' instr='invokestatic'/>
<inline_fail reason='not inlineable'/>
<parse_done stamp='0.032'/>
</parse>
<phase_done stamp='0.032'/>
</phase>
<parse_done stamp='0.032'/>
</parse>
<phase name='optimize_blocks' stamp='0.032'>
<phase_done stamp='0.032'/>
</phase>
<phase name='gvn' stamp='0.032'>
<phase_done stamp='0.032'/>
</phase>
<phase name='rangeCheckElimination' stamp='0.032'>
<phase_done stamp='0.032'/>
</phase>
<phase name='optimize_null_checks' stamp='0.032'>
<phase_done stamp='0.032'/>
</phase>
<phase_done stamp='0.032'/>
</phase>
<phase name='emit_lir' stamp='0.032'>
<phase name='lirGeneration' stamp='0.032'>
<phase_done stamp='0.032'/>
</phase>
<phase name='linearScan' stamp='0.032'>
<phase_done stamp='0.032'/>
</phase>
<phase_done stamp='0.032'/>
</phase>
<phase name='codeemit' stamp='0.032'>
<phase_done stamp='0.032'/>
</phase>
<phase name='codeinstall' stamp='0.032'>
<phase_done stamp='0.032'/>
</phase>
<code_cache total_blobs='399' nmethods='69' adapters='244' free_code_cache='250472192'/>
<task_done success='1' nmsize='752' count='271' inlined_bytes='48' stamp='0.032'/>
</task>
<task compile_id='71' method='java.lang.invoke.MethodType form ()Ljava/lang/invoke/MethodTypeForm;' bytes='5' count='128' iicount='128' level='1' stamp='0.032'>
<phase name='setup' stamp='0.033'>
<phase_done stamp='0.033'/>
</phase>
<phase name='buildIR' stamp='0.033'>
<klass id='1249' name='java.lang.invoke.MethodTypeForm' flags='16'/>
<klass id='1183' name='java.lang.invoke.MethodType' flags='17'/>
<method id='1250' holder='1183' name='form' return='1249' flags='0' bytes='5' iicount='128'/>
<parse method='1250'  stamp='0.033'>
<phase name='parse_hir' stamp='0.033'>
<phase_done stamp='0.033'/>
</phase>
<parse_done stamp='0.033'/>
</parse>
<phase name='optimize_blocks' stamp='0.033'>
<phase_done stamp='0.033'/>
</phase>
<phase name='gvn' stamp='0.033'>
<phase_done stamp='0.033'/>
</phase>
<phase name='rangeCheckElimination' stamp='0.033'>
<phase_done stamp='0.033'/>
</phase>
<phase name='optimize_null_checks' stamp='0.033'>
<phase_done stamp='0.033'/>
</phase>
<phase_done stamp='0.033'/>
</phase>
<phase name='emit_lir' stamp='0.033'>
<phase name='lirGeneration' stamp='0.033'>
<phase_done stamp='0.033'/>
</phase>
<phase name='linearScan' stamp='0.033'>
<phase_done stamp='0.033'/>
</phase>
<phase_done stamp='0.033'/>
</phase>
<phase name='codeemit' stamp='0.033'>
<phase_done stamp='0.033'/>
</phase>
<phase name='codeinstall' stamp='0.033'>
<phase_done stamp='0.033'/>
</phase>
<code_cache total_blobs='401' nmethods='71' adapters='244' free_code_cache='250470656'/>
<task_done success='1' nmsize='208' count='129' stamp='0.033'/>
</task>
<task compile_id='72' method='java.lang.invoke.MethodType makeImpl (Ljava/lang/Class;[Ljava/lang/Class;Z)Ljava/lang/invoke/MethodType;' bytes='109' count='256' iicount='256' level='3' stamp='0.033'>
<phase name='setup' stamp='0.033'>
<phase_done stamp='0.033'/>
</phase>
<phase name='buildIR' stamp='0.033'>
<klass id='1183' name='java.lang.invoke.MethodType' flags='17'/>
<klass id='1121' name='java.lang.Class' flags='17'/>
<klass id='1249' name='[Ljava.lang.Class;' flags='1041'/>
<type id='1106' name='boolean'/>
<method id='1250' holder='1183' name='makeImpl' return='1183' arguments='1121 1249 1106' flags='8' bytes='109' iicount='258'/>
<parse method='1250'  stamp='0.033'>
<phase name='parse_hir' stamp='0.033'>
<bc code='183' bci='17'/>
<type id='1114' name='void'/>
<method id='1254' holder='1183' name='&lt;init&gt;' return='1114' arguments='1121 1249' flags='2' bytes='15' iicount='259'/>
<call method='1254' instr='invokespecial'/>
<inline_success reason='inline'/>
<parse method='1254'>
<bc code='183' bci='1'/>
<klass id='1119' name='java.lang.Object' flags='1'/>
<method id='1256' holder='1119' name='&lt;init&gt;' return='1114' flags='1' bytes='1' compile_id='13' compiler='c2' level='4' iicount='1690'/>
<call method='1256' instr='invokespecial'/>
<inline_success reason='inline'/>
<parse method='1256'>
<parse_done stamp='0.033'/>
</parse>
<parse_done stamp='0.033'/>
</parse>
<bc code='182' bci='25'/>
<klass id='1258' name='java.lang.invoke.MethodType$ConcurrentWeakInternSet' flags='10'/>
<method id='1260' holder='1258' name='get' return='1119' arguments='1119' flags='1' bytes='47' iicount='259'/>
<call method='1260' instr='invokevirtual'/>
<inline_fail reason='callee is too large'/>
<dependency type='leaf_type' ctxk='1258'/>
<bc code='184' bci='42'/>
<klass id='1262' name='java.util.Objects' flags='17'/>
<method id='1263' holder='1262' name='requireNonNull' return='1119' arguments='1119' flags='9' bytes='14' compile_id='14' compiler='c1' level='3' iicount='1882'/>
<call method='1263' instr='invokestatic'/>
<inline_success reason='force inline by annotation'/>
<parse method='1263'>
<bc code='183' bci='8'/>
<klass id='1245' name='java.lang.NullPointerException' flags='1'/>
<method id='1265' holder='1245' name='&lt;init&gt;' return='1114' flags='1' bytes='5' iicount='1'/>
<call method='1265' instr='invokespecial'/>
<inline_fail reason='don&apos;t inline Throwable constructors'/>
<parse_done stamp='0.033'/>
</parse>
<bc code='184' bci='51'/>
<type id='1112' name='int'/>
<method id='1267' holder='1183' name='checkPtypes' return='1112' arguments='1249' flags='10' bytes='76' iicount='151'/>
<call method='1267' instr='invokestatic'/>
<inline_fail reason='callee is too large'/>
<bc code='184' bci='64'/>
<klass id='1270' name='[Ljava.lang.Object;' flags='1041'/>
<klass id='1269' name='java.util.Arrays' flags='1'/>
<method id='1271' holder='1269' name='copyOf' return='1270' arguments='1270 1112' flags='9' bytes='10' iicount='9'/>
<call method='1271' instr='invokestatic'/>
<inline_success reason='inline'/>
<parse method='1271'>
<bc code='182' bci='3'/>
<method id='1273' holder='1119' name='getClass' return='1121' flags='273' bytes='0' compile_id='34' compile_kind='c2n' compiler='' level='0' iicount='128'/>
<call method='1273' instr='invokevirtual'/>
<inline_success reason='intrinsic'/>
<bc code='184' bci='6'/>
<method id='1275' holder='1269' name='copyOf' return='1270' arguments='1270 1112 1121' flags='9' bytes='40' iicount='54'/>
<call method='1275' instr='invokestatic'/>
<inline_fail reason='callee is too large'/>
<parse_done stamp='0.033'/>
</parse>
<bc code='184' bci='72'/>
<call method='1267' instr='invokestatic'/>
<inline_fail reason='callee is too large'/>
<bc code='183' bci='82'/>
<call method='1254' instr='invokespecial'/>
<inline_success reason='inline'/>
<parse method='1254'>
<bc code='183' bci='1'/>
<call method='1256' instr='invokespecial'/>
<inline_success reason='inline'/>
<parse method='1256'>
<parse_done stamp='0.033'/>
</parse>
<parse_done stamp='0.033'/>
</parse>
<bc code='184' bci='91'/>
<klass id='1277' name='java.lang.invoke.MethodTypeForm' flags='16'/>
<method id='1278' holder='1277' name='findForm' return='1277' arguments='1183' flags='8' bytes='24' iicount='95'/>
<call method='1278' instr='invokestatic'/>
<inline_success reason='inline'/>
<parse method='1278'>
<bc code='184' bci='2'/>
<method id='1280' holder='1277' name='canonicalize' return='1183' arguments='1183 1112' flags='9' bytes='59' iicount='95'/>
<call method='1280' instr='invokestatic'/>
<inline_fail reason='callee is too large'/>
<bc code='183' bci='15'/>
<method id='1282' holder='1277' name='&lt;init&gt;' return='1114' arguments='1183' flags='4' bytes='322' iicount='26'/>
<call method='1282' instr='invokespecial'/>
<inline_fail reason='callee is too large'/>
<bc code='182' bci='20'/>
<method id='1284' holder='1183' name='form' return='1277' flags='0' bytes='5' compile_id='71' compiler='c1' level='1' iicount='129'/>
<call method='1284' instr='invokevirtual'/>
<inline_success reason='inline'/>
<parse method='1284'>
<parse_done stamp='0.033'/>
</parse>
<parse_done stamp='0.033'/>
</parse>
<bc code='182' bci='102'/>
<method id='1286' holder='1258' name='add' return='1119' arguments='1119' flags='1' bytes='66' iicount='95'/>
<call method='1286' instr='invokevirtual'/>
<inline_fail reason='callee is too large'/>
<dependency type='leaf_type' ctxk='1258'/>
<phase_done stamp='0.033'/>
</phase>
<parse_done stamp='0.033'/>
</parse>
<phase name='optimize_blocks' stamp='0.033'>
<phase_done stamp='0.033'/>
</phase>
<phase name='gvn' stamp='0.033'>
<phase_done stamp='0.033'/>
</phase>
<phase name='rangeCheckElimination' stamp='0.033'>
<phase_done stamp='0.033'/>
</phase>
<phase name='optimize_null_checks' stamp='0.033'>
<phase_done stamp='0.033'/>
</phase>
<phase_done stamp='0.033'/>
</phase>
<phase name='emit_lir' stamp='0.033'>
<phase name='lirGeneration' stamp='0.033'>
<phase_done stamp='0.033'/>
</phase>
<phase name='linearScan' stamp='0.033'>
<phase_done stamp='0.033'/>
</phase>
<phase_done stamp='0.033'/>
</phase>
<phase name='codeemit' stamp='0.033'>
<phase_done stamp='0.033'/>
</phase>
<phase name='codeinstall' stamp='0.033'>
<dependency type='leaf_type' ctxk='1258'/>
<phase_done stamp='0.033'/>
</phase>
<code_cache total_blobs='402' nmethods='72' adapters='244' free_code_cache='250465280'/>
<task_done success='1' nmsize='3600' count='259' inlined_bytes='72' stamp='0.033'/>
</task>
<task compile_id='76' method='java.util.ImmutableCollections$SetN$SetNIterator next ()Ljava/lang/Object;' bytes='90' count='454' backedge_count='436' iicount='454' level='3' stamp='0.033'>
<phase name='setup' stamp='0.033'>
<phase_done stamp='0.033'/>
</phase>
<phase name='buildIR' stamp='0.033'>
<klass id='1119' name='java.lang.Object' flags='1'/>
<klass id='1249' name='java.util.ImmutableCollections$SetN$SetNIterator' flags='18'/>
<method id='1250' holder='1249' name='next' return='1119' flags='1' bytes='90' iicount='454'/>
<parse method='1250'  stamp='0.033'>
<phase name='parse_hir' stamp='0.033'>
<bc code='183' bci='86'/>
<type id='1114' name='void'/>
<klass id='1256' name='java.util.NoSuchElementException' unloaded='1'/>
<method id='1257' holder='1256' name='&lt;init&gt;' return='1114' unloaded='1'/>
<call method='1257' instr='invokespecial'/>
<inline_fail reason='not inlineable'/>
<phase_done stamp='0.033'/>
</phase>
<parse_done stamp='0.033'/>
</parse>
<phase name='optimize_blocks' stamp='0.033'>
<phase_done stamp='0.034'/>
</phase>
<phase name='gvn' stamp='0.034'>
<phase_done stamp='0.034'/>
</phase>
<phase name='rangeCheckElimination' stamp='0.034'>
<phase_done stamp='0.034'/>
</phase>
<phase name='optimize_null_checks' stamp='0.034'>
<phase_done stamp='0.034'/>
</phase>
<phase_done stamp='0.034'/>
</phase>
<phase name='emit_lir' stamp='0.034'>
<phase name='lirGeneration' stamp='0.034'>
<phase_done stamp='0.034'/>
</phase>
<phase name='linearScan' stamp='0.034'>
<phase_done stamp='0.034'/>
</phase>
<phase_done stamp='0.034'/>
</phase>
<phase name='codeemit' stamp='0.034'>
<phase_done stamp='0.034'/>
</phase>
<phase name='codeinstall' stamp='0.034'>
<phase_done stamp='0.034'/>
</phase>
<code_cache total_blobs='403' nmethods='73' adapters='244' free_code_cache='250463616'/>
<task_done success='1' nmsize='768' count='491' backedge_count='467' stamp='0.034'/>
</task>
<task compile_id='74' method='java.util.ImmutableCollections$SetN iterator ()Ljava/util/Iterator;' bytes='9' count='417' iicount='417' level='3' stamp='0.034'>
<phase name='setup' stamp='0.034'>
<phase_done stamp='0.034'/>
</phase>
<phase name='buildIR' stamp='0.034'>
<klass id='1228' name='java.util.Iterator' flags='1537'/>
<klass id='1249' name='java.util.ImmutableCollections$SetN' flags='24'/>
<method id='1250' holder='1249' name='iterator' return='1228' flags='1' bytes='9' iicount='419'/>
<parse method='1250'  stamp='0.034'>
<phase name='parse_hir' stamp='0.034'>
<bc code='183' bci='5'/>
<type id='1114' name='void'/>
<klass id='1252' name='java.util.ImmutableCollections$SetN$SetNIterator' flags='18'/>
<method id='1253' holder='1252' name='&lt;init&gt;' return='1114' arguments='1249' flags='0' bytes='36' iicount='421'/>
<call method='1253' instr='invokespecial'/>
<inline_fail reason='callee is too large'/>
<phase_done stamp='0.034'/>
</phase>
<parse_done stamp='0.034'/>
</parse>
<phase name='optimize_blocks' stamp='0.034'>
<phase_done stamp='0.034'/>
</phase>
<phase name='gvn' stamp='0.034'>
<phase_done stamp='0.034'/>
</phase>
<phase name='rangeCheckElimination' stamp='0.034'>
<phase_done stamp='0.034'/>
</phase>
<phase name='optimize_null_checks' stamp='0.034'>
<phase_done stamp='0.034'/>
</phase>
<phase_done stamp='0.034'/>
</phase>
<phase name='emit_lir' stamp='0.034'>
<phase name='lirGeneration' stamp='0.034'>
<phase_done stamp='0.034'/>
</phase>
<phase name='linearScan' stamp='0.034'>
<phase_done stamp='0.034'/>
</phase>
<phase_done stamp='0.034'/>
</phase>
<phase name='codeemit' stamp='0.034'>
<phase_done stamp='0.034'/>
</phase>
<phase name='codeinstall' stamp='0.034'>
<phase_done stamp='0.034'/>
</phase>
<code_cache total_blobs='404' nmethods='74' adapters='244' free_code_cache='250462592'/>
<task_done success='1' nmsize='416' count='425' stamp='0.034'/>
</task>
<task compile_id='75' method='java.util.ImmutableCollections$SetN$SetNIterator &lt;init&gt; (Ljava/util/ImmutableCollections$SetN;)V' bytes='36' count='425' iicount='425' level='3' stamp='0.034'>
<phase name='setup' stamp='0.034'>
<phase_done stamp='0.034'/>
</phase>
<phase name='buildIR' stamp='0.034'>
<type id='1114' name='void'/>
<klass id='1250' name='java.util.ImmutableCollections$SetN' flags='24'/>
<klass id='1249' name='java.util.ImmutableCollections$SetN$SetNIterator' flags='18'/>
<method id='1251' holder='1249' name='&lt;init&gt;' return='1114' arguments='1250' flags='0' bytes='36' iicount='425'/>
<parse method='1251'  stamp='0.034'>
<phase name='parse_hir' stamp='0.034'>
<bc code='183' bci='6'/>
<klass id='1119' name='java.lang.Object' flags='1'/>
<method id='1253' holder='1119' name='&lt;init&gt;' return='1114' flags='1' bytes='1' compile_id='13' compiler='c2' level='4' iicount='1725'/>
<call method='1253' instr='invokespecial'/>
<inline_success reason='inline'/>
<parse method='1253'>
<parse_done stamp='0.034'/>
</parse>
<phase_done stamp='0.034'/>
</phase>
<parse_done stamp='0.034'/>
</parse>
<phase name='optimize_blocks' stamp='0.034'>
<phase_done stamp='0.034'/>
</phase>
<phase name='gvn' stamp='0.034'>
<phase_done stamp='0.034'/>
</phase>
<phase name='rangeCheckElimination' stamp='0.034'>
<phase_done stamp='0.034'/>
</phase>
<phase name='optimize_null_checks' stamp='0.034'>
<phase_done stamp='0.034'/>
</phase>
<phase_done stamp='0.034'/>
</phase>
<phase name='emit_lir' stamp='0.034'>
<phase name='lirGeneration' stamp='0.034'>
<phase_done stamp='0.034'/>
</phase>
<phase name='linearScan' stamp='0.034'>
<phase_done stamp='0.034'/>
</phase>
<phase_done stamp='0.034'/>
</phase>
<phase name='codeemit' stamp='0.034'>
<phase_done stamp='0.034'/>
</phase>
<phase name='codeinstall' stamp='0.034'>
<phase_done stamp='0.034'/>
</phase>
<code_cache total_blobs='405' nmethods='75' adapters='244' free_code_cache='250461440'/>
<task_done success='1' nmsize='496' count='429' inlined_bytes='1' stamp='0.034'/>
</task>
<task compile_id='79' method='java.util.HashMap hash (Ljava/lang/Object;)I' bytes='20' count='739' iicount='739' level='3' stamp='0.034'>
<phase name='setup' stamp='0.034'>
<phase_done stamp='0.034'/>
</phase>
<phase name='buildIR' stamp='0.034'>
<type id='1112' name='int'/>
<klass id='1119' name='java.lang.Object' flags='1'/>
<klass id='1249' name='java.util.HashMap' flags='1'/>
<method id='1250' holder='1249' name='hash' return='1112' arguments='1119' flags='24' bytes='20' iicount='758'/>
<parse method='1250'  stamp='0.034'>
<phase name='parse_hir' stamp='0.034'>
<bc code='182' bci='9'/>
<method id='1253' holder='1119' name='hashCode' return='1112' flags='257' bytes='0' compile_id='36' compile_kind='c2n' compiler='' level='0' iicount='128'/>
<call method='1253' instr='invokevirtual'/>
<inline_fail reason='no static binding'/>
<phase_done stamp='0.034'/>
</phase>
<parse_done stamp='0.034'/>
</parse>
<phase name='optimize_blocks' stamp='0.034'>
<phase_done stamp='0.034'/>
</phase>
<phase name='gvn' stamp='0.034'>
<phase_done stamp='0.034'/>
</phase>
<phase name='rangeCheckElimination' stamp='0.034'>
<phase_done stamp='0.034'/>
</phase>
<phase name='optimize_null_checks' stamp='0.034'>
<phase_done stamp='0.034'/>
</phase>
<phase_done stamp='0.034'/>
</phase>
<phase name='emit_lir' stamp='0.034'>
<phase name='lirGeneration' stamp='0.034'>
<phase_done stamp='0.034'/>
</phase>
<phase name='linearScan' stamp='0.034'>
<phase_done stamp='0.034'/>
</phase>
<phase_done stamp='0.034'/>
</phase>
<phase name='codeemit' stamp='0.034'>
<phase_done stamp='0.034'/>
</phase>
<phase name='codeinstall' stamp='0.034'>
<phase_done stamp='0.034'/>
</phase>
<code_cache total_blobs='406' nmethods='76' adapters='244' free_code_cache='250460288'/>
<task_done success='1' nmsize='512' count='900' stamp='0.034'/>
</task>
<task compile_id='80' method='java.util.HashMap newNode (ILjava/lang/Object;Ljava/lang/Object;Ljava/util/HashMap$Node;)Ljava/util/HashMap$Node;' bytes='13' count='495' iicount='495' level='3' stamp='0.034'>
<phase name='setup' stamp='0.034'>
<phase_done stamp='0.034'/>
</phase>
<phase name='buildIR' stamp='0.034'>
<klass id='1250' name='java.util.HashMap$Node' flags='8'/>
<type id='1112' name='int'/>
<klass id='1119' name='java.lang.Object' flags='1'/>
<klass id='1249' name='java.util.HashMap' flags='1'/>
<method id='1251' holder='1249' name='newNode' return='1250' arguments='1112 1119 1119 1250' flags='0' bytes='13' iicount='497'/>
<parse method='1251'  stamp='0.034'>
<phase name='parse_hir' stamp='0.034'>
<bc code='183' bci='9'/>
<type id='1114' name='void'/>
<method id='1253' holder='1250' name='&lt;init&gt;' return='1114' arguments='1112 1119 1119 1250' flags='0' bytes='26' iicount='497'/>
<call method='1253' instr='invokespecial'/>
<inline_success reason='inline'/>
<parse method='1253'>
<bc code='183' bci='1'/>
<method id='1255' holder='1119' name='&lt;init&gt;' return='1114' flags='1' bytes='1' compile_id='13' compiler='c2' level='4' iicount='1795'/>
<call method='1255' instr='invokespecial'/>
<inline_success reason='inline'/>
<parse method='1255'>
<parse_done stamp='0.034'/>
</parse>
<parse_done stamp='0.034'/>
</parse>
<phase_done stamp='0.034'/>
</phase>
<parse_done stamp='0.034'/>
</parse>
<phase name='optimize_blocks' stamp='0.034'>
<phase_done stamp='0.034'/>
</phase>
<phase name='gvn' stamp='0.034'>
<phase_done stamp='0.034'/>
</phase>
<phase name='rangeCheckElimination' stamp='0.034'>
<phase_done stamp='0.034'/>
</phase>
<phase name='optimize_null_checks' stamp='0.034'>
<phase_done stamp='0.034'/>
</phase>
<phase_done stamp='0.034'/>
</phase>
<phase name='emit_lir' stamp='0.034'>
<phase name='lirGeneration' stamp='0.034'>
<phase_done stamp='0.034'/>
</phase>
<phase name='linearScan' stamp='0.034'>
<phase_done stamp='0.034'/>
</phase>
<phase_done stamp='0.034'/>
</phase>
<phase name='codeemit' stamp='0.034'>
<phase_done stamp='0.034'/>
</phase>
<phase name='codeinstall' stamp='0.034'>
<phase_done stamp='0.034'/>
</phase>
<code_cache total_blobs='407' nmethods='77' adapters='244' free_code_cache='250458752'/>
<task_done success='1' nmsize='848' count='518' inlined_bytes='27' stamp='0.034'/>
</task>
<task compile_id='84' method='java.util.HashMap putVal (ILjava/lang/Object;Ljava/lang/Object;ZZ)Ljava/lang/Object;' bytes='300' count='547' backedge_count='52' iicount='547' level='3' stamp='0.034'>
<phase name='setup' stamp='0.034'>
<phase_done stamp='0.034'/>
</phase>
<phase name='buildIR' stamp='0.034'>
<klass id='1119' name='java.lang.Object' flags='1'/>
<type id='1112' name='int'/>
<type id='1106' name='boolean'/>
<klass id='1249' name='java.util.HashMap' flags='1'/>
<method id='1250' holder='1249' name='putVal' return='1119' arguments='1112 1119 1119 1106 1106' flags='16' bytes='300' iicount='554'/>
<parse method='1250'  stamp='0.034'>
<phase name='parse_hir' stamp='0.034'>
<bc code='182' bci='20'/>
<klass id='1255' name='[Ljava.util.HashMap$Node;' flags='1040'/>
<method id='1256' holder='1249' name='resize' return='1255' flags='16' bytes='356' iicount='73'/>
<call method='1256' instr='invokevirtual'/>
<inline_fail reason='callee is too large'/>
<bc code='182' bci='56'/>
<klass id='1253' name='java.util.HashMap$Node' flags='8'/>
<method id='1258' holder='1249' name='newNode' return='1253' arguments='1112 1119 1119 1253' flags='0' bytes='13' compile_id='80' compiler='c1' level='3' iicount='544'/>
<call method='1258' instr='invokevirtual'/>
<inline_fail reason='no static binding'/>
<bc code='182' bci='91'/>
<method id='1259' holder='1119' name='equals' return='1106' arguments='1119' flags='1' bytes='11' iicount='175'/>
<call method='1259' instr='invokevirtual'/>
<inline_fail reason='no static binding'/>
<bc code='182' bci='123'/>
<klass id='1260' name='java.util.HashMap$TreeNode' flags='24'/>
<method id='1261' holder='1260' name='putTreeVal' return='1260' arguments='1249 1255 1112 1119 1119' flags='16' bytes='314' iicount='1'/>
<call method='1261' instr='invokevirtual'/>
<inline_fail reason='callee&apos;s klass not linked yet'/>
<bc code='182' bci='152'/>
<call method='1258' instr='invokevirtual'/>
<inline_fail reason='no static binding'/>
<bc code='182' bci='169'/>
<type id='1114' name='void'/>
<method id='1262' holder='1249' name='treeifyBin' return='1114' arguments='1255 1112' flags='16' bytes='110' iicount='1'/>
<call method='1262' instr='invokevirtual'/>
<inline_fail reason='callee is too large'/>
<bc code='182' bci='203'/>
<call method='1259' instr='invokevirtual'/>
<inline_fail reason='no static binding'/>
<bc code='182' bci='253'/>
<method id='1264' holder='1249' name='afterNodeAccess' return='1114' arguments='1253' flags='0' bytes='1' iicount='2'/>
<call method='1264' instr='invokevirtual'/>
<inline_fail reason='no static binding'/>
<bc code='182' bci='288'/>
<call method='1256' instr='invokevirtual'/>
<inline_fail reason='callee is too large'/>
<bc code='182' bci='295'/>
<method id='1265' holder='1249' name='afterNodeInsertion' return='1114' arguments='1106' flags='0' bytes='1' iicount='559'/>
<call method='1265' instr='invokevirtual'/>
<inline_fail reason='no static binding'/>
<phase_done stamp='0.035'/>
</phase>
<parse_done stamp='0.035'/>
</parse>
<phase name='optimize_blocks' stamp='0.035'>
<phase_done stamp='0.035'/>
</phase>
<phase name='gvn' stamp='0.035'>
<phase_done stamp='0.035'/>
</phase>
<phase name='rangeCheckElimination' stamp='0.035'>
<phase_done stamp='0.035'/>
</phase>
<phase name='optimize_null_checks' stamp='0.035'>
<phase_done stamp='0.035'/>
</phase>
<phase_done stamp='0.035'/>
</phase>
<phase name='emit_lir' stamp='0.035'>
<phase name='lirGeneration' stamp='0.035'>
<phase_done stamp='0.035'/>
</phase>
<phase name='linearScan' stamp='0.035'>
<phase_done stamp='0.035'/>
</phase>
<phase_done stamp='0.035'/>
</phase>
<phase name='codeemit' stamp='0.035'>
<phase_done stamp='0.035'/>
</phase>
<phase name='codeinstall' stamp='0.035'>
<phase_done stamp='0.035'/>
</phase>
<code_cache total_blobs='408' nmethods='78' adapters='244' free_code_cache='250452352'/>
<task_done success='1' nmsize='4560' count='856' backedge_count='59' stamp='0.035'/>
</task>
<task compile_id='86' method='java.util.HashMap getNode (Ljava/lang/Object;)Ljava/util/HashMap$Node;' bytes='150' count='1077' backedge_count='45' iicount='1078' level='3' stamp='0.035'>
<phase name='setup' stamp='0.035'>
<phase_done stamp='0.035'/>
</phase>
<phase name='buildIR' stamp='0.035'>
<klass id='1250' name='java.util.HashMap$Node' flags='8'/>
<klass id='1119' name='java.lang.Object' flags='1'/>
<klass id='1249' name='java.util.HashMap' flags='1'/>
<method id='1251' holder='1249' name='getNode' return='1250' arguments='1119' flags='16' bytes='150' iicount='1093'/>
<parse method='1251'  stamp='0.035'>
<phase name='parse_hir' stamp='0.035'>
<bc code='184' bci='23'/>
<type id='1112' name='int'/>
<method id='1254' holder='1249' name='hash' return='1112' arguments='1119' flags='24' bytes='20' compile_id='79' compiler='c1' level='3' iicount='2126'/>
<call method='1254' instr='invokestatic'/>
<inline_success reason='inline'/>
<parse method='1254'>
<bc code='182' bci='9'/>
<method id='1257' holder='1119' name='hashCode' return='1112' flags='257' bytes='0' compile_id='36' compile_kind='c2n' compiler='' level='0' iicount='128'/>
<call method='1257' instr='invokevirtual'/>
<inline_fail reason='no static binding'/>
<parse_done stamp='0.035'/>
</parse>
<bc code='182' bci='63'/>
<type id='1106' name='boolean'/>
<method id='1258' holder='1119' name='equals' return='1106' arguments='1119' flags='1' bytes='11' iicount='233'/>
<call method='1258' instr='invokevirtual'/>
<inline_fail reason='no static binding'/>
<bc code='182' bci='95'/>
<klass id='1259' name='java.util.HashMap$TreeNode' flags='24'/>
<method id='1260' holder='1259' name='getTreeNode' return='1259' arguments='1112 1119' flags='16' bytes='22' iicount='1'/>
<call method='1260' instr='invokevirtual'/>
<inline_fail reason='callee&apos;s klass not linked yet'/>
<bc code='182' bci='128'/>
<call method='1258' instr='invokevirtual'/>
<inline_fail reason='no static binding'/>
<phase_done stamp='0.035'/>
</phase>
<parse_done stamp='0.035'/>
</parse>
<phase name='optimize_blocks' stamp='0.035'>
<phase_done stamp='0.035'/>
</phase>
<phase name='gvn' stamp='0.035'>
<phase_done stamp='0.035'/>
</phase>
<phase name='rangeCheckElimination' stamp='0.035'>
<phase_done stamp='0.035'/>
</phase>
<phase name='optimize_null_checks' stamp='0.035'>
<phase_done stamp='0.035'/>
</phase>
<phase_done stamp='0.035'/>
</phase>
<phase name='emit_lir' stamp='0.035'>
<phase name='lirGeneration' stamp='0.035'>
<phase_done stamp='0.035'/>
</phase>
<phase name='linearScan' stamp='0.035'>
<phase_done stamp='0.036'/>
</phase>
<phase_done stamp='0.036'/>
</phase>
<phase name='codeemit' stamp='0.036'>
<phase_done stamp='0.036'/>
</phase>
<phase name='codeinstall' stamp='0.036'>
<phase_done stamp='0.036'/>
</phase>
<code_cache total_blobs='409' nmethods='79' adapters='244' free_code_cache='250448000'/>
<task_done success='1' nmsize='2960' count='1372' backedge_count='52' inlined_bytes='20' stamp='0.036'/>
</task>
<task compile_id='92' method='java.util.HashMap$HashIterator nextNode ()Ljava/util/HashMap$Node;' bytes='100' count='833' backedge_count='1488' iicount='834' level='3' stamp='0.036'>
<phase name='setup' stamp='0.036'>
<phase_done stamp='0.036'/>
</phase>
<phase name='buildIR' stamp='0.036'>
<klass id='1250' name='java.util.HashMap$Node' flags='8'/>
<klass id='1249' name='java.util.HashMap$HashIterator' flags='1024'/>
<method id='1251' holder='1249' name='nextNode' return='1250' flags='16' bytes='100' iicount='859'/>
<parse method='1251'  stamp='0.036'>
<phase name='parse_hir' stamp='0.036'>
<bc code='183' bci='23'/>
<type id='1114' name='void'/>
<klass id='1254' name='java.util.ConcurrentModificationException' unloaded='1'/>
<method id='1255' holder='1254' name='&lt;init&gt;' return='1114' unloaded='1'/>
<call method='1255' instr='invokespecial'/>
<inline_fail reason='not inlineable'/>
<bc code='183' bci='35'/>
<klass id='1256' name='java.util.NoSuchElementException' unloaded='1'/>
<method id='1257' holder='1256' name='&lt;init&gt;' return='1114' unloaded='1'/>
<call method='1257' instr='invokespecial'/>
<inline_fail reason='not inlineable'/>
<phase_done stamp='0.036'/>
</phase>
<parse_done stamp='0.036'/>
</parse>
<phase name='optimize_blocks' stamp='0.036'>
<phase_done stamp='0.036'/>
</phase>
<phase name='gvn' stamp='0.036'>
<phase_done stamp='0.036'/>
</phase>
<phase name='rangeCheckElimination' stamp='0.036'>
<phase_done stamp='0.036'/>
</phase>
<phase name='optimize_null_checks' stamp='0.036'>
<phase_done stamp='0.036'/>
</phase>
<phase_done stamp='0.036'/>
</phase>
<phase name='emit_lir' stamp='0.036'>
<phase name='lirGeneration' stamp='0.036'>
<phase_done stamp='0.036'/>
</phase>
<phase name='linearScan' stamp='0.036'>
<phase_done stamp='0.036'/>
</phase>
<phase_done stamp='0.036'/>
</phase>
<phase name='codeemit' stamp='0.036'>
<phase_done stamp='0.036'/>
</phase>
<phase name='codeinstall' stamp='0.036'>
<phase_done stamp='0.036'/>
</phase>
<code_cache total_blobs='410' nmethods='80' adapters='244' free_code_cache='250445696'/>
<task_done success='1' nmsize='1328' count='1015' backedge_count='1902' stamp='0.036'/>
</task>
<task compile_id='91' method='java.util.HashMap$HashIterator hasNext ()Z' bytes='13' count='1469' iicount='1469' level='3' stamp='0.036'>
<phase name='setup' stamp='0.036'>
<phase_done stamp='0.036'/>
</phase>
<phase name='buildIR' stamp='0.036'>
<type id='1106' name='boolean'/>
<klass id='1249' name='java.util.HashMap$HashIterator' flags='1024'/>
<method id='1250' holder='1249' name='hasNext' return='1106' flags='17' bytes='13' iicount='1469'/>
<parse method='1250'  stamp='0.036'>
<phase name='parse_hir' stamp='0.036'>
<phase_done stamp='0.036'/>
</phase>
<parse_done stamp='0.036'/>
</parse>
<phase name='optimize_blocks' stamp='0.036'>
<phase_done stamp='0.036'/>
</phase>
<phase name='gvn' stamp='0.036'>
<phase_done stamp='0.036'/>
</phase>
<phase name='rangeCheckElimination' stamp='0.036'>
<phase_done stamp='0.036'/>
</phase>
<phase name='optimize_null_checks' stamp='0.036'>
<phase_done stamp='0.036'/>
</phase>
<phase_done stamp='0.036'/>
</phase>
<phase name='emit_lir' stamp='0.036'>
<phase name='lirGeneration' stamp='0.036'>
<phase_done stamp='0.036'/>
</phase>
<phase name='linearScan' stamp='0.036'>
<phase_done stamp='0.036'/>
</phase>
<phase_done stamp='0.036'/>
</phase>
<phase name='codeemit' stamp='0.036'>
<phase_done stamp='0.036'/>
</phase>
<phase name='codeinstall' stamp='0.036'>
<phase_done stamp='0.036'/>
</phase>
<code_cache total_blobs='411' nmethods='81' adapters='244' free_code_cache='250444800'/>
<task_done success='1' nmsize='368' count='1469' stamp='0.036'/>
</task>
<task compile_id='85' method='java.util.HashMap afterNodeInsertion (Z)V' bytes='1' count='1082' iicount='1082' level='3' stamp='0.036'>
<phase name='setup' stamp='0.036'>
<phase_done stamp='0.036'/>
</phase>
<phase name='buildIR' stamp='0.036'>
<type id='1114' name='void'/>
<type id='1106' name='boolean'/>
<klass id='1249' name='java.util.HashMap' flags='1'/>
<method id='1250' holder='1249' name='afterNodeInsertion' return='1114' arguments='1106' flags='0' bytes='1' iicount='1082'/>
<parse method='1250'  stamp='0.036'>
<phase name='parse_hir' stamp='0.036'>
<phase_done stamp='0.036'/>
</phase>
<parse_done stamp='0.036'/>
</parse>
<phase name='optimize_blocks' stamp='0.036'>
<phase_done stamp='0.036'/>
</phase>
<phase name='gvn' stamp='0.036'>
<phase_done stamp='0.036'/>
</phase>
<phase name='rangeCheckElimination' stamp='0.036'>
<phase_done stamp='0.036'/>
</phase>
<phase name='optimize_null_checks' stamp='0.036'>
<phase_done stamp='0.036'/>
</phase>
<phase_done stamp='0.036'/>
</phase>
<phase name='emit_lir' stamp='0.036'>
<phase name='lirGeneration' stamp='0.036'>
<phase_done stamp='0.036'/>
</phase>
<phase name='linearScan' stamp='0.036'>
<phase_done stamp='0.036'/>
</phase>
<phase_done stamp='0.036'/>
</phase>
<phase name='codeemit' stamp='0.036'>
<phase_done stamp='0.036'/>
</phase>
<phase name='codeinstall' stamp='0.036'>
<phase_done stamp='0.036'/>
</phase>
<code_cache total_blobs='412' nmethods='82' adapters='244' free_code_cache='250444032'/>
<task_done success='1' nmsize='272' count='1103' stamp='0.036'/>
</task>
<task compile_id='89' method='java.util.HashMap get (Ljava/lang/Object;)Ljava/lang/Object;' bytes='19' count='1104' iicount='1104' level='3' stamp='0.036'>
<phase name='setup' stamp='0.036'>
<phase_done stamp='0.036'/>
</phase>
<phase name='buildIR' stamp='0.036'>
<klass id='1119' name='java.lang.Object' flags='1'/>
<klass id='1249' name='java.util.HashMap' flags='1'/>
<method id='1250' holder='1249' name='get' return='1119' arguments='1119' flags='1' bytes='19' iicount='1104'/>
<parse method='1250'  stamp='0.036'>
<phase name='parse_hir' stamp='0.036'>
<bc code='182' bci='2'/>
<klass id='1252' name='java.util.HashMap$Node' flags='8'/>
<method id='1253' holder='1249' name='getNode' return='1252' arguments='1119' flags='16' bytes='150' compile_id='86' compiler='c1' level='3' iicount='1511'/>
<call method='1253' instr='invokevirtual'/>
<inline_fail reason='callee is too large'/>
<phase_done stamp='0.036'/>
</phase>
<parse_done stamp='0.036'/>
</parse>
<phase name='optimize_blocks' stamp='0.036'>
<phase_done stamp='0.036'/>
</phase>
<phase name='gvn' stamp='0.036'>
<phase_done stamp='0.036'/>
</phase>
<phase name='rangeCheckElimination' stamp='0.036'>
<phase_done stamp='0.036'/>
</phase>
<phase name='optimize_null_checks' stamp='0.036'>
<phase_done stamp='0.036'/>
</phase>
<phase_done stamp='0.036'/>
</phase>
<phase name='emit_lir' stamp='0.036'>
<phase name='lirGeneration' stamp='0.036'>
<phase_done stamp='0.036'/>
</phase>
<phase name='linearScan' stamp='0.036'>
<phase_done stamp='0.036'/>
</phase>
<phase_done stamp='0.036'/>
</phase>
<phase name='codeemit' stamp='0.036'>
<phase_done stamp='0.036'/>
</phase>
<phase name='codeinstall' stamp='0.036'>
<phase_done stamp='0.036'/>
</phase>
<code_cache total_blobs='413' nmethods='83' adapters='244' free_code_cache='250442880'/>
<task_done success='1' nmsize='448' count='1104' stamp='0.036'/>
</task>
<task compile_id='88' method='java.util.HashMap put (Ljava/lang/Object;Ljava/lang/Object;)Ljava/lang/Object;' bytes='13' count='1078' iicount='1078' level='3' stamp='0.036'>
<phase name='setup' stamp='0.036'>
<phase_done stamp='0.036'/>
</phase>
<phase name='buildIR' stamp='0.036'>
<klass id='1119' name='java.lang.Object' flags='1'/>
<klass id='1249' name='java.util.HashMap' flags='1'/>
<method id='1250' holder='1249' name='put' return='1119' arguments='1119 1119' flags='1' bytes='13' iicount='1078'/>
<parse method='1250'  stamp='0.036'>
<phase name='parse_hir' stamp='0.036'>
<bc code='184' bci='2'/>
<type id='1112' name='int'/>
<method id='1252' holder='1249' name='hash' return='1112' arguments='1119' flags='24' bytes='20' compile_id='79' compiler='c1' level='3' iicount='2800'/>
<call method='1252' instr='invokestatic'/>
<inline_success reason='inline'/>
<parse method='1252'>
<bc code='182' bci='9'/>
<method id='1255' holder='1119' name='hashCode' return='1112' flags='257' bytes='0' compile_id='36' compile_kind='c2n' compiler='' level='0' iicount='128'/>
<call method='1255' instr='invokevirtual'/>
<inline_fail reason='no static binding'/>
<parse_done stamp='0.036'/>
</parse>
<bc code='182' bci='9'/>
<type id='1106' name='boolean'/>
<method id='1256' holder='1249' name='putVal' return='1119' arguments='1112 1119 1119 1106 1106' flags='16' bytes='300' compile_id='84' compiler='c1' level='3' iicount='1211'/>
<call method='1256' instr='invokevirtual'/>
<inline_fail reason='callee is too large'/>
<phase_done stamp='0.036'/>
</phase>
<parse_done stamp='0.036'/>
</parse>
<phase name='optimize_blocks' stamp='0.036'>
<phase_done stamp='0.036'/>
</phase>
<phase name='gvn' stamp='0.036'>
<phase_done stamp='0.036'/>
</phase>
<phase name='rangeCheckElimination' stamp='0.036'>
<phase_done stamp='0.036'/>
</phase>
<phase name='optimize_null_checks' stamp='0.036'>
<phase_done stamp='0.036'/>
</phase>
<phase_done stamp='0.036'/>
</phase>
<phase name='emit_lir' stamp='0.036'>
<phase name='lirGeneration' stamp='0.036'>
<phase_done stamp='0.036'/>
</phase>
<phase name='linearScan' stamp='0.036'>
<phase_done stamp='0.036'/>
</phase>
<phase_done stamp='0.036'/>
</phase>
<phase name='codeemit' stamp='0.036'>
<phase_done stamp='0.036'/>
</phase>
<phase name='codeinstall' stamp='0.036'>
<phase_done stamp='0.037'/>
</phase>
<code_cache total_blobs='414' nmethods='84' adapters='244' free_code_cache='250441344'/>
<task_done success='1' nmsize='752' count='1092' inlined_bytes='20' stamp='0.037'/>
</task>
<task compile_id='83' method='java.lang.module.ModuleDescriptor$Requires name ()Ljava/lang/String;' bytes='5' count='396' iicount='396' level='1' stamp='0.037'>
<phase name='setup' stamp='0.037'>
<phase_done stamp='0.037'/>
</phase>
<phase name='buildIR' stamp='0.037'>
<klass id='1120' name='java.lang.String' flags='17'/>
<klass id='1249' name='java.lang.module.ModuleDescriptor$Requires' flags='25'/>
<method id='1250' holder='1249' name='name' return='1120' flags='1' bytes='5' iicount='396'/>
<parse method='1250'  stamp='0.037'>
<phase name='parse_hir' stamp='0.037'>
<phase_done stamp='0.037'/>
</phase>
<parse_done stamp='0.037'/>
</parse>
<phase name='optimize_blocks' stamp='0.037'>
<phase_done stamp='0.037'/>
</phase>
<phase name='gvn' stamp='0.037'>
<phase_done stamp='0.037'/>
</phase>
<phase name='rangeCheckElimination' stamp='0.037'>
<phase_done stamp='0.037'/>
</phase>
<phase name='optimize_null_checks' stamp='0.037'>
<phase_done stamp='0.037'/>
</phase>
<phase_done stamp='0.037'/>
</phase>
<phase name='emit_lir' stamp='0.037'>
<phase name='lirGeneration' stamp='0.037'>
<phase_done stamp='0.037'/>
</phase>
<phase name='linearScan' stamp='0.037'>
<phase_done stamp='0.037'/>
</phase>
<phase_done stamp='0.037'/>
</phase>
<phase name='codeemit' stamp='0.037'>
<phase_done stamp='0.037'/>
</phase>
<phase name='codeinstall' stamp='0.037'>
<phase_done stamp='0.037'/>
</phase>
<code_cache total_blobs='415' nmethods='85' adapters='244' free_code_cache='250440576'/>
<task_done success='1' nmsize='208' count='396' stamp='0.037'/>
</task>
<task compile_id='82' method='java.lang.module.ModuleDescriptor$Requires modifiers ()Ljava/util/Set;' bytes='5' count='264' iicount='264' level='1' stamp='0.037'>
<phase name='setup' stamp='0.037'>
<phase_done stamp='0.037'/>
</phase>
<phase name='buildIR' stamp='0.037'>
<klass id='1250' name='java.util.Set' flags='1537'/>
<klass id='1249' name='java.lang.module.ModuleDescriptor$Requires' flags='25'/>
<method id='1251' holder='1249' name='modifiers' return='1250' flags='1' bytes='5' iicount='264'/>
<parse method='1251'  stamp='0.037'>
<phase name='parse_hir' stamp='0.037'>
<phase_done stamp='0.037'/>
</phase>
<parse_done stamp='0.037'/>
</parse>
<phase name='optimize_blocks' stamp='0.037'>
<phase_done stamp='0.037'/>
</phase>
<phase name='gvn' stamp='0.037'>
<phase_done stamp='0.037'/>
</phase>
<phase name='rangeCheckElimination' stamp='0.037'>
<phase_done stamp='0.037'/>
</phase>
<phase name='optimize_null_checks' stamp='0.037'>
<phase_done stamp='0.037'/>
</phase>
<phase_done stamp='0.037'/>
</phase>
<phase name='emit_lir' stamp='0.037'>
<phase name='lirGeneration' stamp='0.037'>
<phase_done stamp='0.037'/>
</phase>
<phase name='linearScan' stamp='0.037'>
<phase_done stamp='0.037'/>
</phase>
<phase_done stamp='0.037'/>
</phase>
<phase name='codeemit' stamp='0.037'>
<phase_done stamp='0.037'/>
</phase>
<phase name='codeinstall' stamp='0.037'>
<phase_done stamp='0.037'/>
</phase>
<code_cache total_blobs='416' nmethods='86' adapters='244' free_code_cache='250439808'/>
<task_done success='1' nmsize='208' count='264' stamp='0.037'/>
</task>
<task compile_id='87' method='java.lang.module.ModuleDescriptor requires ()Ljava/util/Set;' bytes='5' count='186' iicount='186' level='1' stamp='0.037'>
<phase name='setup' stamp='0.037'>
<phase_done stamp='0.037'/>
</phase>
<phase name='buildIR' stamp='0.037'>
<klass id='1250' name='java.util.Set' flags='1537'/>
<klass id='1249' name='java.lang.module.ModuleDescriptor' flags='1'/>
<method id='1251' holder='1249' name='requires' return='1250' flags='1' bytes='5' iicount='186'/>
<parse method='1251'  stamp='0.037'>
<phase name='parse_hir' stamp='0.037'>
<phase_done stamp='0.037'/>
</phase>
<parse_done stamp='0.037'/>
</parse>
<phase name='optimize_blocks' stamp='0.037'>
<phase_done stamp='0.037'/>
</phase>
<phase name='gvn' stamp='0.037'>
<phase_done stamp='0.037'/>
</phase>
<phase name='rangeCheckElimination' stamp='0.037'>
<phase_done stamp='0.037'/>
</phase>
<phase name='optimize_null_checks' stamp='0.037'>
<phase_done stamp='0.037'/>
</phase>
<phase_done stamp='0.037'/>
</phase>
<phase name='emit_lir' stamp='0.037'>
<phase name='lirGeneration' stamp='0.037'>
<phase_done stamp='0.037'/>
</phase>
<phase name='linearScan' stamp='0.037'>
<phase_done stamp='0.037'/>
</phase>
<phase_done stamp='0.037'/>
</phase>
<phase name='codeemit' stamp='0.037'>
<phase_done stamp='0.037'/>
</phase>
<phase name='codeinstall' stamp='0.037'>
<phase_done stamp='0.037'/>
</phase>
<code_cache total_blobs='417' nmethods='87' adapters='244' free_code_cache='250439040'/>
<task_done success='1' nmsize='208' count='186' stamp='0.037'/>
</task>
<task compile_id='96' method='java.lang.module.ModuleDescriptor$Exports isQualified ()Z' bytes='18' count='748' iicount='748' level='3' stamp='0.037'>
<phase name='setup' stamp='0.037'>
<phase_done stamp='0.037'/>
</phase>
<phase name='buildIR' stamp='0.037'>
<type id='1106' name='boolean'/>
<klass id='1249' name='java.lang.module.ModuleDescriptor$Exports' flags='25'/>
<method id='1250' holder='1249' name='isQualified' return='1106' flags='1' bytes='18' iicount='776'/>
<parse method='1250'  stamp='0.037'>
<phase name='parse_hir' stamp='0.037'>
<bc code='185' bci='4'/>
<klass id='1254' name='java.util.Set' flags='1537'/>
<method id='1255' holder='1254' name='isEmpty' return='1106' flags='1025' bytes='0' iicount='1'/>
<call method='1255' instr='invokeinterface'/>
<inline_fail reason='no static binding'/>
<phase_done stamp='0.037'/>
</phase>
<parse_done stamp='0.037'/>
</parse>
<phase name='optimize_blocks' stamp='0.037'>
<phase_done stamp='0.037'/>
</phase>
<phase name='gvn' stamp='0.037'>
<phase_done stamp='0.037'/>
</phase>
<phase name='rangeCheckElimination' stamp='0.037'>
<phase_done stamp='0.037'/>
</phase>
<phase name='optimize_null_checks' stamp='0.037'>
<phase_done stamp='0.037'/>
</phase>
<phase_done stamp='0.037'/>
</phase>
<phase name='emit_lir' stamp='0.037'>
<phase name='lirGeneration' stamp='0.037'>
<phase_done stamp='0.037'/>
</phase>
<phase name='linearScan' stamp='0.037'>
<phase_done stamp='0.037'/>
</phase>
<phase_done stamp='0.037'/>
</phase>
<phase name='codeemit' stamp='0.037'>
<phase_done stamp='0.037'/>
</phase>
<phase name='codeinstall' stamp='0.037'>
<phase_done stamp='0.037'/>
</phase>
<code_cache total_blobs='418' nmethods='88' adapters='244' free_code_cache='250437888'/>
<task_done success='1' nmsize='544' count='939' stamp='0.037'/>
</task>
<task compile_id='97' method='java.util.ImmutableCollections$SetN isEmpty ()Z' bytes='13' count='692' iicount='692' level='3' stamp='0.037'>
<phase name='setup' stamp='0.037'>
<phase_done stamp='0.037'/>
</phase>
<phase name='buildIR' stamp='0.037'>
<type id='1106' name='boolean'/>
<klass id='1249' name='java.util.ImmutableCollections$SetN' flags='24'/>
<method id='1250' holder='1249' name='isEmpty' return='1106' flags='1' bytes='13' iicount='704'/>
<parse method='1250'  stamp='0.037'>
<phase name='parse_hir' stamp='0.037'>
<phase_done stamp='0.037'/>
</phase>
<parse_done stamp='0.037'/>
</parse>
<phase name='optimize_blocks' stamp='0.037'>
<phase_done stamp='0.037'/>
</phase>
<phase name='gvn' stamp='0.037'>
<phase_done stamp='0.037'/>
</phase>
<phase name='rangeCheckElimination' stamp='0.037'>
<phase_done stamp='0.037'/>
</phase>
<phase name='optimize_null_checks' stamp='0.037'>
<phase_done stamp='0.037'/>
</phase>
<phase_done stamp='0.037'/>
</phase>
<phase name='emit_lir' stamp='0.037'>
<phase name='lirGeneration' stamp='0.037'>
<phase_done stamp='0.037'/>
</phase>
<phase name='linearScan' stamp='0.037'>
<phase_done stamp='0.037'/>
</phase>
<phase_done stamp='0.037'/>
</phase>
<phase name='codeemit' stamp='0.037'>
<phase_done stamp='0.037'/>
</phase>
<phase name='codeinstall' stamp='0.037'>
<phase_done stamp='0.037'/>
</phase>
<code_cache total_blobs='421' nmethods='89' adapters='244' free_code_cache='250423168'/>
<task_done success='1' nmsize='336' count='782' stamp='0.037'/>
</task>
<task compile_id='93' method='java.util.ImmutableCollections$Set12 isEmpty ()Z' bytes='2' count='439' iicount='439' level='1' stamp='0.037'>
<phase name='setup' stamp='0.037'>
<phase_done stamp='0.037'/>
</phase>
<phase name='buildIR' stamp='0.037'>
<type id='1106' name='boolean'/>
<klass id='1249' name='java.util.ImmutableCollections$Set12' flags='24'/>
<method id='1250' holder='1249' name='isEmpty' return='1106' flags='1' bytes='2' iicount='465'/>
<parse method='1250'  stamp='0.037'>
<phase name='parse_hir' stamp='0.037'>
<phase_done stamp='0.037'/>
</phase>
<parse_done stamp='0.037'/>
</parse>
<phase name='optimize_blocks' stamp='0.037'>
<phase_done stamp='0.037'/>
</phase>
<phase name='gvn' stamp='0.037'>
<phase_done stamp='0.037'/>
</phase>
<phase name='rangeCheckElimination' stamp='0.037'>
<phase_done stamp='0.037'/>
</phase>
<phase name='optimize_null_checks' stamp='0.037'>
<phase_done stamp='0.037'/>
</phase>
<phase_done stamp='0.037'/>
</phase>
<phase name='emit_lir' stamp='0.037'>
<phase name='lirGeneration' stamp='0.037'>
<phase_done stamp='0.037'/>
</phase>
<phase name='linearScan' stamp='0.037'>
<phase_done stamp='0.037'/>
</phase>
<phase_done stamp='0.037'/>
</phase>
<phase name='codeemit' stamp='0.037'>
<phase_done stamp='0.037'/>
</phase>
<phase name='codeinstall' stamp='0.037'>
<phase_done stamp='0.037'/>
</phase>
<code_cache total_blobs='421' nmethods='91' adapters='244' free_code_cache='250435456'/>
<task_done success='1' nmsize='208' count='468' stamp='0.037'/>
</task>
<task compile_id='99' method='java.lang.Object equals (Ljava/lang/Object;)Z' bytes='11' count='525' iicount='525' level='3' stamp='0.037'>
<phase name='setup' stamp='0.037'>
<phase_done stamp='0.037'/>
</phase>
<phase name='buildIR' stamp='0.037'>
<type id='1106' name='boolean'/>
<klass id='1119' name='java.lang.Object' flags='1'/>
<method id='1249' holder='1119' name='equals' return='1106' arguments='1119' flags='1' bytes='11' iicount='533'/>
<parse method='1249'  stamp='0.037'>
<phase name='parse_hir' stamp='0.037'>
<phase_done stamp='0.037'/>
</phase>
<parse_done stamp='0.037'/>
</parse>
<phase name='optimize_blocks' stamp='0.037'>
<phase_done stamp='0.037'/>
</phase>
<phase name='gvn' stamp='0.037'>
<phase_done stamp='0.037'/>
</phase>
<phase name='rangeCheckElimination' stamp='0.037'>
<phase_done stamp='0.037'/>
</phase>
<phase name='optimize_null_checks' stamp='0.037'>
<phase_done stamp='0.037'/>
</phase>
<phase_done stamp='0.037'/>
</phase>
<phase name='emit_lir' stamp='0.037'>
<phase name='lirGeneration' stamp='0.037'>
<phase_done stamp='0.037'/>
</phase>
<phase name='linearScan' stamp='0.037'>
<phase_done stamp='0.037'/>
</phase>
<phase_done stamp='0.037'/>
</phase>
<phase name='codeemit' stamp='0.037'>
<phase_done stamp='0.037'/>
</phase>
<phase name='codeinstall' stamp='0.037'>
<phase_done stamp='0.037'/>
</phase>
<code_cache total_blobs='422' nmethods='92' adapters='244' free_code_cache='250434560'/>
<task_done success='1' nmsize='336' count='569' stamp='0.037'/>
</task>
<task compile_id='94' method='java.lang.module.ModuleDescriptor$Exports source ()Ljava/lang/String;' bytes='5' count='750' iicount='750' level='1' stamp='0.037'>
<phase name='setup' stamp='0.037'>
<phase_done stamp='0.037'/>
</phase>
<phase name='buildIR' stamp='0.037'>
<klass id='1120' name='java.lang.String' flags='17'/>
<klass id='1249' name='java.lang.module.ModuleDescriptor$Exports' flags='25'/>
<method id='1250' holder='1249' name='source' return='1120' flags='1' bytes='5' iicount='772'/>
<parse method='1250'  stamp='0.037'>
<phase name='parse_hir' stamp='0.037'>
<phase_done stamp='0.037'/>
</phase>
<parse_done stamp='0.037'/>
</parse>
<phase name='optimize_blocks' stamp='0.037'>
<phase_done stamp='0.037'/>
</phase>
<phase name='gvn' stamp='0.037'>
<phase_done stamp='0.037'/>
</phase>
<phase name='rangeCheckElimination' stamp='0.037'>
<phase_done stamp='0.037'/>
</phase>
<phase name='optimize_null_checks' stamp='0.037'>
<phase_done stamp='0.037'/>
</phase>
<phase_done stamp='0.037'/>
</phase>
<phase name='emit_lir' stamp='0.037'>
<phase name='lirGeneration' stamp='0.037'>
<phase_done stamp='0.037'/>
</phase>
<phase name='linearScan' stamp='0.037'>
<phase_done stamp='0.037'/>
</phase>
<phase_done stamp='0.037'/>
</phase>
<phase name='codeemit' stamp='0.037'>
<phase_done stamp='0.037'/>
</phase>
<phase name='codeinstall' stamp='0.037'>
<phase_done stamp='0.038'/>
</phase>
<code_cache total_blobs='423' nmethods='93' adapters='244' free_code_cache='250433792'/>
<task_done success='1' nmsize='208' count='834' stamp='0.038'/>
</task>
<task compile_id='95' method='java.lang.module.ModuleDescriptor$Exports targets ()Ljava/util/Set;' bytes='5' count='767' iicount='767' level='1' stamp='0.038'>
<phase name='setup' stamp='0.038'>
<phase_done stamp='0.038'/>
</phase>
<phase name='buildIR' stamp='0.038'>
<klass id='1250' name='java.util.Set' flags='1537'/>
<klass id='1249' name='java.lang.module.ModuleDescriptor$Exports' flags='25'/>
<method id='1251' holder='1249' name='targets' return='1250' flags='1' bytes='5' iicount='773'/>
<parse method='1251'  stamp='0.038'>
<phase name='parse_hir' stamp='0.038'>
<phase_done stamp='0.038'/>
</phase>
<parse_done stamp='0.038'/>
</parse>
<phase name='optimize_blocks' stamp='0.038'>
<phase_done stamp='0.038'/>
</phase>
<phase name='gvn' stamp='0.038'>
<phase_done stamp='0.038'/>
</phase>
<phase name='rangeCheckElimination' stamp='0.038'>
<phase_done stamp='0.038'/>
</phase>
<phase name='optimize_null_checks' stamp='0.038'>
<phase_done stamp='0.038'/>
</phase>
<phase_done stamp='0.038'/>
</phase>
<phase name='emit_lir' stamp='0.038'>
<phase name='lirGeneration' stamp='0.038'>
<phase_done stamp='0.038'/>
</phase>
<phase name='linearScan' stamp='0.038'>
<phase_done stamp='0.038'/>
</phase>
<phase_done stamp='0.038'/>
</phase>
<phase name='codeemit' stamp='0.038'>
<phase_done stamp='0.038'/>
</phase>
<phase name='codeinstall' stamp='0.038'>
<phase_done stamp='0.038'/>
</phase>
<code_cache total_blobs='424' nmethods='94' adapters='244' free_code_cache='250433024'/>
<task_done success='1' nmsize='208' count='844' stamp='0.038'/>
</task>
<task compile_id='100' method='java.util.HashMap putIfAbsent (Ljava/lang/Object;Ljava/lang/Object;)Ljava/lang/Object;' bytes='13' count='944' iicount='944' level='3' stamp='0.038'>
<phase name='setup' stamp='0.038'>
<phase_done stamp='0.038'/>
</phase>
<phase name='buildIR' stamp='0.038'>
<klass id='1119' name='java.lang.Object' flags='1'/>
<klass id='1249' name='java.util.HashMap' flags='1'/>
<method id='1250' holder='1249' name='putIfAbsent' return='1119' arguments='1119 1119' flags='1' bytes='13' iicount='968'/>
<parse method='1250'  stamp='0.038'>
<phase name='parse_hir' stamp='0.038'>
<bc code='184' bci='2'/>
<type id='1112' name='int'/>
<method id='1252' holder='1249' name='hash' return='1112' arguments='1119' flags='24' bytes='20' compile_id='79' compiler='c1' level='3' iicount='3764'/>
<call method='1252' instr='invokestatic'/>
<inline_success reason='inline'/>
<parse method='1252'>
<bc code='182' bci='9'/>
<method id='1255' holder='1119' name='hashCode' return='1112' flags='257' bytes='0' compile_id='36' compile_kind='c2n' compiler='' level='0' iicount='128'/>
<call method='1255' instr='invokevirtual'/>
<inline_fail reason='no static binding'/>
<parse_done stamp='0.038'/>
</parse>
<bc code='182' bci='9'/>
<type id='1106' name='boolean'/>
<method id='1256' holder='1249' name='putVal' return='1119' arguments='1112 1119 1119 1106 1106' flags='16' bytes='300' compile_id='84' compiler='c1' level='3' iicount='2210'/>
<call method='1256' instr='invokevirtual'/>
<inline_fail reason='callee is too large'/>
<phase_done stamp='0.038'/>
</phase>
<parse_done stamp='0.038'/>
</parse>
<phase name='optimize_blocks' stamp='0.038'>
<phase_done stamp='0.038'/>
</phase>
<phase name='gvn' stamp='0.038'>
<phase_done stamp='0.038'/>
</phase>
<phase name='rangeCheckElimination' stamp='0.038'>
<phase_done stamp='0.038'/>
</phase>
<phase name='optimize_null_checks' stamp='0.038'>
<phase_done stamp='0.038'/>
</phase>
<phase_done stamp='0.038'/>
</phase>
<phase name='emit_lir' stamp='0.038'>
<phase name='lirGeneration' stamp='0.038'>
<phase_done stamp='0.038'/>
</phase>
<phase name='linearScan' stamp='0.038'>
<phase_done stamp='0.038'/>
</phase>
<phase_done stamp='0.038'/>
</phase>
<phase name='codeemit' stamp='0.038'>
<phase_done stamp='0.038'/>
</phase>
<phase name='codeinstall' stamp='0.038'>
<phase_done stamp='0.038'/>
</phase>
<code_cache total_blobs='425' nmethods='95' adapters='244' free_code_cache='250431488'/>
<task_done success='1' nmsize='752' count='1146' inlined_bytes='20' stamp='0.038'/>
</task>
<task compile_id='101' method='java.util.ImmutableCollections$Set12 contains (Ljava/lang/Object;)Z' bytes='28' count='961' iicount='961' level='3' stamp='0.038'>
<phase name='setup' stamp='0.038'>
<phase_done stamp='0.038'/>
</phase>
<phase name='buildIR' stamp='0.038'>
<type id='1106' name='boolean'/>
<klass id='1119' name='java.lang.Object' flags='1'/>
<klass id='1249' name='java.util.ImmutableCollections$Set12' flags='24'/>
<method id='1250' holder='1249' name='contains' return='1106' arguments='1119' flags='1' bytes='28' iicount='965'/>
<parse method='1250'  stamp='0.038'>
<phase name='parse_hir' stamp='0.038'>
<bc code='182' bci='5'/>
<method id='1252' holder='1119' name='equals' return='1106' arguments='1119' flags='1' bytes='11' compile_id='99' compiler='c1' level='3' iicount='824'/>
<call method='1252' instr='invokevirtual'/>
<inline_fail reason='no static binding'/>
<bc code='182' bci='16'/>
<call method='1252' instr='invokevirtual'/>
<inline_fail reason='no static binding'/>
<phase_done stamp='0.038'/>
</phase>
<parse_done stamp='0.038'/>
</parse>
<phase name='optimize_blocks' stamp='0.038'>
<phase_done stamp='0.038'/>
</phase>
<phase name='gvn' stamp='0.038'>
<phase_done stamp='0.038'/>
</phase>
<phase name='rangeCheckElimination' stamp='0.038'>
<phase_done stamp='0.038'/>
</phase>
<phase name='optimize_null_checks' stamp='0.038'>
<phase_done stamp='0.038'/>
</phase>
<phase_done stamp='0.038'/>
</phase>
<phase name='emit_lir' stamp='0.038'>
<phase name='lirGeneration' stamp='0.038'>
<phase_done stamp='0.038'/>
</phase>
<phase name='linearScan' stamp='0.038'>
<phase_done stamp='0.038'/>
</phase>
<phase_done stamp='0.038'/>
</phase>
<phase name='codeemit' stamp='0.038'>
<phase_done stamp='0.038'/>
</phase>
<phase name='codeinstall' stamp='0.038'>
<phase_done stamp='0.038'/>
</phase>
<code_cache total_blobs='426' nmethods='96' adapters='244' free_code_cache='250429952'/>
<task_done success='1' nmsize='816' count='1182' stamp='0.038'/>
</task>
<task compile_id='104' method='java.util.HashMap$KeyIterator next ()Ljava/lang/Object;' bytes='8' count='648' iicount='648' level='3' stamp='0.038'>
<phase name='setup' stamp='0.038'>
<phase_done stamp='0.038'/>
</phase>
<phase name='buildIR' stamp='0.038'>
<klass id='1119' name='java.lang.Object' flags='1'/>
<klass id='1249' name='java.util.HashMap$KeyIterator' flags='16'/>
<method id='1250' holder='1249' name='next' return='1119' flags='17' bytes='8' iicount='648'/>
<parse method='1250'  stamp='0.038'>
<phase name='parse_hir' stamp='0.038'>
<bc code='182' bci='1'/>
<klass id='1253' name='java.util.HashMap$Node' flags='8'/>
<klass id='1252' name='java.util.HashMap$HashIterator' flags='1024'/>
<method id='1254' holder='1252' name='nextNode' return='1253' flags='16' bytes='100' compile_id='92' compiler='c1' level='3' iicount='1088'/>
<call method='1254' instr='invokevirtual'/>
<inline_fail reason='callee is too large'/>
<phase_done stamp='0.038'/>
</phase>
<parse_done stamp='0.038'/>
</parse>
<phase name='optimize_blocks' stamp='0.038'>
<phase_done stamp='0.038'/>
</phase>
<phase name='gvn' stamp='0.038'>
<phase_done stamp='0.038'/>
</phase>
<phase name='rangeCheckElimination' stamp='0.038'>
<phase_done stamp='0.038'/>
</phase>
<phase name='optimize_null_checks' stamp='0.038'>
<phase_done stamp='0.038'/>
</phase>
<phase_done stamp='0.038'/>
</phase>
<phase name='emit_lir' stamp='0.038'>
<phase name='lirGeneration' stamp='0.038'>
<phase_done stamp='0.038'/>
</phase>
<phase name='linearScan' stamp='0.038'>
<phase_done stamp='0.038'/>
</phase>
<phase_done stamp='0.038'/>
</phase>
<phase name='codeemit' stamp='0.038'>
<phase_done stamp='0.038'/>
</phase>
<phase name='codeinstall' stamp='0.038'>
<phase_done stamp='0.038'/>
</phase>
<code_cache total_blobs='427' nmethods='97' adapters='244' free_code_cache='250428928'/>
<task_done success='1' nmsize='320' count='653' stamp='0.038'/>
</task>
<task compile_id='106' method='java.util.HashMap resize ()[Ljava/util/HashMap$Node;' bytes='356' count='278' backedge_count='4931' iicount='278' level='3' stamp='0.038'>
<phase name='setup' stamp='0.038'>
<phase_done stamp='0.038'/>
</phase>
<phase name='buildIR' stamp='0.038'>
<klass id='1251' name='[Ljava.util.HashMap$Node;' flags='1040'/>
<klass id='1249' name='java.util.HashMap' flags='1'/>
<method id='1252' holder='1249' name='resize' return='1251' flags='16' bytes='356' iicount='279'/>
<parse method='1252'  stamp='0.038'>
<phase name='parse_hir' stamp='0.038'>
<bc code='182' bci='217'/>
<type id='1114' name='void'/>
<type id='1112' name='int'/>
<klass id='1254' name='java.util.HashMap$TreeNode' flags='24'/>
<method id='1255' holder='1254' name='split' return='1114' arguments='1249 1251 1112 1112' flags='16' bytes='218' iicount='1'/>
<call method='1255' instr='invokevirtual'/>
<inline_fail reason='callee&apos;s klass not linked yet'/>
<phase_done stamp='0.038'/>
</phase>
<parse_done stamp='0.038'/>
</parse>
<phase name='optimize_blocks' stamp='0.038'>
<phase_done stamp='0.038'/>
</phase>
<phase name='gvn' stamp='0.038'>
<phase_done stamp='0.038'/>
</phase>
<phase name='rangeCheckElimination' stamp='0.038'>
<phase_done stamp='0.038'/>
</phase>
<phase name='optimize_null_checks' stamp='0.038'>
<phase_done stamp='0.039'/>
</phase>
<phase_done stamp='0.039'/>
</phase>
<phase name='emit_lir' stamp='0.039'>
<phase name='lirGeneration' stamp='0.039'>
<phase_done stamp='0.039'/>
</phase>
<phase name='linearScan' stamp='0.039'>
<phase_done stamp='0.039'/>
</phase>
<phase_done stamp='0.039'/>
</phase>
<phase name='codeemit' stamp='0.039'>
<phase_done stamp='0.039'/>
</phase>
<phase name='codeinstall' stamp='0.039'>
<phase_done stamp='0.039'/>
</phase>
<code_cache total_blobs='429' nmethods='98' adapters='244' free_code_cache='250414976'/>
<task_done success='1' nmsize='5312' count='344' backedge_count='6908' stamp='0.039'/>
</task>
<task compile_id='103' method='java.util.ImmutableCollections$SetN contains (Ljava/lang/Object;)Z' bytes='26' count='947' iicount='947' level='3' stamp='0.039'>
<phase name='setup' stamp='0.039'>
<phase_done stamp='0.039'/>
</phase>
<phase name='buildIR' stamp='0.039'>
<type id='1106' name='boolean'/>
<klass id='1119' name='java.lang.Object' flags='1'/>
<klass id='1249' name='java.util.ImmutableCollections$SetN' flags='24'/>
<method id='1250' holder='1249' name='contains' return='1106' arguments='1119' flags='1' bytes='26' iicount='951'/>
<parse method='1250'  stamp='0.039'>
<phase name='parse_hir' stamp='0.039'>
<bc code='184' bci='1'/>
<klass id='1252' name='java.util.Objects' flags='17'/>
<method id='1253' holder='1252' name='requireNonNull' return='1119' arguments='1119' flags='9' bytes='14' compile_id='14' compiler='c1' level='3' iicount='3551'/>
<call method='1253' instr='invokestatic'/>
<inline_success reason='force inline by annotation'/>
<parse method='1253'>
<bc code='183' bci='8'/>
<type id='1114' name='void'/>
<klass id='1245' name='java.lang.NullPointerException' flags='1'/>
<method id='1255' holder='1245' name='&lt;init&gt;' return='1114' flags='1' bytes='5' iicount='1'/>
<call method='1255' instr='invokespecial'/>
<inline_fail reason='don&apos;t inline Throwable constructors'/>
<parse_done stamp='0.039'/>
</parse>
<bc code='182' bci='14'/>
<type id='1112' name='int'/>
<method id='1257' holder='1249' name='probe' return='1112' arguments='1119' flags='2' bytes='56' compile_id='11' compiler='c1' level='3' iicount='2295'/>
<call method='1257' instr='invokevirtual'/>
<inline_fail reason='callee is too large'/>
<phase_done stamp='0.039'/>
</phase>
<parse_done stamp='0.039'/>
</parse>
<phase name='optimize_blocks' stamp='0.039'>
<phase_done stamp='0.039'/>
</phase>
<phase name='gvn' stamp='0.039'>
<phase_done stamp='0.039'/>
</phase>
<phase name='rangeCheckElimination' stamp='0.039'>
<phase_done stamp='0.039'/>
</phase>
<phase name='optimize_null_checks' stamp='0.039'>
<phase_done stamp='0.039'/>
</phase>
<phase_done stamp='0.039'/>
</phase>
<phase name='emit_lir' stamp='0.039'>
<phase name='lirGeneration' stamp='0.039'>
<phase_done stamp='0.039'/>
</phase>
<phase name='linearScan' stamp='0.039'>
<phase_done stamp='0.039'/>
</phase>
<phase_done stamp='0.039'/>
</phase>
<phase name='codeemit' stamp='0.039'>
<phase_done stamp='0.039'/>
</phase>
<phase name='codeinstall' stamp='0.039'>
<phase_done stamp='0.039'/>
</phase>
<code_cache total_blobs='431' nmethods='99' adapters='244' free_code_cache='250406272'/>
<task_done success='1' nmsize='784' count='1025' inlined_bytes='1' stamp='0.039'/>
</task>
<task compile_id='105' method='java.util.ImmutableCollections$Set12$1 hasNext ()Z' bytes='13' count='728' iicount='728' level='3' stamp='0.039'>
<phase name='setup' stamp='0.039'>
<phase_done stamp='0.039'/>
</phase>
<phase name='buildIR' stamp='0.039'>
<type id='1106' name='boolean'/>
<klass id='1249' name='java.util.ImmutableCollections$Set12$1' flags='0'/>
<method id='1250' holder='1249' name='hasNext' return='1106' flags='1' bytes='13' iicount='739'/>
<parse method='1250'  stamp='0.039'>
<phase name='parse_hir' stamp='0.039'>
<phase_done stamp='0.039'/>
</phase>
<parse_done stamp='0.039'/>
</parse>
<phase name='optimize_blocks' stamp='0.039'>
<phase_done stamp='0.039'/>
</phase>
<phase name='gvn' stamp='0.039'>
<phase_done stamp='0.039'/>
</phase>
<phase name='rangeCheckElimination' stamp='0.039'>
<phase_done stamp='0.039'/>
</phase>
<phase name='optimize_null_checks' stamp='0.039'>
<phase_done stamp='0.039'/>
</phase>
<phase_done stamp='0.039'/>
</phase>
<phase name='emit_lir' stamp='0.039'>
<phase name='lirGeneration' stamp='0.039'>
<phase_done stamp='0.039'/>
</phase>
<phase name='linearScan' stamp='0.039'>
<phase_done stamp='0.039'/>
</phase>
<phase_done stamp='0.039'/>
</phase>
<phase name='codeemit' stamp='0.039'>
<phase_done stamp='0.039'/>
</phase>
<phase name='codeinstall' stamp='0.039'>
<phase_done stamp='0.039'/>
</phase>
<code_cache total_blobs='431' nmethods='101' adapters='244' free_code_cache='250418432'/>
<task_done success='1' nmsize='336' count='748' stamp='0.039'/>
</task>
<task compile_id='107' method='java.util.HashSet add (Ljava/lang/Object;)Z' bytes='20' count='713' iicount='713' level='3' stamp='0.039'>
<phase name='setup' stamp='0.040'>
<phase_done stamp='0.040'/>
</phase>
<phase name='buildIR' stamp='0.040'>
<type id='1106' name='boolean'/>
<klass id='1119' name='java.lang.Object' flags='1'/>
<klass id='1249' name='java.util.HashSet' flags='1'/>
<method id='1250' holder='1249' name='add' return='1106' arguments='1119' flags='1' bytes='20' iicount='715'/>
<parse method='1250'  stamp='0.040'>
<phase name='parse_hir' stamp='0.040'>
<bc code='182' bci='8'/>
<klass id='1252' name='java.util.HashMap' flags='1'/>
<method id='1255' holder='1252' name='put' return='1119' arguments='1119 1119' flags='1' bytes='13' compile_id='88' compiler='c1' level='3' iicount='1461'/>
<call method='1255' instr='invokevirtual'/>
<dependency type='unique_concrete_method_4' ctxk='1252' x='1255' x2='1252' x3='1255'/>
<inline_fail reason='callee uses too much stack'/>
<phase_done stamp='0.040'/>
</phase>
<parse_done stamp='0.040'/>
</parse>
<phase name='optimize_blocks' stamp='0.040'>
<phase_done stamp='0.040'/>
</phase>
<phase name='gvn' stamp='0.040'>
<phase_done stamp='0.040'/>
</phase>
<phase name='rangeCheckElimination' stamp='0.040'>
<phase_done stamp='0.040'/>
</phase>
<phase name='optimize_null_checks' stamp='0.040'>
<phase_done stamp='0.040'/>
</phase>
<phase_done stamp='0.040'/>
</phase>
<phase name='emit_lir' stamp='0.040'>
<phase name='lirGeneration' stamp='0.040'>
<phase_done stamp='0.040'/>
</phase>
<phase name='linearScan' stamp='0.040'>
<phase_done stamp='0.040'/>
</phase>
<phase_done stamp='0.040'/>
</phase>
<phase name='codeemit' stamp='0.040'>
<phase_done stamp='0.040'/>
</phase>
<phase name='codeinstall' stamp='0.040'>
<dependency type='unique_concrete_method_4' ctxk='1252' x='1255' x2='1252' x3='1255'/>
<phase_done stamp='0.040'/>
</phase>
<code_cache total_blobs='432' nmethods='102' adapters='244' free_code_cache='250417280'/>
<task_done success='1' nmsize='544' count='721' stamp='0.040'/>
</task>
<task compile_id='90' method='java.lang.module.ModuleDescriptor isAutomatic ()Z' bytes='5' count='298' iicount='298' level='1' stamp='0.040'>
<phase name='setup' stamp='0.040'>
<phase_done stamp='0.040'/>
</phase>
<phase name='buildIR' stamp='0.040'>
<type id='1106' name='boolean'/>
<klass id='1249' name='java.lang.module.ModuleDescriptor' flags='1'/>
<method id='1250' holder='1249' name='isAutomatic' return='1106' flags='1' bytes='5' iicount='298'/>
<parse method='1250'  stamp='0.040'>
<phase name='parse_hir' stamp='0.040'>
<phase_done stamp='0.040'/>
</phase>
<parse_done stamp='0.040'/>
</parse>
<phase name='optimize_blocks' stamp='0.040'>
<phase_done stamp='0.040'/>
</phase>
<phase name='gvn' stamp='0.040'>
<phase_done stamp='0.040'/>
</phase>
<phase name='rangeCheckElimination' stamp='0.040'>
<phase_done stamp='0.040'/>
</phase>
<phase name='optimize_null_checks' stamp='0.040'>
<phase_done stamp='0.040'/>
</phase>
<phase_done stamp='0.040'/>
</phase>
<phase name='emit_lir' stamp='0.040'>
<phase name='lirGeneration' stamp='0.040'>
<phase_done stamp='0.040'/>
</phase>
<phase name='linearScan' stamp='0.040'>
<phase_done stamp='0.040'/>
</phase>
<phase_done stamp='0.040'/>
</phase>
<phase name='codeemit' stamp='0.040'>
<phase_done stamp='0.040'/>
</phase>
<phase name='codeinstall' stamp='0.040'>
<phase_done stamp='0.040'/>
</phase>
<code_cache total_blobs='433' nmethods='103' adapters='244' free_code_cache='250416512'/>
<task_done success='1' nmsize='208' count='306' stamp='0.040'/>
</task>
<task compile_id='108' method='java.lang.module.ModuleDescriptor exports ()Ljava/util/Set;' bytes='5' count='193' iicount='193' level='1' stamp='0.040'>
<phase name='setup' stamp='0.040'>
<phase_done stamp='0.040'/>
</phase>
<phase name='buildIR' stamp='0.040'>
<klass id='1250' name='java.util.Set' flags='1537'/>
<klass id='1249' name='java.lang.module.ModuleDescriptor' flags='1'/>
<method id='1251' holder='1249' name='exports' return='1250' flags='1' bytes='5' iicount='193'/>
<parse method='1251'  stamp='0.040'>
<phase name='parse_hir' stamp='0.040'>
<phase_done stamp='0.040'/>
</phase>
<parse_done stamp='0.040'/>
</parse>
<phase name='optimize_blocks' stamp='0.040'>
<phase_done stamp='0.040'/>
</phase>
<phase name='gvn' stamp='0.040'>
<phase_done stamp='0.040'/>
</phase>
<phase name='rangeCheckElimination' stamp='0.040'>
<phase_done stamp='0.040'/>
</phase>
<phase name='optimize_null_checks' stamp='0.040'>
<phase_done stamp='0.040'/>
</phase>
<phase_done stamp='0.040'/>
</phase>
<phase name='emit_lir' stamp='0.040'>
<phase name='lirGeneration' stamp='0.040'>
<phase_done stamp='0.040'/>
</phase>
<phase name='linearScan' stamp='0.040'>
<phase_done stamp='0.040'/>
</phase>
<phase_done stamp='0.040'/>
</phase>
<phase name='codeemit' stamp='0.040'>
<phase_done stamp='0.040'/>
</phase>
<phase name='codeinstall' stamp='0.040'>
<phase_done stamp='0.040'/>
</phase>
<code_cache total_blobs='434' nmethods='104' adapters='244' free_code_cache='250415744'/>
<task_done success='1' nmsize='208' count='194' stamp='0.040'/>
</task>
<task compile_id='77' method='java.util.stream.FindOps$FindSink cancellationRequested ()Z' bytes='5' count='147' iicount='147' level='1' stamp='0.040'>
<phase name='setup' stamp='0.040'>
<phase_done stamp='0.040'/>
</phase>
<phase name='buildIR' stamp='0.040'>
<type id='1106' name='boolean'/>
<klass id='1249' name='java.util.stream.FindOps$FindSink' flags='1034'/>
<method id='1250' holder='1249' name='cancellationRequested' return='1106' flags='1' bytes='5' iicount='147'/>
<parse method='1250'  stamp='0.040'>
<phase name='parse_hir' stamp='0.040'>
<phase_done stamp='0.040'/>
</phase>
<parse_done stamp='0.040'/>
</parse>
<phase name='optimize_blocks' stamp='0.040'>
<phase_done stamp='0.040'/>
</phase>
<phase name='gvn' stamp='0.040'>
<phase_done stamp='0.040'/>
</phase>
<phase name='rangeCheckElimination' stamp='0.040'>
<phase_done stamp='0.040'/>
</phase>
<phase name='optimize_null_checks' stamp='0.040'>
<phase_done stamp='0.040'/>
</phase>
<phase_done stamp='0.040'/>
</phase>
<phase name='emit_lir' stamp='0.040'>
<phase name='lirGeneration' stamp='0.040'>
<phase_done stamp='0.040'/>
</phase>
<phase name='linearScan' stamp='0.040'>
<phase_done stamp='0.040'/>
</phase>
<phase_done stamp='0.040'/>
</phase>
<phase name='codeemit' stamp='0.040'>
<phase_done stamp='0.040'/>
</phase>
<phase name='codeinstall' stamp='0.040'>
<phase_done stamp='0.040'/>
</phase>
<code_cache total_blobs='435' nmethods='105' adapters='244' free_code_cache='250414976'/>
<task_done success='1' nmsize='208' count='147' stamp='0.040'/>
</task>
<task compile_id='81' method='jdk.internal.module.ModuleReferenceImpl moduleResolution ()Ljdk/internal/module/ModuleResolution;' bytes='5' count='140' iicount='140' level='1' stamp='0.040'>
<phase name='setup' stamp='0.040'>
<phase_done stamp='0.040'/>
</phase>
<phase name='buildIR' stamp='0.040'>
<klass id='1250' name='jdk.internal.module.ModuleResolution' flags='17'/>
<klass id='1249' name='jdk.internal.module.ModuleReferenceImpl' flags='1'/>
<method id='1251' holder='1249' name='moduleResolution' return='1250' flags='1' bytes='5' iicount='140'/>
<parse method='1251'  stamp='0.040'>
<phase name='parse_hir' stamp='0.040'>
<phase_done stamp='0.040'/>
</phase>
<parse_done stamp='0.040'/>
</parse>
<phase name='optimize_blocks' stamp='0.040'>
<phase_done stamp='0.040'/>
</phase>
<phase name='gvn' stamp='0.040'>
<phase_done stamp='0.040'/>
</phase>
<phase name='rangeCheckElimination' stamp='0.040'>
<phase_done stamp='0.040'/>
</phase>
<phase name='optimize_null_checks' stamp='0.040'>
<phase_done stamp='0.040'/>
</phase>
<phase_done stamp='0.040'/>
</phase>
<phase name='emit_lir' stamp='0.040'>
<phase name='lirGeneration' stamp='0.040'>
<phase_done stamp='0.040'/>
</phase>
<phase name='linearScan' stamp='0.040'>
<phase_done stamp='0.040'/>
</phase>
<phase_done stamp='0.040'/>
</phase>
<phase name='codeemit' stamp='0.040'>
<phase_done stamp='0.040'/>
</phase>
<phase name='codeinstall' stamp='0.040'>
<phase_done stamp='0.040'/>
</phase>
<code_cache total_blobs='436' nmethods='106' adapters='244' free_code_cache='250414208'/>
<task_done success='1' nmsize='208' count='140' stamp='0.040'/>
</task>
<task compile_id='114' method='java.lang.StringLatin1 hashCode ([B)I' bytes='42' count='223' backedge_count='3699' iicount='224' level='3' stamp='0.040'>
<phase name='setup' stamp='0.040'>
<phase_done stamp='0.040'/>
</phase>
<phase name='buildIR' stamp='0.040'>
<type id='1112' name='int'/>
<klass id='1241' name='[B' flags='1041'/>
<klass id='1249' name='java.lang.StringLatin1' flags='16'/>
<method id='1250' holder='1249' name='hashCode' return='1112' arguments='1241' flags='9' bytes='42' iicount='227'/>
<parse method='1250'  stamp='0.040'>
<phase name='parse_hir' stamp='0.040'>
<phase_done stamp='0.040'/>
</phase>
<parse_done stamp='0.040'/>
</parse>
<phase name='optimize_blocks' stamp='0.040'>
<phase_done stamp='0.040'/>
</phase>
<phase name='gvn' stamp='0.040'>
<phase_done stamp='0.040'/>
</phase>
<phase name='rangeCheckElimination' stamp='0.040'>
<phase_done stamp='0.040'/>
</phase>
<phase name='optimize_null_checks' stamp='0.040'>
<phase_done stamp='0.040'/>
</phase>
<phase_done stamp='0.040'/>
</phase>
<phase name='emit_lir' stamp='0.040'>
<phase name='lirGeneration' stamp='0.040'>
<phase_done stamp='0.040'/>
</phase>
<phase name='linearScan' stamp='0.040'>
<phase_done stamp='0.040'/>
</phase>
<phase_done stamp='0.040'/>
</phase>
<phase name='codeemit' stamp='0.040'>
<phase_done stamp='0.040'/>
</phase>
<phase name='codeinstall' stamp='0.040'>
<phase_done stamp='0.040'/>
</phase>
<code_cache total_blobs='437' nmethods='107' adapters='244' free_code_cache='250413056'/>
<task_done success='1' nmsize='432' count='258' backedge_count='4253' stamp='0.040'/>
</task>
<task compile_id='115' method='java.util.HashMap containsKey (Ljava/lang/Object;)Z' bytes='14' count='543' iicount='543' level='3' stamp='0.040'>
<phase name='setup' stamp='0.040'>
<phase_done stamp='0.040'/>
</phase>
<phase name='buildIR' stamp='0.040'>
<type id='1106' name='boolean'/>
<klass id='1119' name='java.lang.Object' flags='1'/>
<klass id='1249' name='java.util.HashMap' flags='1'/>
<method id='1250' holder='1249' name='containsKey' return='1106' arguments='1119' flags='1' bytes='14' iicount='543'/>
<parse method='1250'  stamp='0.040'>
<phase name='parse_hir' stamp='0.040'>
<bc code='182' bci='2'/>
<klass id='1252' name='java.util.HashMap$Node' flags='8'/>
<method id='1253' holder='1249' name='getNode' return='1252' arguments='1119' flags='16' bytes='150' compile_id='86' compiler='c1' level='3' iicount='1647'/>
<call method='1253' instr='invokevirtual'/>
<inline_fail reason='callee is too large'/>
<phase_done stamp='0.040'/>
</phase>
<parse_done stamp='0.040'/>
</parse>
<phase name='optimize_blocks' stamp='0.040'>
<phase_done stamp='0.040'/>
</phase>
<phase name='gvn' stamp='0.040'>
<phase_done stamp='0.040'/>
</phase>
<phase name='rangeCheckElimination' stamp='0.040'>
<phase_done stamp='0.040'/>
</phase>
<phase name='optimize_null_checks' stamp='0.040'>
<phase_done stamp='0.040'/>
</phase>
<phase_done stamp='0.040'/>
</phase>
<phase name='emit_lir' stamp='0.040'>
<phase name='lirGeneration' stamp='0.040'>
<phase_done stamp='0.040'/>
</phase>
<phase name='linearScan' stamp='0.040'>
<phase_done stamp='0.040'/>
</phase>
<phase_done stamp='0.040'/>
</phase>
<phase name='codeemit' stamp='0.040'>
<phase_done stamp='0.040'/>
</phase>
<phase name='codeinstall' stamp='0.040'>
<phase_done stamp='0.040'/>
</phase>
<code_cache total_blobs='438' nmethods='108' adapters='244' free_code_cache='250412032'/>
<task_done success='1' nmsize='384' count='548' stamp='0.040'/>
</task>
<task compile_id='116' method='java.util.HashMap$HashIterator &lt;init&gt; (Ljava/util/HashMap;)V' bytes='79' count='512' backedge_count='1987' iicount='512' level='3' stamp='0.040'>
<phase name='setup' stamp='0.040'>
<phase_done stamp='0.040'/>
</phase>
<phase name='buildIR' stamp='0.040'>
<type id='1114' name='void'/>
<klass id='1250' name='java.util.HashMap' flags='1'/>
<klass id='1249' name='java.util.HashMap$HashIterator' flags='1024'/>
<method id='1251' holder='1249' name='&lt;init&gt;' return='1114' arguments='1250' flags='0' bytes='79' iicount='513'/>
<parse method='1251'  stamp='0.040'>
<phase name='parse_hir' stamp='0.040'>
<bc code='183' bci='6'/>
<klass id='1119' name='java.lang.Object' flags='1'/>
<method id='1253' holder='1119' name='&lt;init&gt;' return='1114' flags='1' bytes='1' compile_id='13' compiler='c2' level='4' iicount='7624'/>
<call method='1253' instr='invokespecial'/>
<inline_success reason='inline'/>
<parse method='1253'>
<bc code='177' bci='0'/>
<dependency type='no_finalizable_subclasses' ctxk='1249'/>
<parse_done stamp='0.040'/>
</parse>
<phase_done stamp='0.040'/>
</phase>
<parse_done stamp='0.040'/>
</parse>
<phase name='optimize_blocks' stamp='0.040'>
<phase_done stamp='0.040'/>
</phase>
<phase name='gvn' stamp='0.040'>
<phase_done stamp='0.040'/>
</phase>
<phase name='rangeCheckElimination' stamp='0.040'>
<phase_done stamp='0.040'/>
</phase>
<phase name='optimize_null_checks' stamp='0.040'>
<phase_done stamp='0.040'/>
</phase>
<phase_done stamp='0.040'/>
</phase>
<phase name='emit_lir' stamp='0.040'>
<phase name='lirGeneration' stamp='0.040'>
<phase_done stamp='0.040'/>
</phase>
<phase name='linearScan' stamp='0.040'>
<phase_done stamp='0.041'/>
</phase>
<phase_done stamp='0.041'/>
</phase>
<phase name='codeemit' stamp='0.041'>
<phase_done stamp='0.041'/>
</phase>
<phase name='codeinstall' stamp='0.041'>
<dependency type='no_finalizable_subclasses' ctxk='1249'/>
<phase_done stamp='0.041'/>
</phase>
<code_cache total_blobs='439' nmethods='109' adapters='244' free_code_cache='250410112'/>
<task_done success='1' nmsize='1072' count='517' backedge_count='2048' inlined_bytes='1' stamp='0.041'/>
</task>
<task compile_id='117' method='java.util.AbstractSet &lt;init&gt; ()V' bytes='5' count='385' iicount='385' level='3' stamp='0.041'>
<phase name='setup' stamp='0.041'>
<phase_done stamp='0.041'/>
</phase>
<phase name='buildIR' stamp='0.041'>
<type id='1114' name='void'/>
<klass id='1249' name='java.util.AbstractSet' flags='1025'/>
<method id='1250' holder='1249' name='&lt;init&gt;' return='1114' flags='4' bytes='5' iicount='386'/>
<parse method='1250'  stamp='0.041'>
<phase name='parse_hir' stamp='0.041'>
<bc code='183' bci='1'/>
<klass id='1209' name='java.util.AbstractCollection' flags='1025'/>
<method id='1252' holder='1209' name='&lt;init&gt;' return='1114' flags='4' bytes='5' compile_id='16' compiler='c1' level='3' iicount='824'/>
<call method='1252' instr='invokespecial'/>
<inline_success reason='inline'/>
<parse method='1252'>
<bc code='183' bci='1'/>
<klass id='1119' name='java.lang.Object' flags='1'/>
<method id='1254' holder='1119' name='&lt;init&gt;' return='1114' flags='1' bytes='1' compile_id='13' compiler='c2' level='4' iicount='7902'/>
<call method='1254' instr='invokespecial'/>
<inline_success reason='inline'/>
<parse method='1254'>
<bc code='177' bci='0'/>
<dependency type='no_finalizable_subclasses' ctxk='1249'/>
<parse_done stamp='0.041'/>
</parse>
<parse_done stamp='0.041'/>
</parse>
<phase_done stamp='0.041'/>
</phase>
<parse_done stamp='0.041'/>
</parse>
<phase name='optimize_blocks' stamp='0.041'>
<phase_done stamp='0.041'/>
</phase>
<phase name='gvn' stamp='0.041'>
<phase_done stamp='0.041'/>
</phase>
<phase name='rangeCheckElimination' stamp='0.041'>
<phase_done stamp='0.041'/>
</phase>
<phase name='optimize_null_checks' stamp='0.041'>
<phase_done stamp='0.041'/>
</phase>
<phase_done stamp='0.041'/>
</phase>
<phase name='emit_lir' stamp='0.041'>
<phase name='lirGeneration' stamp='0.041'>
<phase_done stamp='0.041'/>
</phase>
<phase name='linearScan' stamp='0.041'>
<phase_done stamp='0.041'/>
</phase>
<phase_done stamp='0.041'/>
</phase>
<phase name='codeemit' stamp='0.041'>
<phase_done stamp='0.041'/>
</phase>
<phase name='codeinstall' stamp='0.041'>
<dependency type='no_finalizable_subclasses' ctxk='1249'/>
<phase_done stamp='0.041'/>
</phase>
<code_cache total_blobs='441' nmethods='111' adapters='244' free_code_cache='250407936'/>
<task_done success='1' nmsize='432' count='386' inlined_bytes='6' stamp='0.041'/>
</task>
<task compile_id='118' method='jdk.internal.module.ModuleReferenceImpl hashCode ()I' bytes='56' count='810' iicount='810' level='3' stamp='0.041'>
<phase name='setup' stamp='0.041'>
<phase_done stamp='0.041'/>
</phase>
<phase name='buildIR' stamp='0.041'>
<type id='1112' name='int'/>
<klass id='1249' name='jdk.internal.module.ModuleReferenceImpl' flags='1'/>
<method id='1250' holder='1249' name='hashCode' return='1112' flags='1' bytes='56' iicount='810'/>
<parse method='1250'  stamp='0.041'>
<phase name='parse_hir' stamp='0.041'>
<bc code='182' bci='10'/>
<klass id='1253' name='java.lang.module.ModuleDescriptor' flags='1'/>
<klass id='1252' name='java.lang.module.ModuleReference' flags='1025'/>
<method id='1254' holder='1252' name='descriptor' return='1253' flags='17' bytes='5' compile_id='26' compiler='c1' level='1' iicount='215'/>
<call method='1254' instr='invokevirtual'/>
<dependency type='leaf_type' ctxk='1249'/>
<inline_success reason='inline'/>
<parse method='1254'>
<parse_done stamp='0.041'/>
</parse>
<bc code='182' bci='13'/>
<method id='1256' holder='1253' name='hashCode' return='1112' flags='1' bytes='170' iicount='559'/>
<call method='1256' instr='invokevirtual'/>
<dependency type='leaf_type' ctxk='1253'/>
<inline_fail reason='callee is too large'/>
<dependency type='leaf_type' ctxk='1253'/>
<bc code='184' bci='25'/>
<klass id='1119' name='java.lang.Object' flags='1'/>
<klass id='1259' name='java.util.Objects' flags='17'/>
<method id='1260' holder='1259' name='hashCode' return='1112' arguments='1119' flags='9' bytes='13' iicount='187'/>
<call method='1260' instr='invokestatic'/>
<inline_success reason='inline'/>
<parse method='1260'>
<bc code='182' bci='5'/>
<method id='1262' holder='1119' name='hashCode' return='1112' flags='257' bytes='0' compile_id='36' compile_kind='c2n' compiler='' level='0' iicount='128'/>
<call method='1262' instr='invokevirtual'/>
<inline_fail reason='callee is too large'/>
<parse_done stamp='0.041'/>
</parse>
<bc code='184' bci='38'/>
<call method='1260' instr='invokestatic'/>
<inline_success reason='inline'/>
<parse method='1260'>
<bc code='182' bci='5'/>
<call method='1262' instr='invokevirtual'/>
<inline_fail reason='native method'/>
<parse_done stamp='0.041'/>
</parse>
<phase_done stamp='0.041'/>
</phase>
<parse_done stamp='0.041'/>
</parse>
<phase name='optimize_blocks' stamp='0.041'>
<phase_done stamp='0.041'/>
</phase>
<phase name='gvn' stamp='0.041'>
<phase_done stamp='0.041'/>
</phase>
<phase name='rangeCheckElimination' stamp='0.041'>
<phase_done stamp='0.041'/>
</phase>
<phase name='optimize_null_checks' stamp='0.041'>
<phase_done stamp='0.041'/>
</phase>
<phase_done stamp='0.041'/>
</phase>
<phase name='emit_lir' stamp='0.041'>
<phase name='lirGeneration' stamp='0.041'>
<phase_done stamp='0.041'/>
</phase>
<phase name='linearScan' stamp='0.041'>
<phase_done stamp='0.041'/>
</phase>
<phase_done stamp='0.041'/>
</phase>
<phase name='codeemit' stamp='0.041'>
<phase_done stamp='0.041'/>
</phase>
<phase name='codeinstall' stamp='0.041'>
<dependency type='leaf_type' ctxk='1249'/>
<dependency type='leaf_type' ctxk='1253'/>
<phase_done stamp='0.041'/>
</phase>
<code_cache total_blobs='443' nmethods='113' adapters='244' free_code_cache='250405120'/>
<task_done success='1' nmsize='1120' count='810' inlined_bytes='31' stamp='0.041'/>
</task>
<task compile_id='119' method='java.lang.module.ResolvedModule hashCode ()I' bytes='16' count='679' iicount='679' level='3' stamp='0.041'>
<phase name='setup' stamp='0.041'>
<phase_done stamp='0.041'/>
</phase>
<phase name='buildIR' stamp='0.041'>
<type id='1112' name='int'/>
<klass id='1249' name='java.lang.module.ResolvedModule' flags='17'/>
<method id='1250' holder='1249' name='hashCode' return='1112' flags='1' bytes='16' iicount='679'/>
<parse method='1250'  stamp='0.041'>
<phase name='parse_hir' stamp='0.041'>
<bc code='182' bci='4'/>
<klass id='1119' name='java.lang.Object' flags='1'/>
<method id='1254' holder='1119' name='hashCode' return='1112' flags='257' bytes='0' compile_id='36' compile_kind='c2n' compiler='' level='0' iicount='128'/>
<call method='1254' instr='invokevirtual'/>
<inline_fail reason='native method'/>
<bc code='182' bci='11'/>
<call method='1254' instr='invokevirtual'/>
<klass id='1255' name='java.lang.module.ModuleReference' flags='1025'/>
<klass id='1253' name='jdk.internal.module.ModuleReferenceImpl' flags='1'/>
<method id='1256' holder='1253' name='hashCode' return='1112' flags='1' bytes='56' compile_id='118' compiler='c1' level='3' iicount='810'/>
<dependency type='unique_concrete_method_4' ctxk='1255' x='1256' x2='1119' x3='1254'/>
<inline_fail reason='callee is too large'/>
<dependency type='leaf_type' ctxk='1253'/>
<phase_done stamp='0.041'/>
</phase>
<parse_done stamp='0.041'/>
</parse>
<phase name='optimize_blocks' stamp='0.041'>
<phase_done stamp='0.041'/>
</phase>
<phase name='gvn' stamp='0.041'>
<phase_done stamp='0.041'/>
</phase>
<phase name='rangeCheckElimination' stamp='0.041'>
<phase_done stamp='0.041'/>
</phase>
<phase name='optimize_null_checks' stamp='0.041'>
<phase_done stamp='0.041'/>
</phase>
<phase_done stamp='0.041'/>
</phase>
<phase name='emit_lir' stamp='0.041'>
<phase name='lirGeneration' stamp='0.041'>
<phase_done stamp='0.041'/>
</phase>
<phase name='linearScan' stamp='0.041'>
<phase_done stamp='0.041'/>
</phase>
<phase_done stamp='0.041'/>
</phase>
<phase name='codeemit' stamp='0.041'>
<phase_done stamp='0.041'/>
</phase>
<phase name='codeinstall' stamp='0.041'>
<dependency type='leaf_type' ctxk='1253'/>
<dependency type='unique_concrete_method_4' ctxk='1255' x='1256' x2='1119' x3='1254'/>
<phase_done stamp='0.041'/>
</phase>
<code_cache total_blobs='444' nmethods='114' adapters='244' free_code_cache='250403840'/>
<task_done success='1' nmsize='528' count='679' stamp='0.041'/>
</task>
<task compile_id='122' method='java.util.concurrent.ConcurrentHashMap putIfAbsent (Ljava/lang/Object;Ljava/lang/Object;)Ljava/lang/Object;' bytes='8' count='660' iicount='661' level='3' stamp='0.041'>
<phase name='setup' stamp='0.041'>
<phase_done stamp='0.041'/>
</phase>
<phase name='buildIR' stamp='0.041'>
<klass id='1119' name='java.lang.Object' flags='1'/>
<klass id='1208' name='java.util.concurrent.ConcurrentHashMap' flags='1'/>
<method id='1249' holder='1208' name='putIfAbsent' return='1119' arguments='1119 1119' flags='1' bytes='8' iicount='691'/>
<parse method='1249'  stamp='0.041'>
<phase name='parse_hir' stamp='0.041'>
<bc code='182' bci='4'/>
<type id='1106' name='boolean'/>
<method id='1251' holder='1208' name='putVal' return='1119' arguments='1119 1119 1106' flags='16' bytes='432' compile_id='43' compiler='c1' level='3' iicount='774'/>
<call method='1251' instr='invokevirtual'/>
<inline_fail reason='callee is too large'/>
<phase_done stamp='0.041'/>
</phase>
<parse_done stamp='0.041'/>
</parse>
<phase name='optimize_blocks' stamp='0.041'>
<phase_done stamp='0.041'/>
</phase>
<phase name='gvn' stamp='0.041'>
<phase_done stamp='0.041'/>
</phase>
<phase name='rangeCheckElimination' stamp='0.041'>
<phase_done stamp='0.041'/>
</phase>
<phase name='optimize_null_checks' stamp='0.041'>
<phase_done stamp='0.041'/>
</phase>
<phase_done stamp='0.041'/>
</phase>
<phase name='emit_lir' stamp='0.041'>
<phase name='lirGeneration' stamp='0.041'>
<phase_done stamp='0.041'/>
</phase>
<phase name='linearScan' stamp='0.041'>
<phase_done stamp='0.042'/>
</phase>
<phase_done stamp='0.042'/>
</phase>
<phase name='codeemit' stamp='0.042'>
<phase_done stamp='0.042'/>
</phase>
<phase name='codeinstall' stamp='0.042'>
<phase_done stamp='0.042'/>
</phase>
<code_cache total_blobs='445' nmethods='115' adapters='244' free_code_cache='250402944'/>
<task_done success='1' nmsize='320' count='881' stamp='0.042'/>
</task>
<task compile_id='123' method='java.util.concurrent.ConcurrentHashMap casTabAt ([Ljava/util/concurrent/ConcurrentHashMap$Node;ILjava/util/concurrent/ConcurrentHashMap$Node;Ljava/util/concurrent/ConcurrentHashMap$Node;)Z' bytes='21' count='804' iicount='804' level='3' stamp='0.042'>
<phase name='setup' stamp='0.042'>
<phase_done stamp='0.042'/>
</phase>
<phase name='buildIR' stamp='0.042'>
<type id='1106' name='boolean'/>
<klass id='1250' name='[Ljava.util.concurrent.ConcurrentHashMap$Node;' flags='1040'/>
<type id='1112' name='int'/>
<klass id='1249' name='java.util.concurrent.ConcurrentHashMap$Node' flags='8'/>
<klass id='1208' name='java.util.concurrent.ConcurrentHashMap' flags='1'/>
<method id='1251' holder='1208' name='casTabAt' return='1106' arguments='1250 1112 1249 1249' flags='24' bytes='21' iicount='804'/>
<parse method='1251'  stamp='0.042'>
<phase name='parse_hir' stamp='0.042'>
<bc code='182' bci='17'/>
<klass id='1119' name='java.lang.Object' flags='1'/>
<type id='1113' name='long'/>
<klass id='1196' name='jdk.internal.misc.Unsafe' flags='17'/>
<method id='1255' holder='1196' name='compareAndSetReference' return='1106' arguments='1119 1113 1119 1119' flags='273' bytes='0' compile_id='30' compile_kind='c2n' compiler='' level='0' iicount='128'/>
<call method='1255' instr='invokevirtual'/>
<inline_success reason='intrinsic'/>
<phase_done stamp='0.042'/>
</phase>
<parse_done stamp='0.042'/>
</parse>
<phase name='optimize_blocks' stamp='0.042'>
<phase_done stamp='0.042'/>
</phase>
<phase name='gvn' stamp='0.042'>
<phase_done stamp='0.042'/>
</phase>
<phase name='rangeCheckElimination' stamp='0.042'>
<phase_done stamp='0.042'/>
</phase>
<phase name='optimize_null_checks' stamp='0.042'>
<phase_done stamp='0.042'/>
</phase>
<phase_done stamp='0.042'/>
</phase>
<phase name='emit_lir' stamp='0.042'>
<phase name='lirGeneration' stamp='0.042'>
<phase_done stamp='0.042'/>
</phase>
<phase name='linearScan' stamp='0.042'>
<phase_done stamp='0.042'/>
</phase>
<phase_done stamp='0.042'/>
</phase>
<phase name='codeemit' stamp='0.042'>
<phase_done stamp='0.042'/>
</phase>
<phase name='codeinstall' stamp='0.042'>
<phase_done stamp='0.042'/>
</phase>
<code_cache total_blobs='447' nmethods='117' adapters='244' free_code_cache='250401280'/>
<task_done success='1' nmsize='368' count='804' stamp='0.042'/>
</task>
<task compile_id='120' method='java.util.KeyValueHolder getKey ()Ljava/lang/Object;' bytes='5' count='141' iicount='141' level='1' stamp='0.042'>
<phase name='setup' stamp='0.042'>
<phase_done stamp='0.042'/>
</phase>
<phase name='buildIR' stamp='0.042'>
<klass id='1119' name='java.lang.Object' flags='1'/>
<klass id='1249' name='java.util.KeyValueHolder' flags='16'/>
<method id='1250' holder='1249' name='getKey' return='1119' flags='1' bytes='5' iicount='141'/>
<parse method='1250'  stamp='0.042'>
<phase name='parse_hir' stamp='0.042'>
<phase_done stamp='0.042'/>
</phase>
<parse_done stamp='0.042'/>
</parse>
<phase name='optimize_blocks' stamp='0.042'>
<phase_done stamp='0.042'/>
</phase>
<phase name='gvn' stamp='0.042'>
<phase_done stamp='0.042'/>
</phase>
<phase name='rangeCheckElimination' stamp='0.042'>
<phase_done stamp='0.042'/>
</phase>
<phase name='optimize_null_checks' stamp='0.042'>
<phase_done stamp='0.042'/>
</phase>
<phase_done stamp='0.042'/>
</phase>
<phase name='emit_lir' stamp='0.042'>
<phase name='lirGeneration' stamp='0.042'>
<phase_done stamp='0.042'/>
</phase>
<phase name='linearScan' stamp='0.042'>
<phase_done stamp='0.042'/>
</phase>
<phase_done stamp='0.042'/>
</phase>
<phase name='codeemit' stamp='0.042'>
<phase_done stamp='0.042'/>
</phase>
<phase name='codeinstall' stamp='0.042'>
<phase_done stamp='0.042'/>
</phase>
<code_cache total_blobs='448' nmethods='118' adapters='244' free_code_cache='250400512'/>
<task_done success='1' nmsize='208' count='141' stamp='0.042'/>
</task>
<task compile_id='121' method='java.util.KeyValueHolder getValue ()Ljava/lang/Object;' bytes='5' count='141' iicount='141' level='1' stamp='0.042'>
<phase name='setup' stamp='0.042'>
<phase_done stamp='0.042'/>
</phase>
<phase name='buildIR' stamp='0.042'>
<klass id='1119' name='java.lang.Object' flags='1'/>
<klass id='1249' name='java.util.KeyValueHolder' flags='16'/>
<method id='1250' holder='1249' name='getValue' return='1119' flags='1' bytes='5' iicount='141'/>
<parse method='1250'  stamp='0.042'>
<phase name='parse_hir' stamp='0.042'>
<phase_done stamp='0.042'/>
</phase>
<parse_done stamp='0.042'/>
</parse>
<phase name='optimize_blocks' stamp='0.042'>
<phase_done stamp='0.042'/>
</phase>
<phase name='gvn' stamp='0.042'>
<phase_done stamp='0.042'/>
</phase>
<phase name='rangeCheckElimination' stamp='0.042'>
<phase_done stamp='0.042'/>
</phase>
<phase name='optimize_null_checks' stamp='0.042'>
<phase_done stamp='0.042'/>
</phase>
<phase_done stamp='0.042'/>
</phase>
<phase name='emit_lir' stamp='0.042'>
<phase name='lirGeneration' stamp='0.042'>
<phase_done stamp='0.042'/>
</phase>
<phase name='linearScan' stamp='0.042'>
<phase_done stamp='0.042'/>
</phase>
<phase_done stamp='0.042'/>
</phase>
<phase name='codeemit' stamp='0.042'>
<phase_done stamp='0.042'/>
</phase>
<phase name='codeinstall' stamp='0.042'>
<phase_done stamp='0.042'/>
</phase>
<code_cache total_blobs='449' nmethods='119' adapters='244' free_code_cache='250399744'/>
<task_done success='1' nmsize='208' count='141' stamp='0.042'/>
</task>
<task compile_id='78' method='java.util.Spliterators$IteratorSpliterator characteristics ()I' bytes='5' count='138' iicount='138' level='1' stamp='0.042'>
<phase name='setup' stamp='0.042'>
<phase_done stamp='0.042'/>
</phase>
<phase name='buildIR' stamp='0.042'>
<type id='1112' name='int'/>
<klass id='1249' name='java.util.Spliterators$IteratorSpliterator' flags='8'/>
<method id='1250' holder='1249' name='characteristics' return='1112' flags='1' bytes='5' iicount='138'/>
<parse method='1250'  stamp='0.042'>
<phase name='parse_hir' stamp='0.042'>
<phase_done stamp='0.042'/>
</phase>
<parse_done stamp='0.042'/>
</parse>
<phase name='optimize_blocks' stamp='0.042'>
<phase_done stamp='0.042'/>
</phase>
<phase name='gvn' stamp='0.042'>
<phase_done stamp='0.042'/>
</phase>
<phase name='rangeCheckElimination' stamp='0.042'>
<phase_done stamp='0.042'/>
</phase>
<phase name='optimize_null_checks' stamp='0.042'>
<phase_done stamp='0.042'/>
</phase>
<phase_done stamp='0.042'/>
</phase>
<phase name='emit_lir' stamp='0.042'>
<phase name='lirGeneration' stamp='0.042'>
<phase_done stamp='0.042'/>
</phase>
<phase name='linearScan' stamp='0.042'>
<phase_done stamp='0.042'/>
</phase>
<phase_done stamp='0.042'/>
</phase>
<phase name='codeemit' stamp='0.042'>
<phase_done stamp='0.042'/>
</phase>
<phase name='codeinstall' stamp='0.042'>
<phase_done stamp='0.042'/>
</phase>
<code_cache total_blobs='450' nmethods='120' adapters='244' free_code_cache='250398976'/>
<task_done success='1' nmsize='208' count='138' stamp='0.042'/>
</task>
<task compile_id='126' method='java.util.Optional &lt;init&gt; (Ljava/lang/Object;)V' bytes='10' count='392' iicount='392' level='3' stamp='0.042'>
<phase name='setup' stamp='0.042'>
<phase_done stamp='0.042'/>
</phase>
<phase name='buildIR' stamp='0.042'>
<type id='1114' name='void'/>
<klass id='1119' name='java.lang.Object' flags='1'/>
<klass id='1249' name='java.util.Optional' flags='17'/>
<method id='1250' holder='1249' name='&lt;init&gt;' return='1114' arguments='1119' flags='2' bytes='10' iicount='412'/>
<parse method='1250'  stamp='0.042'>
<phase name='parse_hir' stamp='0.042'>
<bc code='183' bci='1'/>
<method id='1252' holder='1119' name='&lt;init&gt;' return='1114' flags='1' bytes='1' compile_id='13' compiler='c2' level='4' iicount='8674'/>
<call method='1252' instr='invokespecial'/>
<inline_success reason='inline'/>
<parse method='1252'>
<parse_done stamp='0.042'/>
</parse>
<phase_done stamp='0.042'/>
</phase>
<parse_done stamp='0.042'/>
</parse>
<phase name='optimize_blocks' stamp='0.042'>
<phase_done stamp='0.042'/>
</phase>
<phase name='gvn' stamp='0.042'>
<phase_done stamp='0.042'/>
</phase>
<phase name='rangeCheckElimination' stamp='0.042'>
<phase_done stamp='0.042'/>
</phase>
<phase name='optimize_null_checks' stamp='0.042'>
<phase_done stamp='0.042'/>
</phase>
<phase_done stamp='0.042'/>
</phase>
<phase name='emit_lir' stamp='0.042'>
<phase name='lirGeneration' stamp='0.042'>
<phase_done stamp='0.042'/>
</phase>
<phase name='linearScan' stamp='0.042'>
<phase_done stamp='0.042'/>
</phase>
<phase_done stamp='0.042'/>
</phase>
<phase name='codeemit' stamp='0.042'>
<phase_done stamp='0.042'/>
</phase>
<phase name='codeinstall' stamp='0.042'>
<phase_done stamp='0.042'/>
</phase>
<code_cache total_blobs='451' nmethods='121' adapters='244' free_code_cache='250397952'/>
<task_done success='1' nmsize='432' count='433' inlined_bytes='1' stamp='0.042'/>
</task>
<task compile_id='125' method='java.lang.module.ModuleDescriptor packages ()Ljava/util/Set;' bytes='5' count='166' iicount='166' level='1' stamp='0.042'>
<phase name='setup' stamp='0.042'>
<phase_done stamp='0.042'/>
</phase>
<phase name='buildIR' stamp='0.042'>
<klass id='1250' name='java.util.Set' flags='1537'/>
<klass id='1249' name='java.lang.module.ModuleDescriptor' flags='1'/>
<method id='1251' holder='1249' name='packages' return='1250' flags='1' bytes='5' iicount='178'/>
<parse method='1251'  stamp='0.042'>
<phase name='parse_hir' stamp='0.042'>
<phase_done stamp='0.043'/>
</phase>
<parse_done stamp='0.043'/>
</parse>
<phase name='optimize_blocks' stamp='0.043'>
<phase_done stamp='0.043'/>
</phase>
<phase name='gvn' stamp='0.043'>
<phase_done stamp='0.043'/>
</phase>
<phase name='rangeCheckElimination' stamp='0.043'>
<phase_done stamp='0.043'/>
</phase>
<phase name='optimize_null_checks' stamp='0.043'>
<phase_done stamp='0.043'/>
</phase>
<phase_done stamp='0.043'/>
</phase>
<phase name='emit_lir' stamp='0.043'>
<phase name='lirGeneration' stamp='0.043'>
<phase_done stamp='0.043'/>
</phase>
<phase name='linearScan' stamp='0.043'>
<phase_done stamp='0.043'/>
</phase>
<phase_done stamp='0.043'/>
</phase>
<phase name='codeemit' stamp='0.043'>
<phase_done stamp='0.043'/>
</phase>
<phase name='codeinstall' stamp='0.043'>
<phase_done stamp='0.043'/>
</phase>
<code_cache total_blobs='453' nmethods='123' adapters='244' free_code_cache='250396032'/>
<task_done success='1' nmsize='208' count='186' stamp='0.043'/>
</task>
<task compile_id='127' method='java.util.Optional ofNullable (Ljava/lang/Object;)Ljava/util/Optional;' bytes='19' count='430' iicount='430' level='3' stamp='0.043'>
<phase name='setup' stamp='0.043'>
<phase_done stamp='0.043'/>
</phase>
<phase name='buildIR' stamp='0.043'>
<klass id='1249' name='java.util.Optional' flags='17'/>
<klass id='1119' name='java.lang.Object' flags='1'/>
<method id='1250' holder='1249' name='ofNullable' return='1249' arguments='1119' flags='9' bytes='19' iicount='430'/>
<parse method='1250'  stamp='0.044'>
<phase name='parse_hir' stamp='0.044'>
<bc code='183' bci='15'/>
<type id='1114' name='void'/>
<method id='1254' holder='1249' name='&lt;init&gt;' return='1114' arguments='1119' flags='2' bytes='10' compile_id='126' compiler='c1' level='3' iicount='474'/>
<call method='1254' instr='invokespecial'/>
<inline_success reason='inline'/>
<parse method='1254'>
<bc code='183' bci='1'/>
<method id='1256' holder='1119' name='&lt;init&gt;' return='1114' flags='1' bytes='1' compile_id='13' compiler='c2' level='4' iicount='9207'/>
<call method='1256' instr='invokespecial'/>
<inline_success reason='inline'/>
<parse method='1256'>
<parse_done stamp='0.044'/>
</parse>
<parse_done stamp='0.044'/>
</parse>
<phase_done stamp='0.044'/>
</phase>
<parse_done stamp='0.044'/>
</parse>
<phase name='optimize_blocks' stamp='0.044'>
<phase_done stamp='0.044'/>
</phase>
<phase name='gvn' stamp='0.044'>
<phase_done stamp='0.044'/>
</phase>
<phase name='rangeCheckElimination' stamp='0.044'>
<phase_done stamp='0.044'/>
</phase>
<phase name='optimize_null_checks' stamp='0.044'>
<phase_done stamp='0.044'/>
</phase>
<phase_done stamp='0.044'/>
</phase>
<phase name='emit_lir' stamp='0.044'>
<phase name='lirGeneration' stamp='0.044'>
<phase_done stamp='0.044'/>
</phase>
<phase name='linearScan' stamp='0.044'>
<phase_done stamp='0.044'/>
</phase>
<phase_done stamp='0.044'/>
</phase>
<phase name='codeemit' stamp='0.044'>
<phase_done stamp='0.044'/>
</phase>
<phase name='codeinstall' stamp='0.044'>
<phase_done stamp='0.044'/>
</phase>
<code_cache total_blobs='454' nmethods='124' adapters='244' free_code_cache='250394624'/>
<task_done success='1' nmsize='688' count='430' inlined_bytes='11' stamp='0.044'/>
</task>
<task compile_id='129' method='java.util.HashMap keySet ()Ljava/util/Set;' bytes='25' count='542' iicount='542' level='3' stamp='0.044'>
<phase name='setup' stamp='0.044'>
<phase_done stamp='0.044'/>
</phase>
<phase name='buildIR' stamp='0.044'>
<klass id='1250' name='java.util.Set' flags='1537'/>
<klass id='1249' name='java.util.HashMap' flags='1'/>
<method id='1251' holder='1249' name='keySet' return='1250' flags='1' bytes='25' iicount='543'/>
<parse method='1251'  stamp='0.044'>
<phase name='parse_hir' stamp='0.044'>
<bc code='183' bci='14'/>
<type id='1114' name='void'/>
<klass id='1253' name='java.util.HashMap$KeySet' flags='16'/>
<method id='1254' holder='1253' name='&lt;init&gt;' return='1114' arguments='1249' flags='0' bytes='10' iicount='137'/>
<call method='1254' instr='invokespecial'/>
<inline_success reason='inline'/>
<parse method='1254'>
<bc code='183' bci='6'/>
<klass id='1256' name='java.util.AbstractSet' flags='1025'/>
<method id='1257' holder='1256' name='&lt;init&gt;' return='1114' flags='4' bytes='5' compile_id='117' compiler='c1' level='3' iicount='506'/>
<call method='1257' instr='invokespecial'/>
<inline_success reason='inline'/>
<parse method='1257'>
<bc code='183' bci='1'/>
<klass id='1209' name='java.util.AbstractCollection' flags='1025'/>
<method id='1259' holder='1209' name='&lt;init&gt;' return='1114' flags='4' bytes='5' compile_id='16' compiler='c1' level='3' iicount='984'/>
<call method='1259' instr='invokespecial'/>
<inline_success reason='inline'/>
<parse method='1259'>
<bc code='183' bci='1'/>
<klass id='1119' name='java.lang.Object' flags='1'/>
<method id='1261' holder='1119' name='&lt;init&gt;' return='1114' flags='1' bytes='1' compile_id='13' compiler='c2' level='4' iicount='9356'/>
<call method='1261' instr='invokespecial'/>
<inline_success reason='inline'/>
<parse method='1261'>
<parse_done stamp='0.044'/>
</parse>
<parse_done stamp='0.044'/>
</parse>
<parse_done stamp='0.044'/>
</parse>
<parse_done stamp='0.044'/>
</parse>
<phase_done stamp='0.044'/>
</phase>
<parse_done stamp='0.044'/>
</parse>
<phase name='optimize_blocks' stamp='0.044'>
<phase_done stamp='0.044'/>
</phase>
<phase name='gvn' stamp='0.044'>
<phase_done stamp='0.044'/>
</phase>
<phase name='rangeCheckElimination' stamp='0.044'>
<phase_done stamp='0.044'/>
</phase>
<phase name='optimize_null_checks' stamp='0.044'>
<phase_done stamp='0.044'/>
</phase>
<phase_done stamp='0.044'/>
</phase>
<phase name='emit_lir' stamp='0.044'>
<phase name='lirGeneration' stamp='0.044'>
<phase_done stamp='0.044'/>
</phase>
<phase name='linearScan' stamp='0.044'>
<phase_done stamp='0.044'/>
</phase>
<phase_done stamp='0.044'/>
</phase>
<phase name='codeemit' stamp='0.044'>
<phase_done stamp='0.044'/>
</phase>
<phase name='codeinstall' stamp='0.044'>
<phase_done stamp='0.044'/>
</phase>
<code_cache total_blobs='455' nmethods='125' adapters='244' free_code_cache='250392832'/>
<task_done success='1' nmsize='1008' count='546' inlined_bytes='21' stamp='0.044'/>
</task>
<task compile_id='130' method='java.util.HashMap$KeySet iterator ()Ljava/util/Iterator;' bytes='12' count='546' iicount='546' level='3' stamp='0.044'>
<phase name='setup' stamp='0.044'>
<phase_done stamp='0.044'/>
</phase>
<phase name='buildIR' stamp='0.044'>
<klass id='1228' name='java.util.Iterator' flags='1537'/>
<klass id='1249' name='java.util.HashMap$KeySet' flags='16'/>
<method id='1250' holder='1249' name='iterator' return='1228' flags='17' bytes='12' iicount='546'/>
<parse method='1250'  stamp='0.044'>
<phase name='parse_hir' stamp='0.044'>
<bc code='183' bci='8'/>
<type id='1114' name='void'/>
<klass id='1253' name='java.util.HashMap' flags='1'/>
<klass id='1252' name='java.util.HashMap$KeyIterator' flags='16'/>
<method id='1254' holder='1252' name='&lt;init&gt;' return='1114' arguments='1253' flags='0' bytes='11' iicount='546'/>
<call method='1254' instr='invokespecial'/>
<inline_success reason='inline'/>
<parse method='1254'>
<bc code='183' bci='7'/>
<klass id='1256' name='java.util.HashMap$HashIterator' flags='1024'/>
<method id='1257' holder='1256' name='&lt;init&gt;' return='1114' arguments='1253' flags='0' bytes='79' compile_id='116' compiler='c1' level='3' iicount='555'/>
<call method='1257' instr='invokespecial'/>
<inline_fail reason='callee is too large'/>
<parse_done stamp='0.044'/>
</parse>
<phase_done stamp='0.044'/>
</phase>
<parse_done stamp='0.044'/>
</parse>
<phase name='optimize_blocks' stamp='0.044'>
<phase_done stamp='0.044'/>
</phase>
<phase name='gvn' stamp='0.044'>
<phase_done stamp='0.044'/>
</phase>
<phase name='rangeCheckElimination' stamp='0.044'>
<phase_done stamp='0.044'/>
</phase>
<phase name='optimize_null_checks' stamp='0.044'>
<phase_done stamp='0.044'/>
</phase>
<phase_done stamp='0.044'/>
</phase>
<phase name='emit_lir' stamp='0.044'>
<phase name='lirGeneration' stamp='0.044'>
<phase_done stamp='0.044'/>
</phase>
<phase name='linearScan' stamp='0.044'>
<phase_done stamp='0.044'/>
</phase>
<phase_done stamp='0.044'/>
</phase>
<phase name='codeemit' stamp='0.044'>
<phase_done stamp='0.044'/>
</phase>
<phase name='codeinstall' stamp='0.044'>
<phase_done stamp='0.044'/>
</phase>
<code_cache total_blobs='457' nmethods='127' adapters='244' free_code_cache='250390528'/>
<task_done success='1' nmsize='640' count='546' inlined_bytes='11' stamp='0.044'/>
</task>
<task compile_id='131' method='java.util.HashMap$KeyIterator &lt;init&gt; (Ljava/util/HashMap;)V' bytes='11' count='546' iicount='546' level='3' stamp='0.044'>
<phase name='setup' stamp='0.044'>
<phase_done stamp='0.044'/>
</phase>
<phase name='buildIR' stamp='0.044'>
<type id='1114' name='void'/>
<klass id='1250' name='java.util.HashMap' flags='1'/>
<klass id='1249' name='java.util.HashMap$KeyIterator' flags='16'/>
<method id='1251' holder='1249' name='&lt;init&gt;' return='1114' arguments='1250' flags='0' bytes='11' iicount='546'/>
<parse method='1251'  stamp='0.044'>
<phase name='parse_hir' stamp='0.044'>
<bc code='183' bci='7'/>
<klass id='1253' name='java.util.HashMap$HashIterator' flags='1024'/>
<method id='1254' holder='1253' name='&lt;init&gt;' return='1114' arguments='1250' flags='0' bytes='79' compile_id='116' compiler='c1' level='3' iicount='555'/>
<call method='1254' instr='invokespecial'/>
<inline_fail reason='callee is too large'/>
<phase_done stamp='0.044'/>
</phase>
<parse_done stamp='0.044'/>
</parse>
<phase name='optimize_blocks' stamp='0.044'>
<phase_done stamp='0.044'/>
</phase>
<phase name='gvn' stamp='0.044'>
<phase_done stamp='0.044'/>
</phase>
<phase name='rangeCheckElimination' stamp='0.044'>
<phase_done stamp='0.044'/>
</phase>
<phase name='optimize_null_checks' stamp='0.044'>
<phase_done stamp='0.044'/>
</phase>
<phase_done stamp='0.044'/>
</phase>
<phase name='emit_lir' stamp='0.044'>
<phase name='lirGeneration' stamp='0.044'>
<phase_done stamp='0.044'/>
</phase>
<phase name='linearScan' stamp='0.044'>
<phase_done stamp='0.044'/>
</phase>
<phase_done stamp='0.044'/>
</phase>
<phase name='codeemit' stamp='0.044'>
<phase_done stamp='0.044'/>
</phase>
<phase name='codeinstall' stamp='0.044'>
<phase_done stamp='0.044'/>
</phase>
<code_cache total_blobs='458' nmethods='128' adapters='244' free_code_cache='250389504'/>
<task_done success='1' nmsize='384' count='546' stamp='0.044'/>
</task>
<task compile_id='137' method='java.util.ImmutableCollections$Set12$1 next ()Ljava/lang/Object;' bytes='95' count='652' iicount='652' level='3' stamp='0.044'>
<phase name='setup' stamp='0.044'>
<phase_done stamp='0.044'/>
</phase>
<phase name='buildIR' stamp='0.044'>
<klass id='1119' name='java.lang.Object' flags='1'/>
<klass id='1249' name='java.util.ImmutableCollections$Set12$1' flags='0'/>
<method id='1250' holder='1249' name='next' return='1119' flags='1' bytes='95' iicount='655'/>
<parse method='1250'  stamp='0.044'>
<phase name='parse_hir' stamp='0.044'>
<bc code='183' bci='91'/>
<type id='1114' name='void'/>
<klass id='1256' name='java.util.NoSuchElementException' unloaded='1'/>
<method id='1257' holder='1256' name='&lt;init&gt;' return='1114' unloaded='1'/>
<call method='1257' instr='invokespecial'/>
<inline_fail reason='not inlineable'/>
<phase_done stamp='0.044'/>
</phase>
<parse_done stamp='0.044'/>
</parse>
<phase name='optimize_blocks' stamp='0.044'>
<phase_done stamp='0.044'/>
</phase>
<phase name='gvn' stamp='0.044'>
<phase_done stamp='0.044'/>
</phase>
<phase name='rangeCheckElimination' stamp='0.044'>
<phase_done stamp='0.044'/>
</phase>
<phase name='optimize_null_checks' stamp='0.044'>
<phase_done stamp='0.044'/>
</phase>
<phase_done stamp='0.044'/>
</phase>
<phase name='emit_lir' stamp='0.044'>
<phase name='lirGeneration' stamp='0.044'>
<phase_done stamp='0.044'/>
</phase>
<phase name='linearScan' stamp='0.044'>
<phase_done stamp='0.044'/>
</phase>
<phase_done stamp='0.044'/>
</phase>
<phase name='codeemit' stamp='0.044'>
<phase_done stamp='0.044'/>
</phase>
<phase name='codeinstall' stamp='0.044'>
<phase_done stamp='0.044'/>
</phase>
<code_cache total_blobs='460' nmethods='130' adapters='244' free_code_cache='250386944'/>
<task_done success='1' nmsize='736' count='671' stamp='0.044'/>
</task>
<task compile_id='133' method='java.util.AbstractMap &lt;init&gt; ()V' bytes='5' count='597' iicount='597' level='3' stamp='0.044'>
<phase name='setup' stamp='0.044'>
<phase_done stamp='0.044'/>
</phase>
<phase name='buildIR' stamp='0.044'>
<type id='1114' name='void'/>
<klass id='1207' name='java.util.AbstractMap' flags='1025'/>
<method id='1249' holder='1207' name='&lt;init&gt;' return='1114' flags='4' bytes='5' iicount='599'/>
<parse method='1249'  stamp='0.044'>
<phase name='parse_hir' stamp='0.044'>
<bc code='183' bci='1'/>
<klass id='1119' name='java.lang.Object' flags='1'/>
<method id='1251' holder='1119' name='&lt;init&gt;' return='1114' flags='1' bytes='1' compile_id='13' compiler='c2' level='4' iicount='9790'/>
<call method='1251' instr='invokespecial'/>
<inline_success reason='inline'/>
<parse method='1251'>
<bc code='177' bci='0'/>
<dependency type='no_finalizable_subclasses' ctxk='1207'/>
<parse_done stamp='0.044'/>
</parse>
<phase_done stamp='0.044'/>
</phase>
<parse_done stamp='0.044'/>
</parse>
<phase name='optimize_blocks' stamp='0.044'>
<phase_done stamp='0.045'/>
</phase>
<phase name='gvn' stamp='0.045'>
<phase_done stamp='0.045'/>
</phase>
<phase name='rangeCheckElimination' stamp='0.045'>
<phase_done stamp='0.045'/>
</phase>
<phase name='optimize_null_checks' stamp='0.045'>
<phase_done stamp='0.045'/>
</phase>
<phase_done stamp='0.045'/>
</phase>
<phase name='emit_lir' stamp='0.045'>
<phase name='lirGeneration' stamp='0.045'>
<phase_done stamp='0.045'/>
</phase>
<phase name='linearScan' stamp='0.045'>
<phase_done stamp='0.045'/>
</phase>
<phase_done stamp='0.045'/>
</phase>
<phase name='codeemit' stamp='0.045'>
<phase_done stamp='0.045'/>
</phase>
<phase name='codeinstall' stamp='0.045'>
<dependency type='no_finalizable_subclasses' ctxk='1207'/>
<phase_done stamp='0.045'/>
</phase>
<code_cache total_blobs='461' nmethods='131' adapters='244' free_code_cache='250385920'/>
<task_done success='1' nmsize='336' count='632' inlined_bytes='1' stamp='0.045'/>
</task>
<task compile_id='138' method='java.util.ImmutableCollections$Set12 iterator ()Ljava/util/Iterator;' bytes='9' count='551' iicount='551' level='3' stamp='0.045'>
<phase name='setup' stamp='0.045'>
<phase_done stamp='0.045'/>
</phase>
<phase name='buildIR' stamp='0.045'>
<klass id='1228' name='java.util.Iterator' flags='1537'/>
<klass id='1249' name='java.util.ImmutableCollections$Set12' flags='24'/>
<method id='1250' holder='1249' name='iterator' return='1228' flags='1' bytes='9' iicount='554'/>
<parse method='1250'  stamp='0.045'>
<phase name='parse_hir' stamp='0.045'>
<bc code='183' bci='5'/>
<type id='1114' name='void'/>
<klass id='1252' name='java.util.ImmutableCollections$Set12$1' flags='0'/>
<method id='1253' holder='1252' name='&lt;init&gt;' return='1114' arguments='1249' flags='0' bytes='32' iicount='557'/>
<call method='1253' instr='invokespecial'/>
<inline_success reason='inline'/>
<parse method='1253'>
<bc code='183' bci='6'/>
<klass id='1119' name='java.lang.Object' flags='1'/>
<method id='1255' holder='1119' name='&lt;init&gt;' return='1114' flags='1' bytes='1' compile_id='13' compiler='c2' level='4' iicount='9969'/>
<call method='1255' instr='invokespecial'/>
<inline_success reason='inline'/>
<parse method='1255'>
<parse_done stamp='0.045'/>
</parse>
<parse_done stamp='0.045'/>
</parse>
<phase_done stamp='0.045'/>
</phase>
<parse_done stamp='0.045'/>
</parse>
<phase name='optimize_blocks' stamp='0.045'>
<phase_done stamp='0.045'/>
</phase>
<phase name='gvn' stamp='0.045'>
<phase_done stamp='0.045'/>
</phase>
<phase name='rangeCheckElimination' stamp='0.045'>
<phase_done stamp='0.045'/>
</phase>
<phase name='optimize_null_checks' stamp='0.045'>
<phase_done stamp='0.045'/>
</phase>
<phase_done stamp='0.045'/>
</phase>
<phase name='emit_lir' stamp='0.045'>
<phase name='lirGeneration' stamp='0.045'>
<phase_done stamp='0.045'/>
</phase>
<phase name='linearScan' stamp='0.045'>
<phase_done stamp='0.045'/>
</phase>
<phase_done stamp='0.045'/>
</phase>
<phase name='codeemit' stamp='0.045'>
<phase_done stamp='0.045'/>
</phase>
<phase name='codeinstall' stamp='0.045'>
<phase_done stamp='0.045'/>
</phase>
<code_cache total_blobs='463' nmethods='133' adapters='244' free_code_cache='250383488'/>
<task_done success='1' nmsize='752' count='568' inlined_bytes='33' stamp='0.045'/>
</task>
<task compile_id='140' method='java.util.HashMap &lt;init&gt; ()V' bytes='11' count='550' iicount='550' level='3' stamp='0.045'>
<phase name='setup' stamp='0.045'>
<phase_done stamp='0.045'/>
</phase>
<phase name='buildIR' stamp='0.045'>
<type id='1114' name='void'/>
<klass id='1249' name='java.util.HashMap' flags='1'/>
<method id='1250' holder='1249' name='&lt;init&gt;' return='1114' flags='1' bytes='11' iicount='550'/>
<parse method='1250'  stamp='0.045'>
<phase name='parse_hir' stamp='0.045'>
<bc code='183' bci='1'/>
<klass id='1207' name='java.util.AbstractMap' flags='1025'/>
<method id='1252' holder='1207' name='&lt;init&gt;' return='1114' flags='4' bytes='5' compile_id='133' compiler='c1' level='3' iicount='666'/>
<call method='1252' instr='invokespecial'/>
<inline_success reason='inline'/>
<parse method='1252'>
<bc code='183' bci='1'/>
<klass id='1119' name='java.lang.Object' flags='1'/>
<method id='1254' holder='1119' name='&lt;init&gt;' return='1114' flags='1' bytes='1' compile_id='13' compiler='c2' level='4' iicount='10031'/>
<call method='1254' instr='invokespecial'/>
<inline_success reason='inline'/>
<parse method='1254'>
<bc code='177' bci='0'/>
<dependency type='no_finalizable_subclasses' ctxk='1249'/>
<parse_done stamp='0.045'/>
</parse>
<parse_done stamp='0.045'/>
</parse>
<phase_done stamp='0.045'/>
</phase>
<parse_done stamp='0.045'/>
</parse>
<phase name='optimize_blocks' stamp='0.045'>
<phase_done stamp='0.045'/>
</phase>
<phase name='gvn' stamp='0.045'>
<phase_done stamp='0.045'/>
</phase>
<phase name='rangeCheckElimination' stamp='0.045'>
<phase_done stamp='0.045'/>
</phase>
<phase name='optimize_null_checks' stamp='0.045'>
<phase_done stamp='0.045'/>
</phase>
<phase_done stamp='0.045'/>
</phase>
<phase name='emit_lir' stamp='0.045'>
<phase name='lirGeneration' stamp='0.045'>
<phase_done stamp='0.045'/>
</phase>
<phase name='linearScan' stamp='0.045'>
<phase_done stamp='0.045'/>
</phase>
<phase_done stamp='0.045'/>
</phase>
<phase name='codeemit' stamp='0.045'>
<phase_done stamp='0.045'/>
</phase>
<phase name='codeinstall' stamp='0.045'>
<dependency type='no_finalizable_subclasses' ctxk='1249'/>
<phase_done stamp='0.045'/>
</phase>
<code_cache total_blobs='464' nmethods='134' adapters='244' free_code_cache='250382336'/>
<task_done success='1' nmsize='464' count='550' inlined_bytes='6' stamp='0.045'/>
</task>
<task compile_id='132' method='java.lang.module.ResolvedModule reference ()Ljava/lang/module/ModuleReference;' bytes='5' count='182' iicount='182' level='1' stamp='0.045'>
<phase name='setup' stamp='0.045'>
<phase_done stamp='0.045'/>
</phase>
<phase name='buildIR' stamp='0.045'>
<klass id='1250' name='java.lang.module.ModuleReference' flags='1025'/>
<klass id='1249' name='java.lang.module.ResolvedModule' flags='17'/>
<method id='1251' holder='1249' name='reference' return='1250' flags='1' bytes='5' iicount='182'/>
<parse method='1251'  stamp='0.045'>
<phase name='parse_hir' stamp='0.045'>
<phase_done stamp='0.045'/>
</phase>
<parse_done stamp='0.045'/>
</parse>
<phase name='optimize_blocks' stamp='0.045'>
<phase_done stamp='0.045'/>
</phase>
<phase name='gvn' stamp='0.045'>
<phase_done stamp='0.045'/>
</phase>
<phase name='rangeCheckElimination' stamp='0.045'>
<phase_done stamp='0.045'/>
</phase>
<phase name='optimize_null_checks' stamp='0.045'>
<phase_done stamp='0.045'/>
</phase>
<phase_done stamp='0.045'/>
</phase>
<phase name='emit_lir' stamp='0.045'>
<phase name='lirGeneration' stamp='0.045'>
<phase_done stamp='0.045'/>
</phase>
<phase name='linearScan' stamp='0.045'>
<phase_done stamp='0.045'/>
</phase>
<phase_done stamp='0.045'/>
</phase>
<phase name='codeemit' stamp='0.045'>
<phase_done stamp='0.045'/>
</phase>
<phase name='codeinstall' stamp='0.045'>
<phase_done stamp='0.045'/>
</phase>
<code_cache total_blobs='465' nmethods='135' adapters='244' free_code_cache='250381568'/>
<task_done success='1' nmsize='208' count='182' stamp='0.045'/>
</task>
<task compile_id='73' method='java.lang.invoke.MethodType &lt;init&gt; (Ljava/lang/Class;[Ljava/lang/Class;)V' bytes='15' count='259' iicount='259' level='3' stamp='0.045'>
<phase name='setup' stamp='0.045'>
<phase_done stamp='0.045'/>
</phase>
<phase name='buildIR' stamp='0.045'>
<type id='1114' name='void'/>
<klass id='1121' name='java.lang.Class' flags='17'/>
<klass id='1249' name='[Ljava.lang.Class;' flags='1041'/>
<klass id='1183' name='java.lang.invoke.MethodType' flags='17'/>
<method id='1250' holder='1183' name='&lt;init&gt;' return='1114' arguments='1121 1249' flags='2' bytes='15' iicount='259'/>
<parse method='1250'  stamp='0.045'>
<phase name='parse_hir' stamp='0.045'>
<bc code='183' bci='1'/>
<klass id='1119' name='java.lang.Object' flags='1'/>
<method id='1252' holder='1119' name='&lt;init&gt;' return='1114' flags='1' bytes='1' compile_id='13' compiler='c2' level='4' iicount='10031'/>
<call method='1252' instr='invokespecial'/>
<inline_success reason='inline'/>
<parse method='1252'>
<parse_done stamp='0.045'/>
</parse>
<phase_done stamp='0.045'/>
</phase>
<parse_done stamp='0.045'/>
</parse>
<phase name='optimize_blocks' stamp='0.045'>
<phase_done stamp='0.045'/>
</phase>
<phase name='gvn' stamp='0.045'>
<phase_done stamp='0.045'/>
</phase>
<phase name='rangeCheckElimination' stamp='0.045'>
<phase_done stamp='0.045'/>
</phase>
<phase name='optimize_null_checks' stamp='0.045'>
<phase_done stamp='0.045'/>
</phase>
<phase_done stamp='0.045'/>
</phase>
<phase name='emit_lir' stamp='0.045'>
<phase name='lirGeneration' stamp='0.045'>
<phase_done stamp='0.045'/>
</phase>
<phase name='linearScan' stamp='0.045'>
<phase_done stamp='0.045'/>
</phase>
<phase_done stamp='0.045'/>
</phase>
<phase name='codeemit' stamp='0.045'>
<phase_done stamp='0.045'/>
</phase>
<phase name='codeinstall' stamp='0.045'>
<phase_done stamp='0.045'/>
</phase>
<code_cache total_blobs='466' nmethods='136' adapters='244' free_code_cache='250380416'/>
<task_done success='1' nmsize='560' count='259' inlined_bytes='1' stamp='0.045'/>
</task>
<task compile_id='109' method='java.lang.module.ModuleDescriptor provides ()Ljava/util/Set;' bytes='5' count='166' iicount='166' level='1' stamp='0.045'>
<phase name='setup' stamp='0.045'>
<phase_done stamp='0.045'/>
</phase>
<phase name='buildIR' stamp='0.045'>
<klass id='1250' name='java.util.Set' flags='1537'/>
<klass id='1249' name='java.lang.module.ModuleDescriptor' flags='1'/>
<method id='1251' holder='1249' name='provides' return='1250' flags='1' bytes='5' iicount='166'/>
<parse method='1251'  stamp='0.045'>
<phase name='parse_hir' stamp='0.045'>
<phase_done stamp='0.045'/>
</phase>
<parse_done stamp='0.045'/>
</parse>
<phase name='optimize_blocks' stamp='0.045'>
<phase_done stamp='0.045'/>
</phase>
<phase name='gvn' stamp='0.045'>
<phase_done stamp='0.045'/>
</phase>
<phase name='rangeCheckElimination' stamp='0.045'>
<phase_done stamp='0.045'/>
</phase>
<phase name='optimize_null_checks' stamp='0.045'>
<phase_done stamp='0.045'/>
</phase>
<phase_done stamp='0.045'/>
</phase>
<phase name='emit_lir' stamp='0.045'>
<phase name='lirGeneration' stamp='0.045'>
<phase_done stamp='0.045'/>
</phase>
<phase name='linearScan' stamp='0.045'>
<phase_done stamp='0.045'/>
</phase>
<phase_done stamp='0.045'/>
</phase>
<phase name='codeemit' stamp='0.045'>
<phase_done stamp='0.045'/>
</phase>
<phase name='codeinstall' stamp='0.045'>
<phase_done stamp='0.045'/>
</phase>
<code_cache total_blobs='467' nmethods='137' adapters='244' free_code_cache='250379648'/>
<task_done success='1' nmsize='208' count='166' stamp='0.045'/>
</task>
<task compile_id='141' method='java.lang.module.ResolvedModule configuration ()Ljava/lang/module/Configuration;' bytes='5' count='145' iicount='145' level='1' stamp='0.045'>
<phase name='setup' stamp='0.045'>
<phase_done stamp='0.045'/>
</phase>
<phase name='buildIR' stamp='0.045'>
<klass id='1250' name='java.lang.module.Configuration' flags='17'/>
<klass id='1249' name='java.lang.module.ResolvedModule' flags='17'/>
<method id='1251' holder='1249' name='configuration' return='1250' flags='1' bytes='5' iicount='145'/>
<parse method='1251'  stamp='0.045'>
<phase name='parse_hir' stamp='0.045'>
<phase_done stamp='0.045'/>
</phase>
<parse_done stamp='0.045'/>
</parse>
<phase name='optimize_blocks' stamp='0.045'>
<phase_done stamp='0.045'/>
</phase>
<phase name='gvn' stamp='0.045'>
<phase_done stamp='0.045'/>
</phase>
<phase name='rangeCheckElimination' stamp='0.045'>
<phase_done stamp='0.045'/>
</phase>
<phase name='optimize_null_checks' stamp='0.045'>
<phase_done stamp='0.045'/>
</phase>
<phase_done stamp='0.045'/>
</phase>
<phase name='emit_lir' stamp='0.045'>
<phase name='lirGeneration' stamp='0.045'>
<phase_done stamp='0.045'/>
</phase>
<phase name='linearScan' stamp='0.045'>
<phase_done stamp='0.045'/>
</phase>
<phase_done stamp='0.045'/>
</phase>
<phase name='codeemit' stamp='0.045'>
<phase_done stamp='0.045'/>
</phase>
<phase name='codeinstall' stamp='0.045'>
<phase_done stamp='0.046'/>
</phase>
<code_cache total_blobs='468' nmethods='138' adapters='244' free_code_cache='250378880'/>
<task_done success='1' nmsize='208' count='145' stamp='0.046'/>
</task>
<task compile_id='112' method='java.lang.module.ModuleDescriptor uses ()Ljava/util/Set;' bytes='5' count='147' iicount='147' level='1' stamp='0.046'>
<phase name='setup' stamp='0.046'>
<phase_done stamp='0.046'/>
</phase>
<phase name='buildIR' stamp='0.046'>
<klass id='1250' name='java.util.Set' flags='1537'/>
<klass id='1249' name='java.lang.module.ModuleDescriptor' flags='1'/>
<method id='1251' holder='1249' name='uses' return='1250' flags='1' bytes='5' iicount='147'/>
<parse method='1251'  stamp='0.046'>
<phase name='parse_hir' stamp='0.046'>
<phase_done stamp='0.046'/>
</phase>
<parse_done stamp='0.046'/>
</parse>
<phase name='optimize_blocks' stamp='0.046'>
<phase_done stamp='0.046'/>
</phase>
<phase name='gvn' stamp='0.046'>
<phase_done stamp='0.046'/>
</phase>
<phase name='rangeCheckElimination' stamp='0.046'>
<phase_done stamp='0.046'/>
</phase>
<phase name='optimize_null_checks' stamp='0.046'>
<phase_done stamp='0.046'/>
</phase>
<phase_done stamp='0.046'/>
</phase>
<phase name='emit_lir' stamp='0.046'>
<phase name='lirGeneration' stamp='0.046'>
<phase_done stamp='0.046'/>
</phase>
<phase name='linearScan' stamp='0.046'>
<phase_done stamp='0.046'/>
</phase>
<phase_done stamp='0.046'/>
</phase>
<phase name='codeemit' stamp='0.046'>
<phase_done stamp='0.046'/>
</phase>
<phase name='codeinstall' stamp='0.046'>
<phase_done stamp='0.046'/>
</phase>
<code_cache total_blobs='469' nmethods='139' adapters='244' free_code_cache='250378112'/>
<task_done success='1' nmsize='208' count='147' stamp='0.046'/>
</task>
<task compile_id='143' method='java.lang.module.ModuleDescriptor isOpen ()Z' bytes='5' count='132' iicount='132' level='1' stamp='0.046'>
<phase name='setup' stamp='0.046'>
<phase_done stamp='0.046'/>
</phase>
<phase name='buildIR' stamp='0.046'>
<type id='1106' name='boolean'/>
<klass id='1249' name='java.lang.module.ModuleDescriptor' flags='1'/>
<method id='1250' holder='1249' name='isOpen' return='1106' flags='1' bytes='5' iicount='132'/>
<parse method='1250'  stamp='0.046'>
<phase name='parse_hir' stamp='0.046'>
<phase_done stamp='0.046'/>
</phase>
<parse_done stamp='0.046'/>
</parse>
<phase name='optimize_blocks' stamp='0.046'>
<phase_done stamp='0.046'/>
</phase>
<phase name='gvn' stamp='0.046'>
<phase_done stamp='0.046'/>
</phase>
<phase name='rangeCheckElimination' stamp='0.046'>
<phase_done stamp='0.046'/>
</phase>
<phase name='optimize_null_checks' stamp='0.046'>
<phase_done stamp='0.046'/>
</phase>
<phase_done stamp='0.046'/>
</phase>
<phase name='emit_lir' stamp='0.046'>
<phase name='lirGeneration' stamp='0.046'>
<phase_done stamp='0.046'/>
</phase>
<phase name='linearScan' stamp='0.046'>
<phase_done stamp='0.046'/>
</phase>
<phase_done stamp='0.046'/>
</phase>
<phase name='codeemit' stamp='0.046'>
<phase_done stamp='0.046'/>
</phase>
<phase name='codeinstall' stamp='0.046'>
<phase_done stamp='0.046'/>
</phase>
<code_cache total_blobs='470' nmethods='140' adapters='244' free_code_cache='250377344'/>
<task_done success='1' nmsize='208' count='132' stamp='0.046'/>
</task>
<task compile_id='146' method='java.lang.module.ModuleDescriptor$Provides service ()Ljava/lang/String;' bytes='5' count='157' iicount='157' level='1' stamp='0.046'>
<phase name='setup' stamp='0.046'>
<phase_done stamp='0.046'/>
</phase>
<phase name='buildIR' stamp='0.046'>
<klass id='1120' name='java.lang.String' flags='17'/>
<klass id='1249' name='java.lang.module.ModuleDescriptor$Provides' flags='25'/>
<method id='1250' holder='1249' name='service' return='1120' flags='1' bytes='5' iicount='157'/>
<parse method='1250'  stamp='0.046'>
<phase name='parse_hir' stamp='0.046'>
<phase_done stamp='0.046'/>
</phase>
<parse_done stamp='0.046'/>
</parse>
<phase name='optimize_blocks' stamp='0.046'>
<phase_done stamp='0.046'/>
</phase>
<phase name='gvn' stamp='0.046'>
<phase_done stamp='0.046'/>
</phase>
<phase name='rangeCheckElimination' stamp='0.046'>
<phase_done stamp='0.046'/>
</phase>
<phase name='optimize_null_checks' stamp='0.046'>
<phase_done stamp='0.046'/>
</phase>
<phase_done stamp='0.046'/>
</phase>
<phase name='emit_lir' stamp='0.046'>
<phase name='lirGeneration' stamp='0.046'>
<phase_done stamp='0.046'/>
</phase>
<phase name='linearScan' stamp='0.046'>
<phase_done stamp='0.046'/>
</phase>
<phase_done stamp='0.046'/>
</phase>
<phase name='codeemit' stamp='0.046'>
<phase_done stamp='0.046'/>
</phase>
<phase name='codeinstall' stamp='0.046'>
<phase_done stamp='0.046'/>
</phase>
<code_cache total_blobs='471' nmethods='141' adapters='244' free_code_cache='250376576'/>
<task_done success='1' nmsize='208' count='157' stamp='0.046'/>
</task>
<task compile_id='128' method='java.lang.module.ModuleDescriptor$Version toString ()Ljava/lang/String;' bytes='5' count='131' iicount='131' level='1' stamp='0.046'>
<phase name='setup' stamp='0.046'>
<phase_done stamp='0.046'/>
</phase>
<phase name='buildIR' stamp='0.046'>
<klass id='1120' name='java.lang.String' flags='17'/>
<klass id='1249' name='java.lang.module.ModuleDescriptor$Version' flags='25'/>
<method id='1250' holder='1249' name='toString' return='1120' flags='1' bytes='5' iicount='131'/>
<parse method='1250'  stamp='0.046'>
<phase name='parse_hir' stamp='0.046'>
<phase_done stamp='0.046'/>
</phase>
<parse_done stamp='0.046'/>
</parse>
<phase name='optimize_blocks' stamp='0.046'>
<phase_done stamp='0.046'/>
</phase>
<phase name='gvn' stamp='0.046'>
<phase_done stamp='0.046'/>
</phase>
<phase name='rangeCheckElimination' stamp='0.046'>
<phase_done stamp='0.046'/>
</phase>
<phase name='optimize_null_checks' stamp='0.046'>
<phase_done stamp='0.046'/>
</phase>
<phase_done stamp='0.046'/>
</phase>
<phase name='emit_lir' stamp='0.046'>
<phase name='lirGeneration' stamp='0.046'>
<phase_done stamp='0.046'/>
</phase>
<phase name='linearScan' stamp='0.046'>
<phase_done stamp='0.046'/>
</phase>
<phase_done stamp='0.046'/>
</phase>
<phase name='codeemit' stamp='0.046'>
<phase_done stamp='0.046'/>
</phase>
<phase name='codeinstall' stamp='0.046'>
<phase_done stamp='0.046'/>
</phase>
<code_cache total_blobs='472' nmethods='142' adapters='244' free_code_cache='250375808'/>
<task_done success='1' nmsize='208' count='131' stamp='0.046'/>
</task>
<task compile_id='144' method='java.util.HashMap size ()I' bytes='5' count='129' iicount='129' level='1' stamp='0.046'>
<phase name='setup' stamp='0.046'>
<phase_done stamp='0.046'/>
</phase>
<phase name='buildIR' stamp='0.046'>
<type id='1112' name='int'/>
<klass id='1249' name='java.util.HashMap' flags='1'/>
<method id='1250' holder='1249' name='size' return='1112' flags='1' bytes='5' iicount='129'/>
<parse method='1250'  stamp='0.046'>
<phase name='parse_hir' stamp='0.046'>
<phase_done stamp='0.046'/>
</phase>
<parse_done stamp='0.046'/>
</parse>
<phase name='optimize_blocks' stamp='0.046'>
<phase_done stamp='0.046'/>
</phase>
<phase name='gvn' stamp='0.046'>
<phase_done stamp='0.046'/>
</phase>
<phase name='rangeCheckElimination' stamp='0.046'>
<phase_done stamp='0.046'/>
</phase>
<phase name='optimize_null_checks' stamp='0.046'>
<phase_done stamp='0.046'/>
</phase>
<phase_done stamp='0.046'/>
</phase>
<phase name='emit_lir' stamp='0.046'>
<phase name='lirGeneration' stamp='0.046'>
<phase_done stamp='0.046'/>
</phase>
<phase name='linearScan' stamp='0.046'>
<phase_done stamp='0.046'/>
</phase>
<phase_done stamp='0.046'/>
</phase>
<phase name='codeemit' stamp='0.046'>
<phase_done stamp='0.046'/>
</phase>
<phase name='codeinstall' stamp='0.046'>
<phase_done stamp='0.046'/>
</phase>
<code_cache total_blobs='473' nmethods='143' adapters='244' free_code_cache='250375040'/>
<task_done success='1' nmsize='208' count='129' stamp='0.046'/>
</task>
<task compile_id='147' method='java.net.URL getFile ()Ljava/lang/String;' bytes='5' count='185' iicount='185' level='1' stamp='0.047'>
<phase name='setup' stamp='0.047'>
<phase_done stamp='0.047'/>
</phase>
<phase name='buildIR' stamp='0.047'>
<klass id='1120' name='java.lang.String' flags='17'/>
<klass id='1200' name='java.net.URL' flags='17'/>
<method id='1249' holder='1200' name='getFile' return='1120' flags='1' bytes='5' iicount='185'/>
<parse method='1249'  stamp='0.047'>
<phase name='parse_hir' stamp='0.047'>
<phase_done stamp='0.047'/>
</phase>
<parse_done stamp='0.047'/>
</parse>
<phase name='optimize_blocks' stamp='0.047'>
<phase_done stamp='0.047'/>
</phase>
<phase name='gvn' stamp='0.047'>
<phase_done stamp='0.047'/>
</phase>
<phase name='rangeCheckElimination' stamp='0.047'>
<phase_done stamp='0.047'/>
</phase>
<phase name='optimize_null_checks' stamp='0.047'>
<phase_done stamp='0.047'/>
</phase>
<phase_done stamp='0.047'/>
</phase>
<phase name='emit_lir' stamp='0.047'>
<phase name='lirGeneration' stamp='0.047'>
<phase_done stamp='0.047'/>
</phase>
<phase name='linearScan' stamp='0.047'>
<phase_done stamp='0.047'/>
</phase>
<phase_done stamp='0.047'/>
</phase>
<phase name='codeemit' stamp='0.047'>
<phase_done stamp='0.047'/>
</phase>
<phase name='codeinstall' stamp='0.047'>
<phase_done stamp='0.047'/>
</phase>
<code_cache total_blobs='477' nmethods='144' adapters='247' free_code_cache='250371968'/>
<task_done success='1' nmsize='208' count='185' stamp='0.047'/>
</task>
<task compile_id='148' method='java.util.concurrent.ConcurrentHashMap get (Ljava/lang/Object;)Ljava/lang/Object;' bytes='162' count='386' backedge_count='2' iicount='386' level='3' stamp='0.047'>
<phase name='setup' stamp='0.047'>
<phase_done stamp='0.047'/>
</phase>
<phase name='buildIR' stamp='0.048'>
<klass id='1119' name='java.lang.Object' flags='1'/>
<klass id='1208' name='java.util.concurrent.ConcurrentHashMap' flags='1'/>
<method id='1249' holder='1208' name='get' return='1119' arguments='1119' flags='1' bytes='162' iicount='386'/>
<parse method='1249'  stamp='0.048'>
<phase name='parse_hir' stamp='0.048'>
<bc code='182' bci='1'/>
<type id='1112' name='int'/>
<method id='1251' holder='1119' name='hashCode' return='1112' flags='257' bytes='0' compile_id='36' compile_kind='c2n' compiler='' level='0' iicount='128'/>
<call method='1251' instr='invokevirtual'/>
<inline_fail reason='no static binding'/>
<bc code='184' bci='4'/>
<method id='1252' holder='1208' name='spread' return='1112' arguments='1112' flags='24' bytes='10' compile_id='33' compiler='c1' level='3' iicount='1385'/>
<call method='1252' instr='invokestatic'/>
<inline_success reason='inline'/>
<parse method='1252'>
<parse_done stamp='0.048'/>
</parse>
<bc code='184' bci='34'/>
<klass id='1254' name='java.util.concurrent.ConcurrentHashMap$Node' flags='8'/>
<klass id='1255' name='[Ljava.util.concurrent.ConcurrentHashMap$Node;' flags='1040'/>
<method id='1256' holder='1208' name='tabAt' return='1254' arguments='1255 1112' flags='24' bytes='22' compile_id='31' compiler='c1' level='3' iicount='1512'/>
<call method='1256' instr='invokestatic'/>
<inline_fail reason='callee uses too much stack'/>
<bc code='182' bci='73'/>
<type id='1106' name='boolean'/>
<method id='1258' holder='1119' name='equals' return='1106' arguments='1119' flags='1' bytes='11' compile_id='99' compiler='c1' level='3' iicount='2364'/>
<call method='1258' instr='invokevirtual'/>
<inline_fail reason='no static binding'/>
<bc code='182' bci='93'/>
<method id='1259' holder='1254' name='find' return='1254' arguments='1112 1119' flags='0' bytes='52' iicount='1'/>
<call method='1259' instr='invokevirtual'/>
<inline_fail reason='no static binding'/>
<bc code='182' bci='149'/>
<call method='1258' instr='invokevirtual'/>
<inline_fail reason='no static binding'/>
<phase_done stamp='0.048'/>
</phase>
<parse_done stamp='0.048'/>
</parse>
<phase name='optimize_blocks' stamp='0.048'>
<phase_done stamp='0.048'/>
</phase>
<phase name='gvn' stamp='0.048'>
<phase_done stamp='0.048'/>
</phase>
<phase name='rangeCheckElimination' stamp='0.048'>
<phase_done stamp='0.048'/>
</phase>
<phase name='optimize_null_checks' stamp='0.048'>
<phase_done stamp='0.048'/>
</phase>
<phase_done stamp='0.048'/>
</phase>
<phase name='emit_lir' stamp='0.048'>
<phase name='lirGeneration' stamp='0.048'>
<phase_done stamp='0.048'/>
</phase>
<phase name='linearScan' stamp='0.048'>
<phase_done stamp='0.048'/>
</phase>
<phase_done stamp='0.048'/>
</phase>
<phase name='codeemit' stamp='0.048'>
<phase_done stamp='0.048'/>
</phase>
<phase name='codeinstall' stamp='0.048'>
<phase_done stamp='0.048'/>
</phase>
<code_cache total_blobs='478' nmethods='145' adapters='247' free_code_cache='250367872'/>
<task_done success='1' nmsize='2720' count='389' backedge_count='2' inlined_bytes='10' stamp='0.048'/>
</task>
<task compile_id='150' method='java.lang.String startsWith (Ljava/lang/String;I)Z' bytes='138' count='273' backedge_count='1000' iicount='273' level='3' stamp='0.048'>
<phase name='setup' stamp='0.048'>
<phase_done stamp='0.048'/>
</phase>
<phase name='buildIR' stamp='0.048'>
<type id='1106' name='boolean'/>
<klass id='1120' name='java.lang.String' flags='17'/>
<type id='1112' name='int'/>
<method id='1249' holder='1120' name='startsWith' return='1106' arguments='1120 1112' flags='1' bytes='138' iicount='273'/>
<parse method='1249'  stamp='0.048'>
<phase name='parse_hir' stamp='0.048'>
<bc code='182' bci='6'/>
<method id='1251' holder='1120' name='length' return='1112' flags='1' bytes='11' compile_id='6' compiler='c1' level='3' iicount='2759'/>
<call method='1251' instr='invokevirtual'/>
<inline_success reason='inline'/>
<parse method='1251'>
<bc code='182' bci='6'/>
<type id='1110' name='byte'/>
<method id='1253' holder='1120' name='coder' return='1110' flags='0' bytes='15' compile_id='5' compiler='c1' level='3' iicount='4601'/>
<call method='1253' instr='invokevirtual'/>
<inline_success reason='inline'/>
<parse method='1253'>
<parse_done stamp='0.048'/>
</parse>
<parse_done stamp='0.048'/>
</parse>
<bc code='182' bci='10'/>
<call method='1251' instr='invokevirtual'/>
<inline_success reason='inline'/>
<parse method='1251'>
<bc code='182' bci='6'/>
<call method='1253' instr='invokevirtual'/>
<inline_success reason='inline'/>
<parse method='1253'>
<parse_done stamp='0.048'/>
</parse>
<parse_done stamp='0.048'/>
</parse>
<bc code='182' bci='39'/>
<call method='1253' instr='invokevirtual'/>
<inline_success reason='inline'/>
<parse method='1253'>
<parse_done stamp='0.048'/>
</parse>
<bc code='182' bci='47'/>
<call method='1253' instr='invokevirtual'/>
<inline_success reason='inline'/>
<parse method='1253'>
<parse_done stamp='0.048'/>
</parse>
<bc code='184' bci='116'/>
<type id='1107' name='char'/>
<klass id='1241' name='[B' flags='1041'/>
<klass id='1256' name='java.lang.StringUTF16' unloaded='1'/>
<method id='1257' holder='1256' name='getChar' return='1107' arguments='1241 1112' unloaded='1'/>
<call method='1257' instr='invokestatic'/>
<inline_fail reason='not inlineable'/>
<phase_done stamp='0.048'/>
</phase>
<parse_done stamp='0.048'/>
</parse>
<phase name='optimize_blocks' stamp='0.048'>
<phase_done stamp='0.048'/>
</phase>
<phase name='gvn' stamp='0.048'>
<phase_done stamp='0.048'/>
</phase>
<phase name='rangeCheckElimination' stamp='0.048'>
<phase_done stamp='0.048'/>
</phase>
<phase name='optimize_null_checks' stamp='0.048'>
<phase_done stamp='0.048'/>
</phase>
<phase_done stamp='0.048'/>
</phase>
<phase name='emit_lir' stamp='0.048'>
<phase name='lirGeneration' stamp='0.048'>
<phase_done stamp='0.048'/>
</phase>
<phase name='linearScan' stamp='0.048'>
<phase_done stamp='0.049'/>
</phase>
<phase_done stamp='0.049'/>
</phase>
<phase name='codeemit' stamp='0.049'>
<phase_done stamp='0.049'/>
</phase>
<phase name='codeinstall' stamp='0.049'>
<phase_done stamp='0.049'/>
</phase>
<code_cache total_blobs='490' nmethods='146' adapters='258' free_code_cache='250355840'/>
<task_done success='1' nmsize='2240' count='276' backedge_count='1001' inlined_bytes='82' stamp='0.049'/>
</task>
<task compile_id='149' method='java.lang.AbstractStringBuilder ensureCapacityInternal (I)V' bytes='39' count='405' iicount='405' level='3' stamp='0.049'>
<phase name='setup' stamp='0.049'>
<phase_done stamp='0.049'/>
</phase>
<phase name='buildIR' stamp='0.049'>
<type id='1114' name='void'/>
<type id='1112' name='int'/>
<klass id='1192' name='java.lang.AbstractStringBuilder' flags='1024'/>
<method id='1249' holder='1192' name='ensureCapacityInternal' return='1114' arguments='1112' flags='2' bytes='39' iicount='405'/>
<parse method='1249'  stamp='0.049'>
<phase name='parse_hir' stamp='0.049'>
<bc code='182' bci='24'/>
<method id='1251' holder='1192' name='newCapacity' return='1112' arguments='1112' flags='2' bytes='59' iicount='114'/>
<call method='1251' instr='invokevirtual'/>
<inline_fail reason='callee is too large'/>
<bc code='184' bci='32'/>
<klass id='1241' name='[B' flags='1041'/>
<klass id='1253' name='java.util.Arrays' flags='1'/>
<method id='1254' holder='1253' name='copyOf' return='1241' arguments='1241 1112' flags='9' bytes='19' iicount='117'/>
<call method='1254' instr='invokestatic'/>
<inline_fail reason='callee uses too much stack'/>
<phase_done stamp='0.049'/>
</phase>
<parse_done stamp='0.049'/>
</parse>
<phase name='optimize_blocks' stamp='0.049'>
<phase_done stamp='0.049'/>
</phase>
<phase name='gvn' stamp='0.049'>
<phase_done stamp='0.049'/>
</phase>
<phase name='rangeCheckElimination' stamp='0.049'>
<phase_done stamp='0.049'/>
</phase>
<phase name='optimize_null_checks' stamp='0.049'>
<phase_done stamp='0.049'/>
</phase>
<phase_done stamp='0.049'/>
</phase>
<phase name='emit_lir' stamp='0.049'>
<phase name='lirGeneration' stamp='0.049'>
<phase_done stamp='0.049'/>
</phase>
<phase name='linearScan' stamp='0.049'>
<phase_done stamp='0.049'/>
</phase>
<phase_done stamp='0.049'/>
</phase>
<phase name='codeemit' stamp='0.049'>
<phase_done stamp='0.049'/>
</phase>
<phase name='codeinstall' stamp='0.049'>
<phase_done stamp='0.049'/>
</phase>
<code_cache total_blobs='491' nmethods='147' adapters='258' free_code_cache='250354560'/>
<task_done success='1' nmsize='560' count='405' stamp='0.049'/>
</task>
<task compile_id='153' method='java.util.zip.ZipCoder$UTF8ZipCoder checkedHash ([BII)I' bytes='91' count='171' backedge_count='6186' iicount='171' level='3' stamp='0.050'>
<phase name='setup' stamp='0.050'>
<phase_done stamp='0.050'/>
</phase>
<phase name='buildIR' stamp='0.050'>
<type id='1112' name='int'/>
<klass id='1241' name='[B' flags='1041'/>
<klass id='1249' name='java.util.zip.ZipCoder$UTF8ZipCoder' flags='24'/>
<method id='1250' holder='1249' name='checkedHash' return='1112' arguments='1241 1112 1112' flags='0' bytes='91' iicount='192'/>
<parse method='1250'  stamp='0.050'>
<phase name='parse_hir' stamp='0.050'>
<bc code='185' bci='55'/>
<klass id='1120' name='java.lang.String' flags='17'/>
<klass id='1252' name='jdk.internal.access.JavaLangAccess' flags='1537'/>
<method id='1257' holder='1252' name='newStringUTF8NoRepl' return='1120' arguments='1241 1112 1112' flags='1025' bytes='0' iicount='1'/>
<call method='1257' instr='invokeinterface'/>
<inline_success reason='inline'/>
<klass id='1255' name='java.lang.System$2' flags='0'/>
<dependency type='leaf_type' ctxk='1255'/>
<method id='1258' holder='1255' name='newStringUTF8NoRepl' return='1120' arguments='1241 1112 1112' flags='1' bytes='7' iicount='1'/>
<parse method='1258'>
<bc code='184' bci='3'/>
<method id='1260' holder='1120' name='newStringUTF8NoRepl' return='1120' arguments='1241 1112 1112' flags='8' bytes='272' iicount='1'/>
<call method='1260' instr='invokestatic'/>
<inline_fail reason='callee is too large'/>
<parse_done stamp='0.050'/>
</parse>
<bc code='184' bci='60'/>
<klass id='1253' name='java.util.zip.ZipCoder' flags='0'/>
<method id='1262' holder='1253' name='hash' return='1112' arguments='1120' flags='8' bytes='36' iicount='1'/>
<call method='1262' instr='invokestatic'/>
<inline_fail reason='callee is too large'/>
<phase_done stamp='0.050'/>
</phase>
<parse_done stamp='0.050'/>
</parse>
<phase name='optimize_blocks' stamp='0.050'>
<phase_done stamp='0.050'/>
</phase>
<phase name='gvn' stamp='0.050'>
<phase_done stamp='0.050'/>
</phase>
<phase name='rangeCheckElimination' stamp='0.050'>
<phase_done stamp='0.050'/>
</phase>
<phase name='optimize_null_checks' stamp='0.050'>
<phase_done stamp='0.050'/>
</phase>
<phase_done stamp='0.050'/>
</phase>
<phase name='emit_lir' stamp='0.050'>
<phase name='lirGeneration' stamp='0.050'>
<phase_done stamp='0.050'/>
</phase>
<phase name='linearScan' stamp='0.050'>
<phase_done stamp='0.050'/>
</phase>
<phase_done stamp='0.050'/>
</phase>
<phase name='codeemit' stamp='0.050'>
<phase_done stamp='0.050'/>
</phase>
<phase name='codeinstall' stamp='0.050'>
<dependency type='leaf_type' ctxk='1255'/>
<phase_done stamp='0.050'/>
</phase>
<code_cache total_blobs='494' nmethods='148' adapters='260' free_code_cache='250350976'/>
<task_done success='1' nmsize='1008' count='322' backedge_count='13472' inlined_bytes='7' stamp='0.050'/>
</task>
<task compile_id='154' method='java.util.zip.ZipUtils CENEXT ([BI)I' bytes='9' count='645' iicount='645' level='3' stamp='0.050'>
<phase name='setup' stamp='0.050'>
<phase_done stamp='0.050'/>
</phase>
<phase name='buildIR' stamp='0.050'>
<type id='1112' name='int'/>
<klass id='1241' name='[B' flags='1041'/>
<klass id='1249' name='java.util.zip.ZipUtils' flags='0'/>
<method id='1250' holder='1249' name='CENEXT' return='1112' arguments='1241 1112' flags='24' bytes='9' iicount='645'/>
<parse method='1250'  stamp='0.050'>
<phase name='parse_hir' stamp='0.050'>
<bc code='184' bci='5'/>
<method id='1252' holder='1249' name='SH' return='1112' arguments='1241 1112' flags='24' bytes='21' iicount='2590'/>
<call method='1252' instr='invokestatic'/>
<inline_success reason='inline'/>
<parse method='1252'>
<parse_done stamp='0.051'/>
</parse>
<phase_done stamp='0.051'/>
</phase>
<parse_done stamp='0.051'/>
</parse>
<phase name='optimize_blocks' stamp='0.051'>
<phase_done stamp='0.051'/>
</phase>
<phase name='gvn' stamp='0.051'>
<phase_done stamp='0.051'/>
</phase>
<phase name='rangeCheckElimination' stamp='0.051'>
<phase_done stamp='0.051'/>
</phase>
<phase name='optimize_null_checks' stamp='0.051'>
<phase_done stamp='0.051'/>
</phase>
<phase_done stamp='0.051'/>
</phase>
<phase name='emit_lir' stamp='0.051'>
<phase name='lirGeneration' stamp='0.051'>
<phase_done stamp='0.051'/>
</phase>
<phase name='linearScan' stamp='0.051'>
<phase_done stamp='0.051'/>
</phase>
<phase_done stamp='0.051'/>
</phase>
<phase name='codeemit' stamp='0.051'>
<phase_done stamp='0.051'/>
</phase>
<phase name='codeinstall' stamp='0.051'>
<phase_done stamp='0.051'/>
</phase>
<code_cache total_blobs='495' nmethods='149' adapters='260' free_code_cache='250349824'/>
<task_done success='1' nmsize='432' count='645' inlined_bytes='21' stamp='0.051'/>
</task>
<task compile_id='152' method='java.util.zip.ZipCoder$UTF8ZipCoder isUTF8 ()Z' bytes='2' count='324' iicount='324' level='1' stamp='0.051'>
<phase name='setup' stamp='0.051'>
<phase_done stamp='0.051'/>
</phase>
<phase name='buildIR' stamp='0.051'>
<type id='1106' name='boolean'/>
<klass id='1249' name='java.util.zip.ZipCoder$UTF8ZipCoder' flags='24'/>
<method id='1250' holder='1249' name='isUTF8' return='1106' flags='0' bytes='2' iicount='324'/>
<parse method='1250'  stamp='0.051'>
<phase name='parse_hir' stamp='0.051'>
<phase_done stamp='0.051'/>
</phase>
<parse_done stamp='0.051'/>
</parse>
<phase name='optimize_blocks' stamp='0.051'>
<phase_done stamp='0.051'/>
</phase>
<phase name='gvn' stamp='0.051'>
<phase_done stamp='0.051'/>
</phase>
<phase name='rangeCheckElimination' stamp='0.051'>
<phase_done stamp='0.051'/>
</phase>
<phase name='optimize_null_checks' stamp='0.051'>
<phase_done stamp='0.051'/>
</phase>
<phase_done stamp='0.051'/>
</phase>
<phase name='emit_lir' stamp='0.051'>
<phase name='lirGeneration' stamp='0.051'>
<phase_done stamp='0.051'/>
</phase>
<phase name='linearScan' stamp='0.051'>
<phase_done stamp='0.051'/>
</phase>
<phase_done stamp='0.051'/>
</phase>
<phase name='codeemit' stamp='0.051'>
<phase_done stamp='0.051'/>
</phase>
<phase name='codeinstall' stamp='0.051'>
<phase_done stamp='0.051'/>
</phase>
<code_cache total_blobs='496' nmethods='150' adapters='260' free_code_cache='250349056'/>
<task_done success='1' nmsize='208' count='327' stamp='0.051'/>
</task>
<task compile_id='151' method='java.util.zip.ZipUtils SH ([BI)I' bytes='21' count='2702' iicount='2704' level='3' stamp='0.051'>
<phase name='setup' stamp='0.051'>
<phase_done stamp='0.051'/>
</phase>
<phase name='buildIR' stamp='0.051'>
<type id='1112' name='int'/>
<klass id='1241' name='[B' flags='1041'/>
<klass id='1249' name='java.util.zip.ZipUtils' flags='0'/>
<method id='1250' holder='1249' name='SH' return='1112' arguments='1241 1112' flags='24' bytes='21' iicount='2766'/>
<parse method='1250'  stamp='0.051'>
<phase name='parse_hir' stamp='0.051'>
<phase_done stamp='0.051'/>
</phase>
<parse_done stamp='0.051'/>
</parse>
<phase name='optimize_blocks' stamp='0.051'>
<phase_done stamp='0.051'/>
</phase>
<phase name='gvn' stamp='0.051'>
<phase_done stamp='0.051'/>
</phase>
<phase name='rangeCheckElimination' stamp='0.051'>
<phase_done stamp='0.051'/>
</phase>
<phase name='optimize_null_checks' stamp='0.051'>
<phase_done stamp='0.051'/>
</phase>
<phase_done stamp='0.051'/>
</phase>
<phase name='emit_lir' stamp='0.051'>
<phase name='lirGeneration' stamp='0.051'>
<phase_done stamp='0.051'/>
</phase>
<phase name='linearScan' stamp='0.051'>
<phase_done stamp='0.051'/>
</phase>
<phase_done stamp='0.051'/>
</phase>
<phase name='codeemit' stamp='0.051'>
<phase_done stamp='0.051'/>
</phase>
<phase name='codeinstall' stamp='0.051'>
<phase_done stamp='0.051'/>
</phase>
<code_cache total_blobs='498' nmethods='151' adapters='261' free_code_cache='250347264'/>
<task_done success='1' nmsize='304' count='2766' stamp='0.051'/>
</task>
<task compile_id='155' method='java.util.zip.ZipUtils LG ([BI)J' bytes='22' count='386' iicount='386' level='3' stamp='0.051'>
<phase name='setup' stamp='0.051'>
<phase_done stamp='0.051'/>
</phase>
<phase name='buildIR' stamp='0.051'>
<type id='1113' name='long'/>
<klass id='1241' name='[B' flags='1041'/>
<type id='1112' name='int'/>
<klass id='1249' name='java.util.zip.ZipUtils' flags='0'/>
<method id='1250' holder='1249' name='LG' return='1113' arguments='1241 1112' flags='24' bytes='22' iicount='451'/>
<parse method='1250'  stamp='0.051'>
<phase name='parse_hir' stamp='0.051'>
<bc code='184' bci='2'/>
<method id='1252' holder='1249' name='SH' return='1112' arguments='1241 1112' flags='24' bytes='21' compile_id='151' compiler='c1' level='3' iicount='3744'/>
<call method='1252' instr='invokestatic'/>
<inline_success reason='inline'/>
<parse method='1252'>
<parse_done stamp='0.051'/>
</parse>
<bc code='184' bci='9'/>
<call method='1252' instr='invokestatic'/>
<inline_success reason='inline'/>
<parse method='1252'>
<parse_done stamp='0.051'/>
</parse>
<phase_done stamp='0.051'/>
</phase>
<parse_done stamp='0.051'/>
</parse>
<phase name='optimize_blocks' stamp='0.051'>
<phase_done stamp='0.051'/>
</phase>
<phase name='gvn' stamp='0.051'>
<phase_done stamp='0.051'/>
</phase>
<phase name='rangeCheckElimination' stamp='0.051'>
<phase_done stamp='0.051'/>
</phase>
<phase name='optimize_null_checks' stamp='0.051'>
<phase_done stamp='0.051'/>
</phase>
<phase_done stamp='0.051'/>
</phase>
<phase name='emit_lir' stamp='0.051'>
<phase name='lirGeneration' stamp='0.051'>
<phase_done stamp='0.051'/>
</phase>
<phase name='linearScan' stamp='0.051'>
<phase_done stamp='0.051'/>
</phase>
<phase_done stamp='0.051'/>
</phase>
<phase name='codeemit' stamp='0.051'>
<phase_done stamp='0.051'/>
</phase>
<phase name='codeinstall' stamp='0.051'>
<phase_done stamp='0.051'/>
</phase>
<code_cache total_blobs='499' nmethods='152' adapters='261' free_code_cache='250345856'/>
<task_done success='1' nmsize='624' count='535' inlined_bytes='42' stamp='0.051'/>
</task>
<task compile_id='156' method='java.util.zip.ZipFile$Source checkAndAddEntry (II)I' bytes='262' count='539' iicount='539' level='3' stamp='0.051'>
<phase name='setup' stamp='0.051'>
<phase_done stamp='0.051'/>
</phase>
<phase name='buildIR' stamp='0.051'>
<type id='1112' name='int'/>
<klass id='1249' name='java.util.zip.ZipFile$Source' flags='10'/>
<method id='1250' holder='1249' name='checkAndAddEntry' return='1112' arguments='1112 1112' flags='2' bytes='262' iicount='612'/>
<parse method='1250'  stamp='0.051'>
<phase name='parse_hir' stamp='0.051'>
<bc code='184' bci='7'/>
<type id='1113' name='long'/>
<klass id='1241' name='[B' flags='1041'/>
<klass id='1253' name='java.util.zip.ZipUtils' flags='0'/>
<method id='1254' holder='1253' name='CENSIG' return='1113' arguments='1241 1112' flags='24' bytes='8' iicount='640'/>
<call method='1254' instr='invokestatic'/>
<inline_success reason='inline'/>
<parse method='1254'>
<bc code='184' bci='4'/>
<method id='1256' holder='1253' name='LG' return='1113' arguments='1241 1112' flags='24' bytes='22' compile_id='155' compiler='c1' level='3' iicount='648'/>
<call method='1256' instr='invokestatic'/>
<inline_success reason='inline'/>
<parse method='1256'>
<bc code='184' bci='2'/>
<method id='1258' holder='1253' name='SH' return='1112' arguments='1241 1112' flags='24' bytes='21' compile_id='151' compiler='c1' level='3' iicount='5198'/>
<call method='1258' instr='invokestatic'/>
<inline_success reason='inline'/>
<parse method='1258'>
<parse_done stamp='0.052'/>
</parse>
<bc code='184' bci='9'/>
<call method='1258' instr='invokestatic'/>
<inline_success reason='inline'/>
<parse method='1258'>
<parse_done stamp='0.052'/>
</parse>
<parse_done stamp='0.052'/>
</parse>
<parse_done stamp='0.052'/>
</parse>
<bc code='184' bci='19'/>
<type id='1114' name='void'/>
<klass id='1120' name='java.lang.String' flags='17'/>
<method id='1261' holder='1249' name='zerror' return='1114' arguments='1120' flags='10' bytes='9' iicount='1'/>
<call method='1261' instr='invokestatic'/>
<inline_success reason='inline'/>
<parse method='1261'>
<bc code='183' bci='5'/>
<klass id='1263' name='java.util.zip.ZipException' unloaded='1'/>
<method id='1264' holder='1263' name='&lt;init&gt;' return='1114' arguments='1120' unloaded='1'/>
<call method='1264' instr='invokespecial'/>
<inline_fail reason='not inlineable'/>
<parse_done stamp='0.052'/>
</parse>
<bc code='184' bci='24'/>
<method id='1265' holder='1253' name='CENHOW' return='1112' arguments='1241 1112' flags='24' bytes='9' iicount='710'/>
<call method='1265' instr='invokestatic'/>
<inline_success reason='inline'/>
<parse method='1265'>
<bc code='184' bci='5'/>
<call method='1258' instr='invokestatic'/>
<inline_success reason='inline'/>
<parse method='1258'>
<parse_done stamp='0.052'/>
</parse>
<parse_done stamp='0.052'/>
</parse>
<bc code='184' bci='31'/>
<method id='1267' holder='1253' name='CENFLG' return='1112' arguments='1241 1112' flags='24' bytes='9' iicount='729'/>
<call method='1267' instr='invokestatic'/>
<inline_success reason='inline'/>
<parse method='1267'>
<bc code='184' bci='5'/>
<call method='1258' instr='invokestatic'/>
<inline_success reason='inline'/>
<parse method='1258'>
<parse_done stamp='0.052'/>
</parse>
<parse_done stamp='0.052'/>
</parse>
<bc code='184' bci='45'/>
<call method='1261' instr='invokestatic'/>
<inline_success reason='inline'/>
<parse method='1261'>
<bc code='183' bci='5'/>
<call method='1264' instr='invokespecial'/>
<inline_fail reason='not inlineable'/>
<parse_done stamp='0.052'/>
</parse>
<bc code='183' bci='64'/>
<klass id='1194' name='java.lang.StringBuilder' flags='17'/>
<method id='1270' holder='1194' name='&lt;init&gt;' return='1114' flags='1' bytes='7' iicount='122'/>
<call method='1270' instr='invokespecial'/>
<inline_success reason='inline'/>
<parse method='1270'>
<bc code='183' bci='3'/>
<klass id='1192' name='java.lang.AbstractStringBuilder' flags='1024'/>
<method id='1272' holder='1192' name='&lt;init&gt;' return='1114' arguments='1112' flags='0' bytes='39' iicount='136'/>
<call method='1272' instr='invokespecial'/>
<inline_fail reason='callee is too large'/>
<parse_done stamp='0.052'/>
</parse>
<bc code='182' bci='69'/>
<method id='1275' holder='1194' name='append' return='1194' arguments='1120' flags='1' bytes='8' iicount='249'/>
<call method='1275' instr='invokevirtual'/>
<inline_success reason='inline'/>
<parse method='1275'>
<bc code='183' bci='2'/>
<method id='1277' holder='1192' name='append' return='1192' arguments='1120' flags='1' bytes='45' iicount='249'/>
<call method='1277' instr='invokespecial'/>
<inline_fail reason='callee is too large'/>
<parse_done stamp='0.052'/>
</parse>
<bc code='182' bci='74'/>
<method id='1279' holder='1194' name='append' return='1194' arguments='1112' flags='1' bytes='8' iicount='23'/>
<call method='1279' instr='invokevirtual'/>
<inline_success reason='inline'/>
<parse method='1279'>
<bc code='183' bci='2'/>
<method id='1281' holder='1192' name='append' return='1192' arguments='1112' flags='1' bytes='55' iicount='23'/>
<call method='1281' instr='invokespecial'/>
<inline_fail reason='callee is too large'/>
<parse_done stamp='0.052'/>
</parse>
<bc code='182' bci='79'/>
<call method='1275' instr='invokevirtual'/>
<inline_success reason='inline'/>
<parse method='1275'>
<bc code='183' bci='2'/>
<call method='1277' instr='invokespecial'/>
<inline_fail reason='callee is too large'/>
<parse_done stamp='0.052'/>
</parse>
<bc code='182' bci='82'/>
<method id='1284' holder='1194' name='toString' return='1120' flags='1' bytes='35' iicount='136'/>
<call method='1284' instr='invokevirtual'/>
<inline_success reason='inline'/>
<parse method='1284'>
<bc code='182' bci='1'/>
<type id='1106' name='boolean'/>
<method id='1286' holder='1192' name='isLatin1' return='1106' flags='16' bytes='19' iicount='292'/>
<call method='1286' instr='invokevirtual'/>
<inline_success reason='inline'/>
<parse method='1286'>
<parse_done stamp='0.052'/>
</parse>
<bc code='184' bci='16'/>
<klass id='1289' name='java.lang.StringLatin1' flags='16'/>
<method id='1290' holder='1289' name='newString' return='1120' arguments='1241 1112 1112' flags='9' bytes='24' iicount='367'/>
<call method='1290' instr='invokestatic'/>
<inline_fail reason='callee uses too much stack'/>
<bc code='184' bci='31'/>
<klass id='1292' name='java.lang.StringUTF16' unloaded='1'/>
<method id='1293' holder='1292' name='newString' return='1120' arguments='1241 1112 1112' unloaded='1'/>
<call method='1293' instr='invokestatic'/>
<inline_fail reason='not inlineable'/>
<parse_done stamp='0.052'/>
</parse>
<bc code='184' bci='85'/>
<call method='1261' instr='invokestatic'/>
<inline_success reason='inline'/>
<parse method='1261'>
<bc code='183' bci='5'/>
<call method='1264' instr='invokespecial'/>
<inline_fail reason='not inlineable'/>
<parse_done stamp='0.052'/>
</parse>
<bc code='184' bci='96'/>
<method id='1294' holder='1253' name='CENNAM' return='1112' arguments='1241 1112' flags='24' bytes='9' iicount='917'/>
<call method='1294' instr='invokestatic'/>
<inline_success reason='inline'/>
<parse method='1294'>
<bc code='184' bci='5'/>
<call method='1258' instr='invokestatic'/>
<inline_success reason='inline'/>
<parse method='1258'>
<parse_done stamp='0.052'/>
</parse>
<parse_done stamp='0.052'/>
</parse>
<bc code='184' bci='116'/>
<call method='1261' instr='invokestatic'/>
<inline_success reason='inline'/>
<parse method='1261'>
<bc code='183' bci='5'/>
<call method='1264' instr='invokespecial'/>
<inline_fail reason='not inlineable'/>
<parse_done stamp='0.052'/>
</parse>
<bc code='184' bci='121'/>
<method id='1297' holder='1253' name='CENEXT' return='1112' arguments='1241 1112' flags='24' bytes='9' compile_id='154' compiler='c1' level='3' iicount='1881'/>
<call method='1297' instr='invokestatic'/>
<inline_success reason='inline'/>
<parse method='1297'>
<bc code='184' bci='5'/>
<call method='1258' instr='invokestatic'/>
<inline_success reason='inline'/>
<parse method='1258'>
<parse_done stamp='0.052'/>
</parse>
<parse_done stamp='0.052'/>
</parse>
<bc code='184' bci='159'/>
<call method='1261' instr='invokestatic'/>
<inline_success reason='inline'/>
<parse method='1261'>
<bc code='183' bci='5'/>
<call method='1264' instr='invokespecial'/>
<inline_fail reason='not inlineable'/>
<parse_done stamp='0.052'/>
</parse>
<bc code='182' bci='169'/>
<method id='1302' holder='1249' name='checkExtraFields' return='1114' arguments='1112 1112 1112' flags='2' bytes='161' iicount='1'/>
<call method='1302' instr='invokevirtual'/>
<dependency type='leaf_type' ctxk='1249'/>
<inline_fail reason='callee is too large'/>
<bc code='182' bci='174'/>
<klass id='1304' name='java.util.zip.ZipCoder' flags='0'/>
<method id='1305' holder='1249' name='zipCoderForPos' return='1304' arguments='1112' flags='2' bytes='39' iicount='941'/>
<call method='1305' instr='invokevirtual'/>
<dependency type='leaf_type' ctxk='1249'/>
<inline_fail reason='callee is too large'/>
<bc code='182' bci='186'/>
<method id='1307' holder='1304' name='checkedHash' return='1112' arguments='1241 1112 1112' flags='0' bytes='97' iicount='1'/>
<call method='1307' instr='invokevirtual'/>
<inline_fail reason='no static binding'/>
<bc code='184' bci='256'/>
<call method='1261' instr='invokestatic'/>
<inline_success reason='inline'/>
<parse method='1261'>
<bc code='183' bci='5'/>
<call method='1264' instr='invokespecial'/>
<inline_fail reason='not inlineable'/>
<parse_done stamp='0.052'/>
</parse>
<phase_done stamp='0.052'/>
</phase>
<parse_done stamp='0.052'/>
</parse>
<phase name='optimize_blocks' stamp='0.052'>
<phase_done stamp='0.052'/>
</phase>
<phase name='gvn' stamp='0.052'>
<phase_done stamp='0.052'/>
</phase>
<phase name='rangeCheckElimination' stamp='0.052'>
<phase_done stamp='0.052'/>
</phase>
<phase name='optimize_null_checks' stamp='0.052'>
<phase_done stamp='0.052'/>
</phase>
<phase_done stamp='0.052'/>
</phase>
<phase name='emit_lir' stamp='0.052'>
<phase name='lirGeneration' stamp='0.052'>
<phase_done stamp='0.052'/>
</phase>
<phase name='linearScan' stamp='0.052'>
<phase_done stamp='0.053'/>
</phase>
<phase_done stamp='0.053'/>
</phase>
<phase name='codeemit' stamp='0.053'>
<phase_done stamp='0.053'/>
</phase>
<phase name='codeinstall' stamp='0.053'>
<dependency type='leaf_type' ctxk='1249'/>
<phase_done stamp='0.053'/>
</phase>
<code_cache total_blobs='513' nmethods='153' adapters='272' free_code_cache='250310912'/>
<task_done success='1' nmsize='5760' count='941' inlined_bytes='331' stamp='0.053'/>
</task>
<task compile_id='160' method='java.util.zip.ZipUtils CENNAM ([BI)I' bytes='9' count='944' iicount='944' level='3' stamp='0.053'>
<phase name='setup' stamp='0.053'>
<phase_done stamp='0.053'/>
</phase>
<phase name='buildIR' stamp='0.053'>
<type id='1112' name='int'/>
<klass id='1241' name='[B' flags='1041'/>
<klass id='1249' name='java.util.zip.ZipUtils' flags='0'/>
<method id='1250' holder='1249' name='CENNAM' return='1112' arguments='1241 1112' flags='24' bytes='9' iicount='944'/>
<parse method='1250'  stamp='0.053'>
<phase name='parse_hir' stamp='0.053'>
<bc code='184' bci='5'/>
<method id='1252' holder='1249' name='SH' return='1112' arguments='1241 1112' flags='24' bytes='21' compile_id='151' compiler='c1' level='3' iicount='7563'/>
<call method='1252' instr='invokestatic'/>
<inline_success reason='inline'/>
<parse method='1252'>
<parse_done stamp='0.053'/>
</parse>
<phase_done stamp='0.053'/>
</phase>
<parse_done stamp='0.053'/>
</parse>
<phase name='optimize_blocks' stamp='0.053'>
<phase_done stamp='0.053'/>
</phase>
<phase name='gvn' stamp='0.053'>
<phase_done stamp='0.053'/>
</phase>
<phase name='rangeCheckElimination' stamp='0.053'>
<phase_done stamp='0.053'/>
</phase>
<phase name='optimize_null_checks' stamp='0.053'>
<phase_done stamp='0.053'/>
</phase>
<phase_done stamp='0.053'/>
</phase>
<phase name='emit_lir' stamp='0.053'>
<phase name='lirGeneration' stamp='0.053'>
<phase_done stamp='0.053'/>
</phase>
<phase name='linearScan' stamp='0.053'>
<phase_done stamp='0.053'/>
</phase>
<phase_done stamp='0.053'/>
</phase>
<phase name='codeemit' stamp='0.053'>
<phase_done stamp='0.053'/>
</phase>
<phase name='codeinstall' stamp='0.053'>
<phase_done stamp='0.053'/>
</phase>
<code_cache total_blobs='514' nmethods='154' adapters='272' free_code_cache='250309760'/>
<task_done success='1' nmsize='432' count='944' inlined_bytes='21' stamp='0.053'/>
</task>
<task compile_id='161' method='java.util.zip.ZipFile$Source zipCoderForPos (I)Ljava/util/zip/ZipCoder;' bytes='39' count='944' iicount='944' level='3' stamp='0.053'>
<phase name='setup' stamp='0.053'>
<phase_done stamp='0.053'/>
</phase>
<phase name='buildIR' stamp='0.053'>
<klass id='1250' name='java.util.zip.ZipCoder' flags='0'/>
<type id='1112' name='int'/>
<klass id='1249' name='java.util.zip.ZipFile$Source' flags='10'/>
<method id='1251' holder='1249' name='zipCoderForPos' return='1250' arguments='1112' flags='2' bytes='39' iicount='944'/>
<parse method='1251'  stamp='0.053'>
<phase name='parse_hir' stamp='0.053'>
<bc code='182' bci='4'/>
<type id='1106' name='boolean'/>
<method id='1254' holder='1250' name='isUTF8' return='1106' flags='0' bytes='2' iicount='1'/>
<call method='1254' instr='invokevirtual'/>
<inline_fail reason='no static binding'/>
<bc code='184' bci='20'/>
<klass id='1241' name='[B' flags='1041'/>
<klass id='1255' name='java.util.zip.ZipUtils' flags='0'/>
<method id='1256' holder='1255' name='CENFLG' return='1112' arguments='1241 1112' flags='24' bytes='9' iicount='942'/>
<call method='1256' instr='invokestatic'/>
<inline_success reason='inline'/>
<parse method='1256'>
<bc code='184' bci='5'/>
<method id='1258' holder='1255' name='SH' return='1112' arguments='1241 1112' flags='24' bytes='21' compile_id='151' compiler='c1' level='3' iicount='7567'/>
<call method='1258' instr='invokestatic'/>
<inline_success reason='inline'/>
<parse method='1258'>
<parse_done stamp='0.053'/>
</parse>
<parse_done stamp='0.053'/>
</parse>
<phase_done stamp='0.053'/>
</phase>
<parse_done stamp='0.053'/>
</parse>
<phase name='optimize_blocks' stamp='0.053'>
<phase_done stamp='0.053'/>
</phase>
<phase name='gvn' stamp='0.053'>
<phase_done stamp='0.053'/>
</phase>
<phase name='rangeCheckElimination' stamp='0.053'>
<phase_done stamp='0.053'/>
</phase>
<phase name='optimize_null_checks' stamp='0.053'>
<phase_done stamp='0.053'/>
</phase>
<phase_done stamp='0.053'/>
</phase>
<phase name='emit_lir' stamp='0.053'>
<phase name='lirGeneration' stamp='0.053'>
<phase_done stamp='0.053'/>
</phase>
<phase name='linearScan' stamp='0.053'>
<phase_done stamp='0.053'/>
</phase>
<phase_done stamp='0.053'/>
</phase>
<phase name='codeemit' stamp='0.053'>
<phase_done stamp='0.053'/>
</phase>
<phase name='codeinstall' stamp='0.053'>
<phase_done stamp='0.053'/>
</phase>
<code_cache total_blobs='515' nmethods='157' adapters='272' free_code_cache='250319104'/>
<task_done success='1' nmsize='992' count='946' inlined_bytes='30' stamp='0.054'/>
</task>
<task compile_id='162' method='java.util.zip.ZipFile$Source isMetaName ([BII)Z' bytes='141' count='941' iicount='941' level='3' stamp='0.054'>
<phase name='setup' stamp='0.054'>
<phase_done stamp='0.054'/>
</phase>
<phase name='buildIR' stamp='0.054'>
<type id='1106' name='boolean'/>
<klass id='1241' name='[B' flags='1041'/>
<type id='1112' name='int'/>
<klass id='1249' name='java.util.zip.ZipFile$Source' flags='10'/>
<method id='1250' holder='1249' name='isMetaName' return='1106' arguments='1241 1112 1112' flags='10' bytes='141' iicount='941'/>
<parse method='1250'  stamp='0.054'>
<phase name='parse_hir' stamp='0.054'>
<phase_done stamp='0.054'/>
</phase>
<parse_done stamp='0.054'/>
</parse>
<phase name='optimize_blocks' stamp='0.054'>
<phase_done stamp='0.054'/>
</phase>
<phase name='gvn' stamp='0.054'>
<phase_done stamp='0.054'/>
</phase>
<phase name='rangeCheckElimination' stamp='0.054'>
<phase_done stamp='0.054'/>
</phase>
<phase name='optimize_null_checks' stamp='0.054'>
<phase_done stamp='0.054'/>
</phase>
<phase_done stamp='0.054'/>
</phase>
<phase name='emit_lir' stamp='0.054'>
<phase name='lirGeneration' stamp='0.054'>
<phase_done stamp='0.054'/>
</phase>
<phase name='linearScan' stamp='0.054'>
<phase_done stamp='0.054'/>
</phase>
<phase_done stamp='0.054'/>
</phase>
<phase name='codeemit' stamp='0.054'>
<phase_done stamp='0.054'/>
</phase>
<phase name='codeinstall' stamp='0.054'>
<phase_done stamp='0.054'/>
</phase>
<code_cache total_blobs='516' nmethods='158' adapters='272' free_code_cache='250317056'/>
<task_done success='1' nmsize='1200' count='941' stamp='0.054'/>
</task>
<task compile_id='163' method='java.util.zip.ZipFile$Source nextEntryPos (III)I' bytes='22' count='941' iicount='941' level='3' stamp='0.054'>
<phase name='setup' stamp='0.054'>
<phase_done stamp='0.054'/>
</phase>
<phase name='buildIR' stamp='0.054'>
<type id='1112' name='int'/>
<klass id='1249' name='java.util.zip.ZipFile$Source' flags='10'/>
<method id='1250' holder='1249' name='nextEntryPos' return='1112' arguments='1112 1112 1112' flags='2' bytes='22' iicount='941'/>
<parse method='1250'  stamp='0.054'>
<phase name='parse_hir' stamp='0.054'>
<bc code='184' bci='8'/>
<klass id='1241' name='[B' flags='1041'/>
<klass id='1252' name='java.util.zip.ZipUtils' flags='0'/>
<method id='1253' holder='1252' name='CENCOM' return='1112' arguments='1241 1112' flags='24' bytes='9' iicount='943'/>
<call method='1253' instr='invokestatic'/>
<inline_success reason='inline'/>
<parse method='1253'>
<bc code='184' bci='5'/>
<method id='1255' holder='1252' name='SH' return='1112' arguments='1241 1112' flags='24' bytes='21' compile_id='151' compiler='c1' level='3' iicount='7591'/>
<call method='1255' instr='invokestatic'/>
<inline_success reason='inline'/>
<parse method='1255'>
<parse_done stamp='0.054'/>
</parse>
<parse_done stamp='0.054'/>
</parse>
<bc code='184' bci='17'/>
<method id='1257' holder='1252' name='CENEXT' return='1112' arguments='1241 1112' flags='24' bytes='9' compile_id='154' compiler='c1' level='3' iicount='1884'/>
<call method='1257' instr='invokestatic'/>
<inline_success reason='inline'/>
<parse method='1257'>
<bc code='184' bci='5'/>
<call method='1255' instr='invokestatic'/>
<inline_success reason='inline'/>
<parse method='1255'>
<parse_done stamp='0.054'/>
</parse>
<parse_done stamp='0.054'/>
</parse>
<phase_done stamp='0.054'/>
</phase>
<parse_done stamp='0.054'/>
</parse>
<phase name='optimize_blocks' stamp='0.054'>
<phase_done stamp='0.054'/>
</phase>
<phase name='gvn' stamp='0.054'>
<phase_done stamp='0.054'/>
</phase>
<phase name='rangeCheckElimination' stamp='0.054'>
<phase_done stamp='0.054'/>
</phase>
<phase name='optimize_null_checks' stamp='0.054'>
<phase_done stamp='0.054'/>
</phase>
<phase_done stamp='0.054'/>
</phase>
<phase name='emit_lir' stamp='0.054'>
<phase name='lirGeneration' stamp='0.054'>
<phase_done stamp='0.054'/>
</phase>
<phase name='linearScan' stamp='0.054'>
<phase_done stamp='0.054'/>
</phase>
<phase_done stamp='0.054'/>
</phase>
<phase name='codeemit' stamp='0.054'>
<phase_done stamp='0.054'/>
</phase>
<phase name='codeinstall' stamp='0.054'>
<phase_done stamp='0.054'/>
</phase>
<code_cache total_blobs='517' nmethods='159' adapters='272' free_code_cache='250315264'/>
<task_done success='1' nmsize='816' count='941' inlined_bytes='60' stamp='0.054'/>
</task>
<task compile_id='157' method='java.util.zip.ZipUtils CENSIG ([BI)J' bytes='8' count='941' iicount='941' level='3' stamp='0.054'>
<phase name='setup' stamp='0.054'>
<phase_done stamp='0.054'/>
</phase>
<phase name='buildIR' stamp='0.054'>
<type id='1113' name='long'/>
<klass id='1241' name='[B' flags='1041'/>
<type id='1112' name='int'/>
<klass id='1249' name='java.util.zip.ZipUtils' flags='0'/>
<method id='1250' holder='1249' name='CENSIG' return='1113' arguments='1241 1112' flags='24' bytes='8' iicount='941'/>
<parse method='1250'  stamp='0.054'>
<phase name='parse_hir' stamp='0.054'>
<bc code='184' bci='4'/>
<method id='1252' holder='1249' name='LG' return='1113' arguments='1241 1112' flags='24' bytes='22' compile_id='155' compiler='c1' level='3' iicount='962'/>
<call method='1252' instr='invokestatic'/>
<inline_success reason='inline'/>
<parse method='1252'>
<bc code='184' bci='2'/>
<method id='1254' holder='1249' name='SH' return='1112' arguments='1241 1112' flags='24' bytes='21' compile_id='151' compiler='c1' level='3' iicount='7591'/>
<call method='1254' instr='invokestatic'/>
<inline_success reason='inline'/>
<parse method='1254'>
<parse_done stamp='0.054'/>
</parse>
<bc code='184' bci='9'/>
<call method='1254' instr='invokestatic'/>
<inline_success reason='inline'/>
<parse method='1254'>
<parse_done stamp='0.054'/>
</parse>
<parse_done stamp='0.054'/>
</parse>
<phase_done stamp='0.054'/>
</phase>
<parse_done stamp='0.054'/>
</parse>
<phase name='optimize_blocks' stamp='0.054'>
<phase_done stamp='0.054'/>
</phase>
<phase name='gvn' stamp='0.054'>
<phase_done stamp='0.054'/>
</phase>
<phase name='rangeCheckElimination' stamp='0.054'>
<phase_done stamp='0.054'/>
</phase>
<phase name='optimize_null_checks' stamp='0.054'>
<phase_done stamp='0.054'/>
</phase>
<phase_done stamp='0.054'/>
</phase>
<phase name='emit_lir' stamp='0.054'>
<phase name='lirGeneration' stamp='0.054'>
<phase_done stamp='0.054'/>
</phase>
<phase name='linearScan' stamp='0.054'>
<phase_done stamp='0.054'/>
</phase>
<phase_done stamp='0.054'/>
</phase>
<phase name='codeemit' stamp='0.054'>
<phase_done stamp='0.054'/>
</phase>
<phase name='codeinstall' stamp='0.054'>
<phase_done stamp='0.054'/>
</phase>
<code_cache total_blobs='518' nmethods='160' adapters='272' free_code_cache='250313728'/>
<task_done success='1' nmsize='720' count='941' inlined_bytes='64' stamp='0.054'/>
</task>
<task compile_id='158' method='java.util.zip.ZipUtils CENHOW ([BI)I' bytes='9' count='945' iicount='945' level='3' stamp='0.054'>
<phase name='setup' stamp='0.054'>
<phase_done stamp='0.054'/>
</phase>
<phase name='buildIR' stamp='0.054'>
<type id='1112' name='int'/>
<klass id='1241' name='[B' flags='1041'/>
<klass id='1249' name='java.util.zip.ZipUtils' flags='0'/>
<method id='1250' holder='1249' name='CENHOW' return='1112' arguments='1241 1112' flags='24' bytes='9' iicount='945'/>
<parse method='1250'  stamp='0.054'>
<phase name='parse_hir' stamp='0.054'>
<bc code='184' bci='5'/>
<method id='1252' holder='1249' name='SH' return='1112' arguments='1241 1112' flags='24' bytes='21' compile_id='151' compiler='c1' level='3' iicount='7595'/>
<call method='1252' instr='invokestatic'/>
<inline_success reason='inline'/>
<parse method='1252'>
<parse_done stamp='0.054'/>
</parse>
<phase_done stamp='0.054'/>
</phase>
<parse_done stamp='0.054'/>
</parse>
<phase name='optimize_blocks' stamp='0.054'>
<phase_done stamp='0.054'/>
</phase>
<phase name='gvn' stamp='0.054'>
<phase_done stamp='0.054'/>
</phase>
<phase name='rangeCheckElimination' stamp='0.054'>
<phase_done stamp='0.054'/>
</phase>
<phase name='optimize_null_checks' stamp='0.054'>
<phase_done stamp='0.054'/>
</phase>
<phase_done stamp='0.054'/>
</phase>
<phase name='emit_lir' stamp='0.054'>
<phase name='lirGeneration' stamp='0.054'>
<phase_done stamp='0.054'/>
</phase>
<phase name='linearScan' stamp='0.054'>
<phase_done stamp='0.054'/>
</phase>
<phase_done stamp='0.054'/>
</phase>
<phase name='codeemit' stamp='0.054'>
<phase_done stamp='0.054'/>
</phase>
<phase name='codeinstall' stamp='0.054'>
<phase_done stamp='0.054'/>
</phase>
<code_cache total_blobs='525' nmethods='162' adapters='277' free_code_cache='250307072'/>
<task_done success='1' nmsize='432' count='945' inlined_bytes='21' stamp='0.054'/>
</task>
<task compile_id='159' method='java.util.zip.ZipUtils CENFLG ([BI)I' bytes='9' count='943' iicount='943' level='3' stamp='0.054'>
<phase name='setup' stamp='0.055'>
<phase_done stamp='0.055'/>
</phase>
<phase name='buildIR' stamp='0.055'>
<type id='1112' name='int'/>
<klass id='1241' name='[B' flags='1041'/>
<klass id='1249' name='java.util.zip.ZipUtils' flags='0'/>
<method id='1250' holder='1249' name='CENFLG' return='1112' arguments='1241 1112' flags='24' bytes='9' iicount='943'/>
<parse method='1250'  stamp='0.055'>
<phase name='parse_hir' stamp='0.055'>
<bc code='184' bci='5'/>
<method id='1252' holder='1249' name='SH' return='1112' arguments='1241 1112' flags='24' bytes='21' compile_id='151' compiler='c1' level='3' iicount='7595'/>
<call method='1252' instr='invokestatic'/>
<inline_success reason='inline'/>
<parse method='1252'>
<parse_done stamp='0.055'/>
</parse>
<phase_done stamp='0.055'/>
</phase>
<parse_done stamp='0.055'/>
</parse>
<phase name='optimize_blocks' stamp='0.055'>
<phase_done stamp='0.055'/>
</phase>
<phase name='gvn' stamp='0.055'>
<phase_done stamp='0.055'/>
</phase>
<phase name='rangeCheckElimination' stamp='0.055'>
<phase_done stamp='0.055'/>
</phase>
<phase name='optimize_null_checks' stamp='0.055'>
<phase_done stamp='0.055'/>
</phase>
<phase_done stamp='0.055'/>
</phase>
<phase name='emit_lir' stamp='0.055'>
<phase name='lirGeneration' stamp='0.055'>
<phase_done stamp='0.055'/>
</phase>
<phase name='linearScan' stamp='0.055'>
<phase_done stamp='0.055'/>
</phase>
<phase_done stamp='0.055'/>
</phase>
<phase name='codeemit' stamp='0.055'>
<phase_done stamp='0.055'/>
</phase>
<phase name='codeinstall' stamp='0.055'>
<phase_done stamp='0.055'/>
</phase>
<code_cache total_blobs='526' nmethods='163' adapters='277' free_code_cache='250305920'/>
<task_done success='1' nmsize='432' count='943' inlined_bytes='21' stamp='0.055'/>
</task>
<task compile_id='164' method='java.util.zip.ZipUtils CENCOM ([BI)I' bytes='9' count='943' iicount='943' level='3' stamp='0.055'>
<phase name='setup' stamp='0.055'>
<phase_done stamp='0.055'/>
</phase>
<phase name='buildIR' stamp='0.055'>
<type id='1112' name='int'/>
<klass id='1241' name='[B' flags='1041'/>
<klass id='1249' name='java.util.zip.ZipUtils' flags='0'/>
<method id='1250' holder='1249' name='CENCOM' return='1112' arguments='1241 1112' flags='24' bytes='9' iicount='943'/>
<parse method='1250'  stamp='0.055'>
<phase name='parse_hir' stamp='0.055'>
<bc code='184' bci='5'/>
<method id='1252' holder='1249' name='SH' return='1112' arguments='1241 1112' flags='24' bytes='21' compile_id='151' compiler='c1' level='3' iicount='7595'/>
<call method='1252' instr='invokestatic'/>
<inline_success reason='inline'/>
<parse method='1252'>
<parse_done stamp='0.055'/>
</parse>
<phase_done stamp='0.055'/>
</phase>
<parse_done stamp='0.055'/>
</parse>
<phase name='optimize_blocks' stamp='0.055'>
<phase_done stamp='0.055'/>
</phase>
<phase name='gvn' stamp='0.055'>
<phase_done stamp='0.055'/>
</phase>
<phase name='rangeCheckElimination' stamp='0.055'>
<phase_done stamp='0.055'/>
</phase>
<phase name='optimize_null_checks' stamp='0.055'>
<phase_done stamp='0.055'/>
</phase>
<phase_done stamp='0.055'/>
</phase>
<phase name='emit_lir' stamp='0.055'>
<phase name='lirGeneration' stamp='0.055'>
<phase_done stamp='0.055'/>
</phase>
<phase name='linearScan' stamp='0.055'>
<phase_done stamp='0.055'/>
</phase>
<phase_done stamp='0.055'/>
</phase>
<phase name='codeemit' stamp='0.055'>
<phase_done stamp='0.055'/>
</phase>
<phase name='codeinstall' stamp='0.055'>
<phase_done stamp='0.055'/>
</phase>
<code_cache total_blobs='527' nmethods='164' adapters='277' free_code_cache='250304768'/>
<task_done success='1' nmsize='432' count='943' inlined_bytes='21' stamp='0.055'/>
</task>
<task compile_id='166' method='java.lang.AbstractStringBuilder putStringAt (ILjava/lang/String;)V' bytes='12' count='256' iicount='256' level='3' stamp='0.055'>
<phase name='setup' stamp='0.055'>
<phase_done stamp='0.055'/>
</phase>
<phase name='buildIR' stamp='0.055'>
<type id='1114' name='void'/>
<type id='1112' name='int'/>
<klass id='1120' name='java.lang.String' flags='17'/>
<klass id='1192' name='java.lang.AbstractStringBuilder' flags='1024'/>
<method id='1249' holder='1192' name='putStringAt' return='1114' arguments='1112 1120' flags='2' bytes='12' iicount='260'/>
<parse method='1249'  stamp='0.055'>
<phase name='parse_hir' stamp='0.055'>
<bc code='182' bci='5'/>
<method id='1251' holder='1120' name='length' return='1112' flags='1' bytes='11' compile_id='6' compiler='c1' level='3' iicount='3206'/>
<call method='1251' instr='invokevirtual'/>
<inline_success reason='inline'/>
<parse method='1251'>
<bc code='182' bci='6'/>
<type id='1110' name='byte'/>
<method id='1253' holder='1120' name='coder' return='1110' flags='0' bytes='15' compile_id='5' compiler='c1' level='3' iicount='5295'/>
<call method='1253' instr='invokevirtual'/>
<inline_success reason='inline'/>
<parse method='1253'>
<parse_done stamp='0.055'/>
</parse>
<parse_done stamp='0.055'/>
</parse>
<bc code='182' bci='8'/>
<method id='1256' holder='1192' name='putStringAt' return='1114' arguments='1112 1120 1112 1112' flags='2' bytes='34' iicount='263'/>
<call method='1256' instr='invokevirtual'/>
<inline_fail reason='callee uses too much stack'/>
<phase_done stamp='0.055'/>
</phase>
<parse_done stamp='0.055'/>
</parse>
<phase name='optimize_blocks' stamp='0.055'>
<phase_done stamp='0.055'/>
</phase>
<phase name='gvn' stamp='0.055'>
<phase_done stamp='0.055'/>
</phase>
<phase name='rangeCheckElimination' stamp='0.055'>
<phase_done stamp='0.055'/>
</phase>
<phase name='optimize_null_checks' stamp='0.055'>
<phase_done stamp='0.055'/>
</phase>
<phase_done stamp='0.055'/>
</phase>
<phase name='emit_lir' stamp='0.055'>
<phase name='lirGeneration' stamp='0.055'>
<phase_done stamp='0.055'/>
</phase>
<phase name='linearScan' stamp='0.055'>
<phase_done stamp='0.055'/>
</phase>
<phase_done stamp='0.055'/>
</phase>
<phase name='codeemit' stamp='0.055'>
<phase_done stamp='0.055'/>
</phase>
<phase name='codeinstall' stamp='0.055'>
<phase_done stamp='0.055'/>
</phase>
<code_cache total_blobs='530' nmethods='165' adapters='277' free_code_cache='250289152'/>
<task_done success='1' nmsize='576' count='274' inlined_bytes='26' stamp='0.055'/>
</task>
<task compile_id='168' method='java.lang.String &lt;init&gt; ([BB)V' bytes='15' count='517' iicount='517' level='3' stamp='0.055'>
<phase name='setup' stamp='0.055'>
<phase_done stamp='0.055'/>
</phase>
<phase name='buildIR' stamp='0.055'>
<type id='1114' name='void'/>
<klass id='1241' name='[B' flags='1041'/>
<type id='1110' name='byte'/>
<klass id='1120' name='java.lang.String' flags='17'/>
<method id='1249' holder='1120' name='&lt;init&gt;' return='1114' arguments='1241 1110' flags='0' bytes='15' iicount='517'/>
<parse method='1249'  stamp='0.055'>
<phase name='parse_hir' stamp='0.055'>
<bc code='183' bci='1'/>
<klass id='1119' name='java.lang.Object' flags='1'/>
<method id='1251' holder='1119' name='&lt;init&gt;' return='1114' flags='1' bytes='1' compile_id='13' compiler='c2' level='4' iicount='10408'/>
<call method='1251' instr='invokespecial'/>
<inline_success reason='inline'/>
<parse method='1251'>
<parse_done stamp='0.055'/>
</parse>
<phase_done stamp='0.055'/>
</phase>
<parse_done stamp='0.055'/>
</parse>
<phase name='optimize_blocks' stamp='0.055'>
<phase_done stamp='0.055'/>
</phase>
<phase name='gvn' stamp='0.055'>
<phase_done stamp='0.055'/>
</phase>
<phase name='rangeCheckElimination' stamp='0.055'>
<phase_done stamp='0.055'/>
</phase>
<phase name='optimize_null_checks' stamp='0.055'>
<phase_done stamp='0.055'/>
</phase>
<phase_done stamp='0.055'/>
</phase>
<phase name='emit_lir' stamp='0.055'>
<phase name='lirGeneration' stamp='0.055'>
<phase_done stamp='0.055'/>
</phase>
<phase name='linearScan' stamp='0.055'>
<phase_done stamp='0.055'/>
</phase>
<phase_done stamp='0.055'/>
</phase>
<phase name='codeemit' stamp='0.055'>
<phase_done stamp='0.055'/>
</phase>
<phase name='codeinstall' stamp='0.055'>
<phase_done stamp='0.055'/>
</phase>
<code_cache total_blobs='530' nmethods='167' adapters='277' free_code_cache='250301312'/>
<task_done success='1' nmsize='464' count='517' inlined_bytes='1' stamp='0.055'/>
</task>
<task compile_id='167' method='java.lang.AbstractStringBuilder putStringAt (ILjava/lang/String;II)V' bytes='34' count='274' iicount='274' level='3' stamp='0.055'>
<phase name='setup' stamp='0.055'>
<phase_done stamp='0.055'/>
</phase>
<phase name='buildIR' stamp='0.055'>
<type id='1114' name='void'/>
<type id='1112' name='int'/>
<klass id='1120' name='java.lang.String' flags='17'/>
<klass id='1192' name='java.lang.AbstractStringBuilder' flags='1024'/>
<method id='1249' holder='1192' name='putStringAt' return='1114' arguments='1112 1120 1112 1112' flags='2' bytes='34' iicount='274'/>
<parse method='1249'  stamp='0.055'>
<phase name='parse_hir' stamp='0.055'>
<bc code='182' bci='1'/>
<type id='1110' name='byte'/>
<method id='1251' holder='1192' name='getCoder' return='1110' flags='16' bytes='15' iicount='274'/>
<call method='1251' instr='invokevirtual'/>
<inline_success reason='inline'/>
<parse method='1251'>
<parse_done stamp='0.055'/>
</parse>
<bc code='182' bci='5'/>
<method id='1254' holder='1120' name='coder' return='1110' flags='0' bytes='15' compile_id='5' compiler='c1' level='3' iicount='5406'/>
<call method='1254' instr='invokevirtual'/>
<inline_success reason='inline'/>
<parse method='1254'>
<parse_done stamp='0.055'/>
</parse>
<bc code='182' bci='12'/>
<method id='1256' holder='1192' name='inflate' return='1114' flags='2' bytes='42' iicount='1'/>
<call method='1256' instr='invokevirtual'/>
<inline_fail reason='callee is too large'/>
<bc code='182' bci='30'/>
<klass id='1241' name='[B' flags='1041'/>
<method id='1258' holder='1120' name='getBytes' return='1114' arguments='1241 1112 1112 1110 1112' flags='0' bytes='46' iicount='274'/>
<call method='1258' instr='invokevirtual'/>
<inline_fail reason='callee is too large'/>
<phase_done stamp='0.056'/>
</phase>
<parse_done stamp='0.056'/>
</parse>
<phase name='optimize_blocks' stamp='0.056'>
<phase_done stamp='0.056'/>
</phase>
<phase name='gvn' stamp='0.056'>
<phase_done stamp='0.056'/>
</phase>
<phase name='rangeCheckElimination' stamp='0.056'>
<phase_done stamp='0.056'/>
</phase>
<phase name='optimize_null_checks' stamp='0.056'>
<phase_done stamp='0.056'/>
</phase>
<phase_done stamp='0.056'/>
</phase>
<phase name='emit_lir' stamp='0.056'>
<phase name='lirGeneration' stamp='0.056'>
<phase_done stamp='0.056'/>
</phase>
<phase name='linearScan' stamp='0.056'>
<phase_done stamp='0.056'/>
</phase>
<phase_done stamp='0.056'/>
</phase>
<phase name='codeemit' stamp='0.056'>
<phase_done stamp='0.056'/>
</phase>
<phase name='codeinstall' stamp='0.056'>
<phase_done stamp='0.056'/>
</phase>
<code_cache total_blobs='531' nmethods='168' adapters='277' free_code_cache='250299648'/>
<task_done success='1' nmsize='784' count='274' inlined_bytes='30' stamp='0.056'/>
</task>
<task compile_id='170' method='java.lang.Math max (II)I' bytes='11' count='464' iicount='466' level='3' stamp='0.056'>
<phase name='setup' stamp='0.056'>
<phase_done stamp='0.056'/>
</phase>
<phase name='buildIR' stamp='0.056'>
<type id='1112' name='int'/>
<klass id='1249' name='java.lang.Math' flags='17'/>
<method id='1250' holder='1249' name='max' return='1112' arguments='1112 1112' flags='9' bytes='11' iicount='641'/>
<parse method='1250'  stamp='0.056'>
<phase name='parse_hir' stamp='0.056'>
<phase_done stamp='0.056'/>
</phase>
<parse_done stamp='0.056'/>
</parse>
<phase name='optimize_blocks' stamp='0.056'>
<phase_done stamp='0.056'/>
</phase>
<phase name='gvn' stamp='0.056'>
<phase_done stamp='0.056'/>
</phase>
<phase name='rangeCheckElimination' stamp='0.056'>
<phase_done stamp='0.056'/>
</phase>
<phase name='optimize_null_checks' stamp='0.056'>
<phase_done stamp='0.056'/>
</phase>
<phase_done stamp='0.056'/>
</phase>
<phase name='emit_lir' stamp='0.056'>
<phase name='lirGeneration' stamp='0.056'>
<phase_done stamp='0.056'/>
</phase>
<phase name='linearScan' stamp='0.056'>
<phase_done stamp='0.056'/>
</phase>
<phase_done stamp='0.056'/>
</phase>
<phase name='codeemit' stamp='0.056'>
<phase_done stamp='0.056'/>
</phase>
<phase name='codeinstall' stamp='0.056'>
<phase_done stamp='0.056'/>
</phase>
<code_cache total_blobs='532' nmethods='169' adapters='277' free_code_cache='250298752'/>
<task_done success='1' nmsize='304' count='692' stamp='0.056'/>
</task>
<task compile_id='171' method='sun.nio.fs.UnixPath checkNotNul (Ljava/lang/String;C)V' bytes='16' count='322' iicount='322' level='3' stamp='0.056'>
<phase name='setup' stamp='0.056'>
<phase_done stamp='0.056'/>
</phase>
<phase name='buildIR' stamp='0.056'>
<type id='1114' name='void'/>
<klass id='1120' name='java.lang.String' flags='17'/>
<type id='1107' name='char'/>
<klass id='1249' name='sun.nio.fs.UnixPath' flags='0'/>
<method id='1250' holder='1249' name='checkNotNul' return='1114' arguments='1120 1107' flags='10' bytes='16' iicount='322'/>
<parse method='1250'  stamp='0.056'>
<phase name='parse_hir' stamp='0.056'>
<bc code='183' bci='11'/>
<klass id='1252' name='java.nio.file.InvalidPathException' unloaded='1'/>
<method id='1254' holder='1252' name='&lt;init&gt;' return='1114' arguments='1120 1120' unloaded='1'/>
<call method='1254' instr='invokespecial'/>
<inline_fail reason='not inlineable'/>
<phase_done stamp='0.056'/>
</phase>
<parse_done stamp='0.056'/>
</parse>
<phase name='optimize_blocks' stamp='0.056'>
<phase_done stamp='0.056'/>
</phase>
<phase name='gvn' stamp='0.056'>
<phase_done stamp='0.056'/>
</phase>
<phase name='rangeCheckElimination' stamp='0.056'>
<phase_done stamp='0.056'/>
</phase>
<phase name='optimize_null_checks' stamp='0.056'>
<phase_done stamp='0.056'/>
</phase>
<phase_done stamp='0.056'/>
</phase>
<phase name='emit_lir' stamp='0.056'>
<phase name='lirGeneration' stamp='0.056'>
<phase_done stamp='0.056'/>
</phase>
<phase name='linearScan' stamp='0.056'>
<phase_done stamp='0.056'/>
</phase>
<phase_done stamp='0.056'/>
</phase>
<phase name='codeemit' stamp='0.056'>
<phase_done stamp='0.056'/>
</phase>
<phase name='codeinstall' stamp='0.056'>
<phase_done stamp='0.056'/>
</phase>
<code_cache total_blobs='533' nmethods='170' adapters='277' free_code_cache='250297728'/>
<task_done success='1' nmsize='416' count='322' stamp='0.056'/>
</task>
<task compile_id='172' method='java.io.BufferedReader readLine (Z[Z)Ljava/lang/String;' bytes='327' count='132' backedge_count='2955' iicount='132' level='3' stamp='0.057'>
<phase name='setup' stamp='0.057'>
<phase_done stamp='0.057'/>
</phase>
<phase name='buildIR' stamp='0.057'>
<klass id='1120' name='java.lang.String' flags='17'/>
<type id='1106' name='boolean'/>
<klass id='1237' name='[Z' flags='1041'/>
<klass id='1249' name='java.io.BufferedReader' flags='1'/>
<method id='1250' holder='1249' name='readLine' return='1120' arguments='1106 1237' flags='0' bytes='327' iicount='132'/>
<parse method='1250'  stamp='0.057'>
<phase name='parse_hir' stamp='0.057'>
<bc code='182' bci='11'/>
<type id='1114' name='void'/>
<method id='1253' holder='1249' name='ensureOpen' return='1114' flags='2' bytes='18' iicount='132'/>
<call method='1253' instr='invokevirtual'/>
<dependency type='leaf_type' ctxk='1249'/>
<inline_success reason='inline'/>
<parse method='1253'>
<bc code='183' bci='13'/>
<klass id='1255' name='java.io.IOException' unloaded='1'/>
<method id='1257' holder='1255' name='&lt;init&gt;' return='1114' arguments='1120' unloaded='1'/>
<call method='1257' instr='invokespecial'/>
<inline_fail reason='not inlineable'/>
<parse_done stamp='0.057'/>
</parse>
<bc code='182' bci='52'/>
<method id='1258' holder='1249' name='fill' return='1114' flags='2' bytes='170' iicount='6'/>
<call method='1258' instr='invokevirtual'/>
<dependency type='leaf_type' ctxk='1249'/>
<inline_fail reason='callee is too large'/>
<bc code='182' bci='71'/>
<type id='1112' name='int'/>
<klass id='1194' name='java.lang.StringBuilder' flags='17'/>
<method id='1260' holder='1194' name='length' return='1112' flags='4161' bytes='5' iicount='1'/>
<call method='1260' instr='invokevirtual'/>
<inline_success reason='inline'/>
<parse method='1260'>
<bc code='183' bci='1'/>
<klass id='1192' name='java.lang.AbstractStringBuilder' flags='1024'/>
<method id='1262' holder='1192' name='length' return='1112' flags='1' bytes='5' iicount='1'/>
<call method='1262' instr='invokespecial'/>
<inline_success reason='inline'/>
<parse method='1262'>
<parse_done stamp='0.057'/>
</parse>
<parse_done stamp='0.057'/>
</parse>
<bc code='182' bci='78'/>
<method id='1264' holder='1194' name='toString' return='1120' flags='1' bytes='35' iicount='157'/>
<call method='1264' instr='invokevirtual'/>
<inline_success reason='inline'/>
<parse method='1264'>
<bc code='182' bci='1'/>
<method id='1266' holder='1192' name='isLatin1' return='1106' flags='16' bytes='19' iicount='319'/>
<call method='1266' instr='invokevirtual'/>
<inline_success reason='inline'/>
<parse method='1266'>
<parse_done stamp='0.057'/>
</parse>
<bc code='184' bci='16'/>
<klass id='1241' name='[B' flags='1041'/>
<klass id='1269' name='java.lang.StringLatin1' flags='16'/>
<method id='1270' holder='1269' name='newString' return='1120' arguments='1241 1112 1112' flags='9' bytes='24' iicount='395'/>
<call method='1270' instr='invokestatic'/>
<inline_fail reason='callee uses too much stack'/>
<bc code='184' bci='31'/>
<klass id='1272' name='java.lang.StringUTF16' flags='16'/>
<method id='1273' holder='1272' name='newString' return='1120' arguments='1241 1112 1112' flags='9' bytes='58' iicount='1'/>
<call method='1273' instr='invokestatic'/>
<inline_fail reason='callee is too large'/>
<parse_done stamp='0.057'/>
</parse>
<bc code='183' bci='227'/>
<klass id='1238' name='[C' flags='1041'/>
<method id='1275' holder='1120' name='&lt;init&gt;' return='1114' arguments='1238 1112 1112' flags='1' bytes='14' iicount='129'/>
<call method='1275' instr='invokespecial'/>
<inline_fail reason='callee uses too much stack'/>
<bc code='182' bci='247'/>
<method id='1277' holder='1194' name='append' return='1194' arguments='1238 1112 1112' flags='1' bytes='10' iicount='1'/>
<call method='1277' instr='invokevirtual'/>
<inline_success reason='inline'/>
<parse method='1277'>
<bc code='183' bci='4'/>
<method id='1279' holder='1192' name='append' return='1192' arguments='1238 1112 1112' flags='1' bytes='33' iicount='1'/>
<call method='1279' instr='invokespecial'/>
<inline_fail reason='callee is too large'/>
<parse_done stamp='0.057'/>
</parse>
<bc code='182' bci='252'/>
<call method='1264' instr='invokevirtual'/>
<inline_success reason='inline'/>
<parse method='1264'>
<bc code='182' bci='1'/>
<call method='1266' instr='invokevirtual'/>
<inline_success reason='inline'/>
<parse method='1266'>
<parse_done stamp='0.057'/>
</parse>
<bc code='184' bci='16'/>
<call method='1270' instr='invokestatic'/>
<inline_fail reason='callee uses too much stack'/>
<bc code='184' bci='31'/>
<call method='1273' instr='invokestatic'/>
<inline_fail reason='callee is too large'/>
<parse_done stamp='0.058'/>
</parse>
<bc code='183' bci='296'/>
<method id='1282' holder='1194' name='&lt;init&gt;' return='1114' arguments='1112' flags='1' bytes='6' iicount='14'/>
<call method='1282' instr='invokespecial'/>
<inline_success reason='inline'/>
<parse method='1282'>
<bc code='183' bci='2'/>
<method id='1284' holder='1192' name='&lt;init&gt;' return='1114' arguments='1112' flags='0' bytes='39' iicount='157'/>
<call method='1284' instr='invokespecial'/>
<inline_fail reason='callee is too large'/>
<parse_done stamp='0.058'/>
</parse>
<bc code='182' bci='312'/>
<call method='1277' instr='invokevirtual'/>
<inline_success reason='inline'/>
<parse method='1277'>
<bc code='183' bci='4'/>
<call method='1279' instr='invokespecial'/>
<inline_fail reason='callee is too large'/>
<parse_done stamp='0.058'/>
</parse>
<phase_done stamp='0.058'/>
</phase>
<parse_done stamp='0.058'/>
</parse>
<phase name='optimize_blocks' stamp='0.058'>
<phase_done stamp='0.058'/>
</phase>
<phase name='gvn' stamp='0.058'>
<phase_done stamp='0.058'/>
</phase>
<phase name='rangeCheckElimination' stamp='0.058'>
<phase_done stamp='0.058'/>
</phase>
<phase name='optimize_null_checks' stamp='0.058'>
<phase_done stamp='0.058'/>
</phase>
<phase_done stamp='0.058'/>
</phase>
<phase name='emit_lir' stamp='0.058'>
<phase name='lirGeneration' stamp='0.058'>
<phase_done stamp='0.058'/>
</phase>
<phase name='linearScan' stamp='0.058'>
<phase_done stamp='0.058'/>
</phase>
<phase_done stamp='0.058'/>
</phase>
<phase name='codeemit' stamp='0.058'>
<phase_done stamp='0.058'/>
</phase>
<phase name='codeinstall' stamp='0.058'>
<dependency type='leaf_type' ctxk='1249'/>
<phase_done stamp='0.058'/>
</phase>
<code_cache total_blobs='534' nmethods='171' adapters='277' free_code_cache='250289536'/>
<task_done success='1' nmsize='4656' count='161' backedge_count='3605' inlined_bytes='162' stamp='0.058'/>
</task>
<task compile_id='173' method='java.lang.StringLatin1 indexOf ([BI[BII)I' bytes='121' count='115' backedge_count='9948' iicount='115' level='3' stamp='0.058'>
<phase name='setup' stamp='0.059'>
<phase_done stamp='0.059'/>
</phase>
<phase name='buildIR' stamp='0.059'>
<type id='1112' name='int'/>
<klass id='1241' name='[B' flags='1041'/>
<klass id='1249' name='java.lang.StringLatin1' flags='16'/>
<method id='1250' holder='1249' name='indexOf' return='1112' arguments='1241 1112 1241 1112 1112' flags='9' bytes='121' iicount='115'/>
<parse method='1250'  stamp='0.059'>
<phase name='parse_hir' stamp='0.059'>
<phase_done stamp='0.059'/>
</phase>
<parse_done stamp='0.059'/>
</parse>
<phase name='optimize_blocks' stamp='0.059'>
<phase_done stamp='0.059'/>
</phase>
<phase name='gvn' stamp='0.059'>
<phase_done stamp='0.059'/>
</phase>
<phase name='rangeCheckElimination' stamp='0.059'>
<phase_done stamp='0.059'/>
</phase>
<phase name='optimize_null_checks' stamp='0.059'>
<phase_done stamp='0.059'/>
</phase>
<phase_done stamp='0.059'/>
</phase>
<phase name='emit_lir' stamp='0.059'>
<phase name='lirGeneration' stamp='0.059'>
<phase_done stamp='0.059'/>
</phase>
<phase name='linearScan' stamp='0.059'>
<phase_done stamp='0.059'/>
</phase>
<phase_done stamp='0.059'/>
</phase>
<phase name='codeemit' stamp='0.059'>
<phase_done stamp='0.059'/>
</phase>
<phase name='codeinstall' stamp='0.059'>
<phase_done stamp='0.059'/>
</phase>
<code_cache total_blobs='536' nmethods='173' adapters='277' free_code_cache='250285696'/>
<task_done success='1' nmsize='1232' count='115' backedge_count='9948' stamp='0.059'/>
</task>
<task compile_id='174' method='java.lang.System getSecurityManager ()Ljava/lang/SecurityManager;' bytes='12' count='267' iicount='267' level='3' stamp='0.059'>
<phase name='setup' stamp='0.059'>
<phase_done stamp='0.059'/>
</phase>
<phase name='buildIR' stamp='0.059'>
<klass id='1131' name='java.lang.SecurityManager' flags='1'/>
<klass id='1125' name='java.lang.System' flags='17'/>
<method id='1249' holder='1125' name='getSecurityManager' return='1131' flags='9' bytes='12' iicount='267'/>
<parse method='1249'  stamp='0.059'>
<phase name='parse_hir' stamp='0.059'>
<bc code='184' bci='0'/>
<type id='1106' name='boolean'/>
<method id='1251' holder='1125' name='allowSecurityManager' return='1106' flags='10' bytes='13' iicount='267'/>
<call method='1251' instr='invokestatic'/>
<inline_success reason='inline'/>
<parse method='1251'>
<parse_done stamp='0.059'/>
</parse>
<phase_done stamp='0.059'/>
</phase>
<parse_done stamp='0.059'/>
</parse>
<phase name='optimize_blocks' stamp='0.059'>
<phase_done stamp='0.059'/>
</phase>
<phase name='gvn' stamp='0.059'>
<phase_done stamp='0.059'/>
</phase>
<phase name='rangeCheckElimination' stamp='0.059'>
<phase_done stamp='0.059'/>
</phase>
<phase name='optimize_null_checks' stamp='0.059'>
<phase_done stamp='0.059'/>
</phase>
<phase_done stamp='0.059'/>
</phase>
<phase name='emit_lir' stamp='0.059'>
<phase name='lirGeneration' stamp='0.059'>
<phase_done stamp='0.059'/>
</phase>
<phase name='linearScan' stamp='0.059'>
<phase_done stamp='0.059'/>
</phase>
<phase_done stamp='0.059'/>
</phase>
<phase name='codeemit' stamp='0.059'>
<phase_done stamp='0.059'/>
</phase>
<phase name='codeinstall' stamp='0.059'>
<phase_done stamp='0.059'/>
</phase>
<code_cache total_blobs='537' nmethods='174' adapters='277' free_code_cache='250284672'/>
<task_done success='1' nmsize='400' count='267' inlined_bytes='13' stamp='0.059'/>
</task>
<task compile_id='177' method='java.lang.StringUTF16 compress ([CI[BII)I' bytes='50' count='171' backedge_count='4166' iicount='172' level='3' stamp='0.060'>
<phase name='setup' stamp='0.060'>
<phase_done stamp='0.060'/>
</phase>
<phase name='buildIR' stamp='0.060'>
<type id='1112' name='int'/>
<klass id='1238' name='[C' flags='1041'/>
<klass id='1241' name='[B' flags='1041'/>
<klass id='1249' name='java.lang.StringUTF16' flags='16'/>
<method id='1250' holder='1249' name='compress' return='1112' arguments='1238 1112 1241 1112 1112' flags='9' bytes='50' iicount='175'/>
<parse method='1250'  stamp='0.060'>
<phase name='parse_hir' stamp='0.060'>
<phase_done stamp='0.060'/>
</phase>
<parse_done stamp='0.060'/>
</parse>
<phase name='optimize_blocks' stamp='0.060'>
<phase_done stamp='0.060'/>
</phase>
<phase name='gvn' stamp='0.060'>
<phase_done stamp='0.060'/>
</phase>
<phase name='rangeCheckElimination' stamp='0.060'>
<phase_done stamp='0.060'/>
</phase>
<phase name='optimize_null_checks' stamp='0.060'>
<phase_done stamp='0.060'/>
</phase>
<phase_done stamp='0.060'/>
</phase>
<phase name='emit_lir' stamp='0.060'>
<phase name='lirGeneration' stamp='0.060'>
<phase_done stamp='0.060'/>
</phase>
<phase name='linearScan' stamp='0.060'>
<phase_done stamp='0.060'/>
</phase>
<phase_done stamp='0.060'/>
</phase>
<phase name='codeemit' stamp='0.060'>
<phase_done stamp='0.060'/>
</phase>
<phase name='codeinstall' stamp='0.060'>
<phase_done stamp='0.060'/>
</phase>
<code_cache total_blobs='539' nmethods='176' adapters='277' free_code_cache='250282368'/>
<task_done success='1' nmsize='560' count='183' backedge_count='4486' stamp='0.060'/>
</task>
<task compile_id='178' method='java.util.LinkedList indexOf (Ljava/lang/Object;)I' bytes='73' count='165' backedge_count='4246' iicount='165' level='3' stamp='0.060'>
<phase name='setup' stamp='0.060'>
<phase_done stamp='0.060'/>
</phase>
<phase name='buildIR' stamp='0.060'>
<type id='1112' name='int'/>
<klass id='1119' name='java.lang.Object' flags='1'/>
<klass id='1249' name='java.util.LinkedList' flags='1'/>
<method id='1250' holder='1249' name='indexOf' return='1112' arguments='1119' flags='1' bytes='73' iicount='165'/>
<parse method='1250'  stamp='0.060'>
<phase name='parse_hir' stamp='0.060'>
<bc code='182' bci='52'/>
<type id='1106' name='boolean'/>
<method id='1253' holder='1119' name='equals' return='1106' arguments='1119' flags='1' bytes='11' compile_id='99' compiler='c1' level='3' iicount='2364'/>
<call method='1253' instr='invokevirtual'/>
<inline_fail reason='no static binding'/>
<phase_done stamp='0.061'/>
</phase>
<parse_done stamp='0.061'/>
</parse>
<phase name='optimize_blocks' stamp='0.061'>
<phase_done stamp='0.061'/>
</phase>
<phase name='gvn' stamp='0.061'>
<phase_done stamp='0.061'/>
</phase>
<phase name='rangeCheckElimination' stamp='0.061'>
<phase_done stamp='0.061'/>
</phase>
<phase name='optimize_null_checks' stamp='0.061'>
<phase_done stamp='0.061'/>
</phase>
<phase_done stamp='0.061'/>
</phase>
<phase name='emit_lir' stamp='0.061'>
<phase name='lirGeneration' stamp='0.061'>
<phase_done stamp='0.061'/>
</phase>
<phase name='linearScan' stamp='0.061'>
<phase_done stamp='0.061'/>
</phase>
<phase_done stamp='0.061'/>
</phase>
<phase name='codeemit' stamp='0.061'>
<phase_done stamp='0.061'/>
</phase>
<phase name='codeinstall' stamp='0.061'>
<phase_done stamp='0.061'/>
</phase>
<code_cache total_blobs='540' nmethods='177' adapters='277' free_code_cache='250280320'/>
<task_done success='1' nmsize='1152' count='165' backedge_count='4246' stamp='0.061'/>
</task>
<task compile_id='181' method='java.lang.StringLatin1 indexOf ([BII)I' bytes='36' count='395' iicount='395' level='3' stamp='0.061'>
<phase name='setup' stamp='0.061'>
<phase_done stamp='0.061'/>
</phase>
<phase name='buildIR' stamp='0.061'>
<type id='1112' name='int'/>
<klass id='1241' name='[B' flags='1041'/>
<klass id='1249' name='java.lang.StringLatin1' flags='16'/>
<method id='1250' holder='1249' name='indexOf' return='1112' arguments='1241 1112 1112' flags='9' bytes='36' iicount='395'/>
<parse method='1250'  stamp='0.061'>
<phase name='parse_hir' stamp='0.061'>
<bc code='184' bci='1'/>
<type id='1106' name='boolean'/>
<method id='1252' holder='1249' name='canEncode' return='1106' arguments='1112' flags='9' bytes='13' compile_id='61' compiler='c1' level='3' iicount='740'/>
<call method='1252' instr='invokestatic'/>
<inline_success reason='inline'/>
<parse method='1252'>
<parse_done stamp='0.061'/>
</parse>
<bc code='184' bci='32'/>
<method id='1254' holder='1249' name='indexOfChar' return='1112' arguments='1241 1112 1112 1112' flags='10' bytes='33' compile_id='24' compiler='c1' level='3' iicount='349'/>
<call method='1254' instr='invokestatic'/>
<inline_success reason='inline'/>
<parse method='1254'>
<parse_done stamp='0.061'/>
</parse>
<phase_done stamp='0.061'/>
</phase>
<parse_done stamp='0.061'/>
</parse>
<phase name='optimize_blocks' stamp='0.061'>
<phase_done stamp='0.061'/>
</phase>
<phase name='gvn' stamp='0.061'>
<phase_done stamp='0.061'/>
</phase>
<phase name='rangeCheckElimination' stamp='0.061'>
<phase_done stamp='0.061'/>
</phase>
<phase name='optimize_null_checks' stamp='0.061'>
<phase_done stamp='0.061'/>
</phase>
<phase_done stamp='0.061'/>
</phase>
<phase name='emit_lir' stamp='0.061'>
<phase name='lirGeneration' stamp='0.061'>
<phase_done stamp='0.061'/>
</phase>
<phase name='linearScan' stamp='0.061'>
<phase_done stamp='0.061'/>
</phase>
<phase_done stamp='0.061'/>
</phase>
<phase name='codeemit' stamp='0.061'>
<phase_done stamp='0.061'/>
</phase>
<phase name='codeinstall' stamp='0.061'>
<phase_done stamp='0.061'/>
</phase>
<code_cache total_blobs='541' nmethods='178' adapters='277' free_code_cache='250278400'/>
<task_done success='1' nmsize='1040' count='397' inlined_bytes='46' stamp='0.061'/>
</task>
<task compile_id='182' method='java.lang.StringBuilder append (Ljava/lang/String;)Ljava/lang/StringBuilder;' bytes='8' count='382' iicount='382' level='3' stamp='0.061'>
<phase name='setup' stamp='0.061'>
<phase_done stamp='0.061'/>
</phase>
<phase name='buildIR' stamp='0.061'>
<klass id='1194' name='java.lang.StringBuilder' flags='17'/>
<klass id='1120' name='java.lang.String' flags='17'/>
<method id='1249' holder='1194' name='append' return='1194' arguments='1120' flags='1' bytes='8' iicount='387'/>
<parse method='1249'  stamp='0.061'>
<phase name='parse_hir' stamp='0.061'>
<bc code='183' bci='2'/>
<klass id='1192' name='java.lang.AbstractStringBuilder' flags='1024'/>
<method id='1251' holder='1192' name='append' return='1192' arguments='1120' flags='1' bytes='45' iicount='393'/>
<call method='1251' instr='invokespecial'/>
<inline_fail reason='callee is too large'/>
<phase_done stamp='0.061'/>
</phase>
<parse_done stamp='0.061'/>
</parse>
<phase name='optimize_blocks' stamp='0.061'>
<phase_done stamp='0.061'/>
</phase>
<phase name='gvn' stamp='0.061'>
<phase_done stamp='0.061'/>
</phase>
<phase name='rangeCheckElimination' stamp='0.061'>
<phase_done stamp='0.061'/>
</phase>
<phase name='optimize_null_checks' stamp='0.061'>
<phase_done stamp='0.061'/>
</phase>
<phase_done stamp='0.061'/>
</phase>
<phase name='emit_lir' stamp='0.061'>
<phase name='lirGeneration' stamp='0.061'>
<phase_done stamp='0.061'/>
</phase>
<phase name='linearScan' stamp='0.061'>
<phase_done stamp='0.061'/>
</phase>
<phase_done stamp='0.061'/>
</phase>
<phase name='codeemit' stamp='0.061'>
<phase_done stamp='0.061'/>
</phase>
<phase name='codeinstall' stamp='0.061'>
<phase_done stamp='0.061'/>
</phase>
<code_cache total_blobs='542' nmethods='179' adapters='277' free_code_cache='250277504'/>
<task_done success='1' nmsize='320' count='393' stamp='0.061'/>
</task>
<task compile_id='183' method='java.lang.AbstractStringBuilder append (Ljava/lang/String;)Ljava/lang/AbstractStringBuilder;' bytes='45' count='393' iicount='393' level='3' stamp='0.061'>
<phase name='setup' stamp='0.061'>
<phase_done stamp='0.061'/>
</phase>
<phase name='buildIR' stamp='0.061'>
<klass id='1192' name='java.lang.AbstractStringBuilder' flags='1024'/>
<klass id='1120' name='java.lang.String' flags='17'/>
<method id='1249' holder='1192' name='append' return='1192' arguments='1120' flags='1' bytes='45' iicount='393'/>
<parse method='1249'  stamp='0.061'>
<phase name='parse_hir' stamp='0.061'>
<bc code='182' bci='5'/>
<method id='1251' holder='1192' name='appendNull' return='1192' flags='2' bytes='83' iicount='1'/>
<call method='1251' instr='invokevirtual'/>
<inline_fail reason='callee is too large'/>
<bc code='182' bci='10'/>
<type id='1112' name='int'/>
<method id='1253' holder='1120' name='length' return='1112' flags='1' bytes='11' compile_id='6' compiler='c1' level='3' iicount='4416'/>
<call method='1253' instr='invokevirtual'/>
<inline_success reason='inline'/>
<parse method='1253'>
<bc code='182' bci='6'/>
<type id='1110' name='byte'/>
<method id='1255' holder='1120' name='coder' return='1110' flags='0' bytes='15' compile_id='5' compiler='c1' level='3' iicount='7287'/>
<call method='1255' instr='invokevirtual'/>
<inline_success reason='inline'/>
<parse method='1255'>
<parse_done stamp='0.061'/>
</parse>
<parse_done stamp='0.061'/>
</parse>
<bc code='182' bci='21'/>
<type id='1114' name='void'/>
<method id='1258' holder='1192' name='ensureCapacityInternal' return='1114' arguments='1112' flags='2' bytes='39' compile_id='149' compiler='c1' level='3' iicount='559'/>
<call method='1258' instr='invokevirtual'/>
<inline_fail reason='callee is too large'/>
<bc code='182' bci='30'/>
<method id='1260' holder='1192' name='putStringAt' return='1114' arguments='1112 1120' flags='2' bytes='12' compile_id='166' compiler='c1' level='3' iicount='393'/>
<call method='1260' instr='invokevirtual'/>
<inline_fail reason='callee uses too much stack'/>
<phase_done stamp='0.061'/>
</phase>
<parse_done stamp='0.061'/>
</parse>
<phase name='optimize_blocks' stamp='0.061'>
<phase_done stamp='0.061'/>
</phase>
<phase name='gvn' stamp='0.061'>
<phase_done stamp='0.061'/>
</phase>
<phase name='rangeCheckElimination' stamp='0.061'>
<phase_done stamp='0.061'/>
</phase>
<phase name='optimize_null_checks' stamp='0.061'>
<phase_done stamp='0.061'/>
</phase>
<phase_done stamp='0.061'/>
</phase>
<phase name='emit_lir' stamp='0.061'>
<phase name='lirGeneration' stamp='0.061'>
<phase_done stamp='0.061'/>
</phase>
<phase name='linearScan' stamp='0.061'>
<phase_done stamp='0.061'/>
</phase>
<phase_done stamp='0.061'/>
</phase>
<phase name='codeemit' stamp='0.061'>
<phase_done stamp='0.061'/>
</phase>
<phase name='codeinstall' stamp='0.061'>
<phase_done stamp='0.061'/>
</phase>
<code_cache total_blobs='543' nmethods='180' adapters='277' free_code_cache='250275840'/>
<task_done success='1' nmsize='800' count='393' inlined_bytes='26' stamp='0.061'/>
</task>
<task compile_id='179' method='java.nio.Buffer position ()I' bytes='5' count='162' iicount='162' level='1' stamp='0.062'>
<phase name='setup' stamp='0.062'>
<phase_done stamp='0.062'/>
</phase>
<phase name='buildIR' stamp='0.062'>
<type id='1112' name='int'/>
<klass id='1213' name='java.nio.Buffer' flags='1025'/>
<method id='1249' holder='1213' name='position' return='1112' flags='17' bytes='5' iicount='164'/>
<parse method='1249'  stamp='0.062'>
<phase name='parse_hir' stamp='0.062'>
<phase_done stamp='0.062'/>
</phase>
<parse_done stamp='0.062'/>
</parse>
<phase name='optimize_blocks' stamp='0.062'>
<phase_done stamp='0.062'/>
</phase>
<phase name='gvn' stamp='0.062'>
<phase_done stamp='0.062'/>
</phase>
<phase name='rangeCheckElimination' stamp='0.062'>
<phase_done stamp='0.062'/>
</phase>
<phase name='optimize_null_checks' stamp='0.062'>
<phase_done stamp='0.062'/>
</phase>
<phase_done stamp='0.062'/>
</phase>
<phase name='emit_lir' stamp='0.062'>
<phase name='lirGeneration' stamp='0.062'>
<phase_done stamp='0.062'/>
</phase>
<phase name='linearScan' stamp='0.062'>
<phase_done stamp='0.062'/>
</phase>
<phase_done stamp='0.062'/>
</phase>
<phase name='codeemit' stamp='0.062'>
<phase_done stamp='0.062'/>
</phase>
<phase name='codeinstall' stamp='0.062'>
<phase_done stamp='0.062'/>
</phase>
<code_cache total_blobs='544' nmethods='181' adapters='277' free_code_cache='250275072'/>
<task_done success='1' nmsize='208' count='167' stamp='0.062'/>
</task>
<task compile_id='184' method='jdk.internal.util.jar.JarIndex addToList (Ljava/lang/String;Ljava/lang/String;Ljava/util/HashMap;)V' bytes='59' count='398' iicount='399' level='3' stamp='0.062'>
<phase name='setup' stamp='0.062'>
<phase_done stamp='0.062'/>
</phase>
<phase name='buildIR' stamp='0.062'>
<type id='1114' name='void'/>
<klass id='1120' name='java.lang.String' flags='17'/>
<klass id='1250' name='java.util.HashMap' flags='1'/>
<klass id='1249' name='jdk.internal.util.jar.JarIndex' flags='1'/>
<method id='1251' holder='1249' name='addToList' return='1114' arguments='1120 1120 1250' flags='2' bytes='59' iicount='402'/>
<parse method='1251'  stamp='0.062'>
<phase name='parse_hir' stamp='0.062'>
<bc code='182' bci='2'/>
<klass id='1119' name='java.lang.Object' flags='1'/>
<method id='1253' holder='1250' name='get' return='1119' arguments='1119' flags='1' bytes='19' compile_id='89' compiler='c1' level='3' iicount='2195'/>
<call method='1253' instr='invokevirtual'/>
<inline_fail reason='no static binding'/>
<bc code='192' bci='5'/>
<klass id='1254' name='java.util.LinkedList' flags='1'/>
<dependency type='leaf_type' ctxk='1254'/>
<bc code='183' bci='19'/>
<method id='1255' holder='1254' name='&lt;init&gt;' return='1114' flags='1' bytes='10' iicount='209'/>
<call method='1255' instr='invokespecial'/>
<inline_success reason='inline'/>
<parse method='1255'>
<bc code='183' bci='1'/>
<klass id='1257' name='java.util.AbstractSequentialList' flags='1025'/>
<method id='1258' holder='1257' name='&lt;init&gt;' return='1114' flags='4' bytes='5' iicount='209'/>
<call method='1258' instr='invokespecial'/>
<inline_success reason='inline'/>
<parse method='1258'>
<bc code='183' bci='1'/>
<klass id='1210' name='java.util.AbstractList' flags='1025'/>
<method id='1260' holder='1210' name='&lt;init&gt;' return='1114' flags='4' bytes='10' iicount='236'/>
<call method='1260' instr='invokespecial'/>
<inline_success reason='inline'/>
<parse method='1260'>
<bc code='183' bci='1'/>
<klass id='1209' name='java.util.AbstractCollection' flags='1025'/>
<method id='1262' holder='1209' name='&lt;init&gt;' return='1114' flags='4' bytes='5' compile_id='16' compiler='c1' level='3' iicount='1419'/>
<call method='1262' instr='invokespecial'/>
<inline_success reason='inline'/>
<parse method='1262'>
<bc code='183' bci='1'/>
<method id='1264' holder='1119' name='&lt;init&gt;' return='1114' flags='1' bytes='1' compile_id='13' compiler='c2' level='4' iicount='10669'/>
<call method='1264' instr='invokespecial'/>
<inline_success reason='inline'/>
<parse method='1264'>
<parse_done stamp='0.062'/>
</parse>
<parse_done stamp='0.062'/>
</parse>
<parse_done stamp='0.062'/>
</parse>
<parse_done stamp='0.062'/>
</parse>
<parse_done stamp='0.062'/>
</parse>
<bc code='182' bci='27'/>
<type id='1106' name='boolean'/>
<method id='1266' holder='1254' name='add' return='1106' arguments='1119' flags='1' bytes='7' iicount='402'/>
<call method='1266' instr='invokevirtual'/>
<inline_success reason='inline'/>
<dependency type='leaf_type' ctxk='1254'/>
<parse method='1266'>
<bc code='182' bci='2'/>
<method id='1268' holder='1254' name='linkLast' return='1114' arguments='1119' flags='0' bytes='59' iicount='402'/>
<call method='1268' instr='invokevirtual'/>
<inline_fail reason='callee is too large'/>
<dependency type='leaf_type' ctxk='1254'/>
<parse_done stamp='0.062'/>
</parse>
<bc code='182' bci='35'/>
<method id='1270' holder='1250' name='put' return='1119' arguments='1119 1119' flags='1' bytes='13' compile_id='88' compiler='c1' level='3' iicount='3197'/>
<call method='1270' instr='invokevirtual'/>
<dependency type='unique_concrete_method_4' ctxk='1250' x='1270' x2='1250' x3='1270'/>
<inline_fail reason='callee uses too much stack'/>
<bc code='182' bci='45'/>
<method id='1272' holder='1254' name='contains' return='1106' arguments='1119' flags='1' bytes='14' iicount='193'/>
<call method='1272' instr='invokevirtual'/>
<dependency type='leaf_type' ctxk='1254'/>
<inline_success reason='inline'/>
<dependency type='leaf_type' ctxk='1254'/>
<parse method='1272'>
<bc code='182' bci='2'/>
<type id='1112' name='int'/>
<method id='1274' holder='1254' name='indexOf' return='1112' arguments='1119' flags='1' bytes='73' compile_id='178' compiler='c1' level='3' iicount='193'/>
<call method='1274' instr='invokevirtual'/>
<dependency type='leaf_type' ctxk='1254'/>
<inline_fail reason='callee is too large'/>
<dependency type='leaf_type' ctxk='1254'/>
<parse_done stamp='0.062'/>
</parse>
<bc code='182' bci='54'/>
<call method='1266' instr='invokevirtual'/>
<dependency type='leaf_type' ctxk='1254'/>
<inline_success reason='inline'/>
<dependency type='leaf_type' ctxk='1254'/>
<parse method='1266'>
<bc code='182' bci='2'/>
<call method='1268' instr='invokevirtual'/>
<dependency type='leaf_type' ctxk='1254'/>
<inline_fail reason='callee is too large'/>
<dependency type='leaf_type' ctxk='1254'/>
<parse_done stamp='0.062'/>
</parse>
<phase_done stamp='0.062'/>
</phase>
<parse_done stamp='0.062'/>
</parse>
<phase name='optimize_blocks' stamp='0.062'>
<phase_done stamp='0.062'/>
</phase>
<phase name='gvn' stamp='0.062'>
<phase_done stamp='0.062'/>
</phase>
<phase name='rangeCheckElimination' stamp='0.062'>
<phase_done stamp='0.062'/>
</phase>
<phase name='optimize_null_checks' stamp='0.062'>
<phase_done stamp='0.062'/>
</phase>
<phase_done stamp='0.062'/>
</phase>
<phase name='emit_lir' stamp='0.062'>
<phase name='lirGeneration' stamp='0.062'>
<phase_done stamp='0.062'/>
</phase>
<phase name='linearScan' stamp='0.062'>
<phase_done stamp='0.062'/>
</phase>
<phase_done stamp='0.062'/>
</phase>
<phase name='codeemit' stamp='0.062'>
<phase_done stamp='0.062'/>
</phase>
<phase name='codeinstall' stamp='0.062'>
<dependency type='leaf_type' ctxk='1254'/>
<dependency type='unique_concrete_method_4' ctxk='1250' x='1270' x2='1250' x3='1270'/>
<phase_done stamp='0.062'/>
</phase>
<code_cache total_blobs='545' nmethods='182' adapters='277' free_code_cache='250271232'/>
<task_done success='1' nmsize='2368' count='402' inlined_bytes='59' stamp='0.062'/>
</task>
<task compile_id='188' method='java.lang.String getBytes ([BIIBI)V' bytes='46' count='411' iicount='411' level='3' stamp='0.062'>
<phase name='setup' stamp='0.062'>
<phase_done stamp='0.062'/>
</phase>
<phase name='buildIR' stamp='0.062'>
<type id='1114' name='void'/>
<klass id='1241' name='[B' flags='1041'/>
<type id='1112' name='int'/>
<type id='1110' name='byte'/>
<klass id='1120' name='java.lang.String' flags='17'/>
<method id='1249' holder='1120' name='getBytes' return='1114' arguments='1241 1112 1112 1110 1112' flags='0' bytes='46' iicount='411'/>
<parse method='1249'  stamp='0.062'>
<phase name='parse_hir' stamp='0.062'>
<bc code='182' bci='1'/>
<method id='1251' holder='1120' name='coder' return='1110' flags='0' bytes='15' compile_id='5' compiler='c1' level='3' iicount='7584'/>
<call method='1251' instr='invokevirtual'/>
<inline_success reason='inline'/>
<parse method='1251'>
<parse_done stamp='0.062'/>
</parse>
<bc code='184' bci='27'/>
<klass id='1119' name='java.lang.Object' flags='1'/>
<klass id='1125' name='java.lang.System' flags='17'/>
<method id='1254' holder='1125' name='arraycopy' return='1114' arguments='1119 1112 1119 1112 1112' flags='265' bytes='0' compile_id='21' compile_kind='c2n' compiler='' level='0' iicount='128'/>
<call method='1254' instr='invokestatic'/>
<inline_success reason='intrinsic'/>
<bc code='184' bci='42'/>
<klass id='1256' name='java.lang.StringLatin1' flags='16'/>
<method id='1257' holder='1256' name='inflate' return='1114' arguments='1241 1112 1241 1112 1112' flags='9' bytes='10' iicount='1'/>
<call method='1257' instr='invokestatic'/>
<inline_fail reason='callee uses too much stack'/>
<phase_done stamp='0.062'/>
</phase>
<parse_done stamp='0.062'/>
</parse>
<phase name='optimize_blocks' stamp='0.062'>
<phase_done stamp='0.062'/>
</phase>
<phase name='gvn' stamp='0.062'>
<phase_done stamp='0.062'/>
</phase>
<phase name='rangeCheckElimination' stamp='0.062'>
<phase_done stamp='0.062'/>
</phase>
<phase name='optimize_null_checks' stamp='0.062'>
<phase_done stamp='0.062'/>
</phase>
<phase_done stamp='0.062'/>
</phase>
<phase name='emit_lir' stamp='0.062'>
<phase name='lirGeneration' stamp='0.062'>
<phase_done stamp='0.062'/>
</phase>
<phase name='linearScan' stamp='0.062'>
<phase_done stamp='0.062'/>
</phase>
<phase_done stamp='0.062'/>
</phase>
<phase name='codeemit' stamp='0.062'>
<phase_done stamp='0.062'/>
</phase>
<phase name='codeinstall' stamp='0.062'>
<phase_done stamp='0.062'/>
</phase>
<code_cache total_blobs='546' nmethods='183' adapters='277' free_code_cache='250269696'/>
<task_done success='1' nmsize='784' count='411' inlined_bytes='15' stamp='0.062'/>
</task>
<task compile_id='185' method='java.util.LinkedList add (Ljava/lang/Object;)Z' bytes='7' count='402' iicount='402' level='3' stamp='0.062'>
<phase name='setup' stamp='0.062'>
<phase_done stamp='0.062'/>
</phase>
<phase name='buildIR' stamp='0.062'>
<type id='1106' name='boolean'/>
<klass id='1119' name='java.lang.Object' flags='1'/>
<klass id='1249' name='java.util.LinkedList' flags='1'/>
<method id='1250' holder='1249' name='add' return='1106' arguments='1119' flags='1' bytes='7' iicount='402'/>
<parse method='1250'  stamp='0.062'>
<phase name='parse_hir' stamp='0.062'>
<bc code='182' bci='2'/>
<type id='1114' name='void'/>
<method id='1252' holder='1249' name='linkLast' return='1114' arguments='1119' flags='0' bytes='59' iicount='402'/>
<call method='1252' instr='invokevirtual'/>
<dependency type='leaf_type' ctxk='1249'/>
<inline_fail reason='callee is too large'/>
<dependency type='leaf_type' ctxk='1249'/>
<phase_done stamp='0.062'/>
</phase>
<parse_done stamp='0.062'/>
</parse>
<phase name='optimize_blocks' stamp='0.062'>
<phase_done stamp='0.062'/>
</phase>
<phase name='gvn' stamp='0.062'>
<phase_done stamp='0.062'/>
</phase>
<phase name='rangeCheckElimination' stamp='0.062'>
<phase_done stamp='0.062'/>
</phase>
<phase name='optimize_null_checks' stamp='0.062'>
<phase_done stamp='0.062'/>
</phase>
<phase_done stamp='0.062'/>
</phase>
<phase name='emit_lir' stamp='0.062'>
<phase name='lirGeneration' stamp='0.062'>
<phase_done stamp='0.062'/>
</phase>
<phase name='linearScan' stamp='0.062'>
<phase_done stamp='0.062'/>
</phase>
<phase_done stamp='0.062'/>
</phase>
<phase name='codeemit' stamp='0.062'>
<phase_done stamp='0.062'/>
</phase>
<phase name='codeinstall' stamp='0.062'>
<dependency type='leaf_type' ctxk='1249'/>
<phase_done stamp='0.062'/>
</phase>
<code_cache total_blobs='547' nmethods='184' adapters='277' free_code_cache='250268800'/>
<task_done success='1' nmsize='320' count='402' stamp='0.062'/>
</task>
<task compile_id='186' method='java.util.LinkedList linkLast (Ljava/lang/Object;)V' bytes='59' count='402' iicount='402' level='3' stamp='0.062'>
<phase name='setup' stamp='0.062'>
<phase_done stamp='0.062'/>
</phase>
<phase name='buildIR' stamp='0.062'>
<type id='1114' name='void'/>
<klass id='1119' name='java.lang.Object' flags='1'/>
<klass id='1249' name='java.util.LinkedList' flags='1'/>
<method id='1250' holder='1249' name='linkLast' return='1114' arguments='1119' flags='0' bytes='59' iicount='402'/>
<parse method='1250'  stamp='0.062'>
<phase name='parse_hir' stamp='0.062'>
<bc code='183' bci='12'/>
<klass id='1252' name='java.util.LinkedList$Node' flags='10'/>
<method id='1253' holder='1252' name='&lt;init&gt;' return='1114' arguments='1252 1119 1252' flags='0' bytes='20' iicount='402'/>
<call method='1253' instr='invokespecial'/>
<inline_success reason='inline'/>
<parse method='1253'>
<bc code='183' bci='1'/>
<method id='1255' holder='1119' name='&lt;init&gt;' return='1114' flags='1' bytes='1' compile_id='13' compiler='c2' level='4' iicount='10677'/>
<call method='1255' instr='invokespecial'/>
<inline_success reason='inline'/>
<parse method='1255'>
<parse_done stamp='0.062'/>
</parse>
<parse_done stamp='0.062'/>
</parse>
<phase_done stamp='0.062'/>
</phase>
<parse_done stamp='0.062'/>
</parse>
<phase name='optimize_blocks' stamp='0.062'>
<phase_done stamp='0.062'/>
</phase>
<phase name='gvn' stamp='0.062'>
<phase_done stamp='0.062'/>
</phase>
<phase name='rangeCheckElimination' stamp='0.062'>
<phase_done stamp='0.062'/>
</phase>
<phase name='optimize_null_checks' stamp='0.062'>
<phase_done stamp='0.062'/>
</phase>
<phase_done stamp='0.062'/>
</phase>
<phase name='emit_lir' stamp='0.062'>
<phase name='lirGeneration' stamp='0.062'>
<phase_done stamp='0.062'/>
</phase>
<phase name='linearScan' stamp='0.062'>
<phase_done stamp='0.062'/>
</phase>
<phase_done stamp='0.062'/>
</phase>
<phase name='codeemit' stamp='0.062'>
<phase_done stamp='0.062'/>
</phase>
<phase name='codeinstall' stamp='0.062'>
<phase_done stamp='0.062'/>
</phase>
<code_cache total_blobs='550' nmethods='185' adapters='277' free_code_cache='250252288'/>
<task_done success='1' nmsize='1168' count='402' inlined_bytes='21' stamp='0.062'/>
</task>
<task compile_id='187' method='java.util.LinkedList$Node &lt;init&gt; (Ljava/util/LinkedList$Node;Ljava/lang/Object;Ljava/util/LinkedList$Node;)V' bytes='20' count='402' iicount='402' level='3' stamp='0.062'>
<phase name='setup' stamp='0.063'>
<phase_done stamp='0.063'/>
</phase>
<phase name='buildIR' stamp='0.063'>
<type id='1114' name='void'/>
<klass id='1249' name='java.util.LinkedList$Node' flags='10'/>
<klass id='1119' name='java.lang.Object' flags='1'/>
<method id='1250' holder='1249' name='&lt;init&gt;' return='1114' arguments='1249 1119 1249' flags='0' bytes='20' iicount='402'/>
<parse method='1250'  stamp='0.063'>
<phase name='parse_hir' stamp='0.063'>
<bc code='183' bci='1'/>
<method id='1252' holder='1119' name='&lt;init&gt;' return='1114' flags='1' bytes='1' compile_id='13' compiler='c2' level='4' iicount='10681'/>
<call method='1252' instr='invokespecial'/>
<dependency type='leaf_type' ctxk='1249'/>
<inline_success reason='inline'/>
<parse method='1252'>
<bc code='177' bci='0'/>
<dependency type='leaf_type' ctxk='1249'/>
<parse_done stamp='0.063'/>
</parse>
<phase_done stamp='0.063'/>
</phase>
<parse_done stamp='0.063'/>
</parse>
<phase name='optimize_blocks' stamp='0.063'>
<phase_done stamp='0.063'/>
</phase>
<phase name='gvn' stamp='0.063'>
<phase_done stamp='0.063'/>
</phase>
<phase name='rangeCheckElimination' stamp='0.063'>
<phase_done stamp='0.063'/>
</phase>
<phase name='optimize_null_checks' stamp='0.063'>
<phase_done stamp='0.063'/>
</phase>
<phase_done stamp='0.063'/>
</phase>
<phase name='emit_lir' stamp='0.063'>
<phase name='lirGeneration' stamp='0.063'>
<phase_done stamp='0.063'/>
</phase>
<phase name='linearScan' stamp='0.063'>
<phase_done stamp='0.063'/>
</phase>
<phase_done stamp='0.063'/>
</phase>
<phase name='codeemit' stamp='0.063'>
<phase_done stamp='0.063'/>
</phase>
<phase name='codeinstall' stamp='0.063'>
<dependency type='leaf_type' ctxk='1249'/>
<phase_done stamp='0.063'/>
</phase>
<code_cache total_blobs='550' nmethods='187' adapters='277' free_code_cache='250264064'/>
<task_done success='1' nmsize='656' count='446' inlined_bytes='1' stamp='0.063'/>
</task>
<task compile_id='189' method='java.lang.String endsWith (Ljava/lang/String;)Z' bytes='15' count='404' iicount='404' level='3' stamp='0.063'>
<phase name='setup' stamp='0.063'>
<phase_done stamp='0.063'/>
</phase>
<phase name='buildIR' stamp='0.063'>
<type id='1106' name='boolean'/>
<klass id='1120' name='java.lang.String' flags='17'/>
<method id='1249' holder='1120' name='endsWith' return='1106' arguments='1120' flags='1' bytes='15' iicount='406'/>
<parse method='1249'  stamp='0.063'>
<phase name='parse_hir' stamp='0.063'>
<bc code='182' bci='3'/>
<type id='1112' name='int'/>
<method id='1251' holder='1120' name='length' return='1112' flags='1' bytes='11' compile_id='6' compiler='c1' level='3' iicount='4746'/>
<call method='1251' instr='invokevirtual'/>
<inline_success reason='inline'/>
<parse method='1251'>
<bc code='182' bci='6'/>
<type id='1110' name='byte'/>
<method id='1253' holder='1120' name='coder' return='1110' flags='0' bytes='15' compile_id='5' compiler='c1' level='3' iicount='7828'/>
<call method='1253' instr='invokevirtual'/>
<inline_success reason='inline'/>
<parse method='1253'>
<parse_done stamp='0.063'/>
</parse>
<parse_done stamp='0.063'/>
</parse>
<bc code='182' bci='7'/>
<call method='1251' instr='invokevirtual'/>
<inline_success reason='inline'/>
<parse method='1251'>
<bc code='182' bci='6'/>
<call method='1253' instr='invokevirtual'/>
<inline_success reason='inline'/>
<parse method='1253'>
<parse_done stamp='0.063'/>
</parse>
<parse_done stamp='0.063'/>
</parse>
<bc code='182' bci='11'/>
<method id='1256' holder='1120' name='startsWith' return='1106' arguments='1120 1112' flags='1' bytes='138' compile_id='150' compiler='c1' level='3' iicount='661'/>
<call method='1256' instr='invokevirtual'/>
<inline_fail reason='callee is too large'/>
<phase_done stamp='0.063'/>
</phase>
<parse_done stamp='0.063'/>
</parse>
<phase name='optimize_blocks' stamp='0.063'>
<phase_done stamp='0.063'/>
</phase>
<phase name='gvn' stamp='0.063'>
<phase_done stamp='0.063'/>
</phase>
<phase name='rangeCheckElimination' stamp='0.063'>
<phase_done stamp='0.063'/>
</phase>
<phase name='optimize_null_checks' stamp='0.063'>
<phase_done stamp='0.063'/>
</phase>
<phase_done stamp='0.063'/>
</phase>
<phase name='emit_lir' stamp='0.063'>
<phase name='lirGeneration' stamp='0.063'>
<phase_done stamp='0.063'/>
</phase>
<phase name='linearScan' stamp='0.063'>
<phase_done stamp='0.063'/>
</phase>
<phase_done stamp='0.063'/>
</phase>
<phase name='codeemit' stamp='0.063'>
<phase_done stamp='0.063'/>
</phase>
<phase name='codeinstall' stamp='0.063'>
<phase_done stamp='0.063'/>
</phase>
<code_cache total_blobs='551' nmethods='188' adapters='277' free_code_cache='250262272'/>
<task_done success='1' nmsize='832' count='410' inlined_bytes='52' stamp='0.063'/>
</task>
<task compile_id='180' method='java.net.URL getProtocol ()Ljava/lang/String;' bytes='5' count='151' iicount='151' level='1' stamp='0.063'>
<phase name='setup' stamp='0.063'>
<phase_done stamp='0.063'/>
</phase>
<phase name='buildIR' stamp='0.063'>
<klass id='1120' name='java.lang.String' flags='17'/>
<klass id='1200' name='java.net.URL' flags='17'/>
<method id='1249' holder='1200' name='getProtocol' return='1120' flags='1' bytes='5' iicount='151'/>
<parse method='1249'  stamp='0.063'>
<phase name='parse_hir' stamp='0.063'>
<phase_done stamp='0.063'/>
</phase>
<parse_done stamp='0.063'/>
</parse>
<phase name='optimize_blocks' stamp='0.063'>
<phase_done stamp='0.063'/>
</phase>
<phase name='gvn' stamp='0.063'>
<phase_done stamp='0.063'/>
</phase>
<phase name='rangeCheckElimination' stamp='0.063'>
<phase_done stamp='0.063'/>
</phase>
<phase name='optimize_null_checks' stamp='0.063'>
<phase_done stamp='0.063'/>
</phase>
<phase_done stamp='0.063'/>
</phase>
<phase name='emit_lir' stamp='0.063'>
<phase name='lirGeneration' stamp='0.063'>
<phase_done stamp='0.063'/>
</phase>
<phase name='linearScan' stamp='0.063'>
<phase_done stamp='0.063'/>
</phase>
<phase_done stamp='0.063'/>
</phase>
<phase name='codeemit' stamp='0.063'>
<phase_done stamp='0.063'/>
</phase>
<phase name='codeinstall' stamp='0.063'>
<phase_done stamp='0.063'/>
</phase>
<code_cache total_blobs='552' nmethods='189' adapters='277' free_code_cache='250261504'/>
<task_done success='1' nmsize='208' count='151' stamp='0.063'/>
</task>
<task compile_id='190' method='java.util.Arrays copyOfRange ([BII)[B' bytes='64' count='513' iicount='513' level='3' stamp='0.063'>
<phase name='setup' stamp='0.063'>
<phase_done stamp='0.063'/>
</phase>
<phase name='buildIR' stamp='0.063'>
<klass id='1241' name='[B' flags='1041'/>
<type id='1112' name='int'/>
<klass id='1249' name='java.util.Arrays' flags='1'/>
<method id='1250' holder='1249' name='copyOfRange' return='1241' arguments='1241 1112 1112' flags='9' bytes='64' iicount='513'/>
<parse method='1250'  stamp='0.063'>
<phase name='parse_hir' stamp='0.063'>
<bc code='183' bci='16'/>
<type id='1114' name='void'/>
<klass id='1194' name='java.lang.StringBuilder' flags='17'/>
<method id='1253' holder='1194' name='&lt;init&gt;' return='1114' flags='1' bytes='7' iicount='173'/>
<call method='1253' instr='invokespecial'/>
<inline_success reason='inline'/>
<parse method='1253'>
<bc code='183' bci='3'/>
<klass id='1192' name='java.lang.AbstractStringBuilder' flags='1024'/>
<method id='1255' holder='1192' name='&lt;init&gt;' return='1114' arguments='1112' flags='0' bytes='39' iicount='187'/>
<call method='1255' instr='invokespecial'/>
<inline_fail reason='callee is too large'/>
<parse_done stamp='0.063'/>
</parse>
<bc code='182' bci='20'/>
<method id='1257' holder='1194' name='append' return='1194' arguments='1112' flags='1' bytes='8' iicount='24'/>
<call method='1257' instr='invokevirtual'/>
<inline_success reason='inline'/>
<parse method='1257'>
<bc code='183' bci='2'/>
<method id='1259' holder='1192' name='append' return='1192' arguments='1112' flags='1' bytes='55' iicount='24'/>
<call method='1259' instr='invokespecial'/>
<inline_fail reason='callee is too large'/>
<parse_done stamp='0.063'/>
</parse>
<bc code='182' bci='26'/>
<klass id='1120' name='java.lang.String' flags='17'/>
<method id='1262' holder='1194' name='append' return='1194' arguments='1120' flags='1' bytes='8' compile_id='182' compiler='c1' level='3' iicount='429'/>
<call method='1262' instr='invokevirtual'/>
<inline_success reason='inline'/>
<parse method='1262'>
<bc code='183' bci='2'/>
<method id='1264' holder='1192' name='append' return='1192' arguments='1120' flags='1' bytes='45' compile_id='183' compiler='c1' level='3' iicount='429'/>
<call method='1264' instr='invokespecial'/>
<inline_fail reason='callee is too large'/>
<parse_done stamp='0.063'/>
</parse>
<bc code='182' bci='30'/>
<call method='1257' instr='invokevirtual'/>
<inline_success reason='inline'/>
<parse method='1257'>
<bc code='183' bci='2'/>
<call method='1259' instr='invokespecial'/>
<inline_fail reason='callee is too large'/>
<parse_done stamp='0.063'/>
</parse>
<bc code='182' bci='33'/>
<method id='1266' holder='1194' name='toString' return='1120' flags='1' bytes='35' iicount='187'/>
<call method='1266' instr='invokevirtual'/>
<inline_success reason='inline'/>
<parse method='1266'>
<bc code='182' bci='1'/>
<type id='1106' name='boolean'/>
<method id='1268' holder='1192' name='isLatin1' return='1106' flags='16' bytes='19' iicount='355'/>
<call method='1268' instr='invokevirtual'/>
<inline_success reason='inline'/>
<parse method='1268'>
<parse_done stamp='0.063'/>
</parse>
<bc code='184' bci='16'/>
<klass id='1271' name='java.lang.StringLatin1' flags='16'/>
<method id='1272' holder='1271' name='newString' return='1120' arguments='1241 1112 1112' flags='9' bytes='24' iicount='437'/>
<call method='1272' instr='invokestatic'/>
<inline_fail reason='callee uses too much stack'/>
<bc code='184' bci='31'/>
<klass id='1274' name='java.lang.StringUTF16' flags='16'/>
<method id='1275' holder='1274' name='newString' return='1120' arguments='1241 1112 1112' flags='9' bytes='58' iicount='1'/>
<call method='1275' instr='invokestatic'/>
<inline_fail reason='callee is too large'/>
<parse_done stamp='0.063'/>
</parse>
<bc code='183' bci='36'/>
<klass id='1252' name='java.lang.IllegalArgumentException' flags='1'/>
<method id='1277' holder='1252' name='&lt;init&gt;' return='1114' arguments='1120' flags='1' bytes='6' iicount='1'/>
<call method='1277' instr='invokespecial'/>
<inline_fail reason='don&apos;t inline Throwable constructors'/>
<bc code='184' bci='55'/>
<klass id='1279' name='java.lang.Math' flags='17'/>
<method id='1280' holder='1279' name='min' return='1112' arguments='1112 1112' flags='9' bytes='11' compile_id='62' compiler='c1' level='3' iicount='1061'/>
<call method='1280' instr='invokestatic'/>
<inline_success reason='inline'/>
<parse method='1280'>
<parse_done stamp='0.063'/>
</parse>
<bc code='184' bci='58'/>
<klass id='1119' name='java.lang.Object' flags='1'/>
<klass id='1125' name='java.lang.System' flags='17'/>
<method id='1282' holder='1125' name='arraycopy' return='1114' arguments='1119 1112 1119 1112 1112' flags='265' bytes='0' compile_id='21' compile_kind='c2n' compiler='' level='0' iicount='128'/>
<call method='1282' instr='invokestatic'/>
<inline_success reason='intrinsic'/>
<phase_done stamp='0.063'/>
</phase>
<parse_done stamp='0.063'/>
</parse>
<phase name='optimize_blocks' stamp='0.063'>
<phase_done stamp='0.063'/>
</phase>
<phase name='gvn' stamp='0.063'>
<phase_done stamp='0.063'/>
</phase>
<phase name='rangeCheckElimination' stamp='0.063'>
<phase_done stamp='0.063'/>
</phase>
<phase name='optimize_null_checks' stamp='0.063'>
<phase_done stamp='0.063'/>
</phase>
<phase_done stamp='0.063'/>
</phase>
<phase name='emit_lir' stamp='0.063'>
<phase name='lirGeneration' stamp='0.063'>
<phase_done stamp='0.063'/>
</phase>
<phase name='linearScan' stamp='0.063'>
<phase_done stamp='0.063'/>
</phase>
<phase_done stamp='0.063'/>
</phase>
<phase name='codeemit' stamp='0.063'>
<phase_done stamp='0.063'/>
</phase>
<phase name='codeinstall' stamp='0.063'>
<phase_done stamp='0.063'/>
</phase>
<code_cache total_blobs='553' nmethods='190' adapters='277' free_code_cache='250257664'/>
<task_done success='1' nmsize='2256' count='521' inlined_bytes='96' stamp='0.063'/>
</task>
<task compile_id='191' method='java.util.Objects requireNonNull (Ljava/lang/Object;Ljava/lang/String;)Ljava/lang/Object;' bytes='15' count='268' iicount='268' level='3' stamp='0.063'>
<phase name='setup' stamp='0.063'>
<phase_done stamp='0.063'/>
</phase>
<phase name='buildIR' stamp='0.064'>
<klass id='1119' name='java.lang.Object' flags='1'/>
<klass id='1120' name='java.lang.String' flags='17'/>
<klass id='1249' name='java.util.Objects' flags='17'/>
<method id='1250' holder='1249' name='requireNonNull' return='1119' arguments='1119 1120' flags='9' bytes='15' iicount='269'/>
<parse method='1250'  stamp='0.064'>
<phase name='parse_hir' stamp='0.064'>
<bc code='183' bci='9'/>
<type id='1114' name='void'/>
<klass id='1245' name='java.lang.NullPointerException' flags='1'/>
<method id='1252' holder='1245' name='&lt;init&gt;' return='1114' arguments='1120' flags='1' bytes='6' iicount='1'/>
<call method='1252' instr='invokespecial'/>
<inline_fail reason='don&apos;t inline Throwable constructors'/>
<phase_done stamp='0.064'/>
</phase>
<parse_done stamp='0.064'/>
</parse>
<phase name='optimize_blocks' stamp='0.064'>
<phase_done stamp='0.064'/>
</phase>
<phase name='gvn' stamp='0.064'>
<phase_done stamp='0.064'/>
</phase>
<phase name='rangeCheckElimination' stamp='0.064'>
<phase_done stamp='0.064'/>
</phase>
<phase name='optimize_null_checks' stamp='0.064'>
<phase_done stamp='0.064'/>
</phase>
<phase_done stamp='0.064'/>
</phase>
<phase name='emit_lir' stamp='0.064'>
<phase name='lirGeneration' stamp='0.064'>
<phase_done stamp='0.064'/>
</phase>
<phase name='linearScan' stamp='0.064'>
<phase_done stamp='0.064'/>
</phase>
<phase_done stamp='0.064'/>
</phase>
<phase name='codeemit' stamp='0.064'>
<phase_done stamp='0.064'/>
</phase>
<phase name='codeinstall' stamp='0.064'>
<phase_done stamp='0.064'/>
</phase>
<code_cache total_blobs='554' nmethods='191' adapters='277' free_code_cache='250256512'/>
<task_done success='1' nmsize='480' count='270' stamp='0.064'/>
</task>
<task compile_id='192' method='java.util.zip.Inflater$InflaterZStreamRef address ()J' bytes='5' count='136' iicount='136' level='1' stamp='0.064'>
<phase name='setup' stamp='0.064'>
<phase_done stamp='0.064'/>
</phase>
<phase name='buildIR' stamp='0.064'>
<type id='1113' name='long'/>
<klass id='1249' name='java.util.zip.Inflater$InflaterZStreamRef' flags='8'/>
<method id='1250' holder='1249' name='address' return='1113' flags='0' bytes='5' iicount='136'/>
<parse method='1250'  stamp='0.064'>
<phase name='parse_hir' stamp='0.064'>
<phase_done stamp='0.064'/>
</phase>
<parse_done stamp='0.064'/>
</parse>
<phase name='optimize_blocks' stamp='0.064'>
<phase_done stamp='0.064'/>
</phase>
<phase name='gvn' stamp='0.064'>
<phase_done stamp='0.064'/>
</phase>
<phase name='rangeCheckElimination' stamp='0.064'>
<phase_done stamp='0.064'/>
</phase>
<phase name='optimize_null_checks' stamp='0.064'>
<phase_done stamp='0.064'/>
</phase>
<phase_done stamp='0.064'/>
</phase>
<phase name='emit_lir' stamp='0.064'>
<phase name='lirGeneration' stamp='0.064'>
<phase_done stamp='0.064'/>
</phase>
<phase name='linearScan' stamp='0.064'>
<phase_done stamp='0.064'/>
</phase>
<phase_done stamp='0.064'/>
</phase>
<phase name='codeemit' stamp='0.064'>
<phase_done stamp='0.064'/>
</phase>
<phase name='codeinstall' stamp='0.064'>
<phase_done stamp='0.064'/>
</phase>
<code_cache total_blobs='556' nmethods='193' adapters='277' free_code_cache='250254720'/>
<task_done success='1' nmsize='208' count='140' stamp='0.064'/>
</task>
<task compile_id='194' method='java.nio.Buffer limit ()I' bytes='5' count='128' iicount='128' level='1' stamp='0.064'>
<phase name='setup' stamp='0.064'>
<phase_done stamp='0.064'/>
</phase>
<phase name='buildIR' stamp='0.064'>
<type id='1112' name='int'/>
<klass id='1213' name='java.nio.Buffer' flags='1025'/>
<method id='1249' holder='1213' name='limit' return='1112' flags='17' bytes='5' iicount='128'/>
<parse method='1249'  stamp='0.064'>
<phase name='parse_hir' stamp='0.064'>
<phase_done stamp='0.064'/>
</phase>
<parse_done stamp='0.064'/>
</parse>
<phase name='optimize_blocks' stamp='0.064'>
<phase_done stamp='0.064'/>
</phase>
<phase name='gvn' stamp='0.064'>
<phase_done stamp='0.064'/>
</phase>
<phase name='rangeCheckElimination' stamp='0.064'>
<phase_done stamp='0.064'/>
</phase>
<phase name='optimize_null_checks' stamp='0.064'>
<phase_done stamp='0.064'/>
</phase>
<phase_done stamp='0.064'/>
</phase>
<phase name='emit_lir' stamp='0.064'>
<phase name='lirGeneration' stamp='0.064'>
<phase_done stamp='0.064'/>
</phase>
<phase name='linearScan' stamp='0.064'>
<phase_done stamp='0.064'/>
</phase>
<phase_done stamp='0.064'/>
</phase>
<phase name='codeemit' stamp='0.064'>
<phase_done stamp='0.064'/>
</phase>
<phase name='codeinstall' stamp='0.064'>
<phase_done stamp='0.064'/>
</phase>
<code_cache total_blobs='557' nmethods='194' adapters='277' free_code_cache='250253952'/>
<task_done success='1' nmsize='208' count='130' stamp='0.064'/>
</task>
<task compile_id='196' method='jdk.internal.util.jar.JarIndex addMapping (Ljava/lang/String;Ljava/lang/String;)V' bytes='21' count='257' iicount='257' level='3' stamp='0.064'>
<phase name='setup' stamp='0.064'>
<phase_done stamp='0.064'/>
</phase>
<phase name='buildIR' stamp='0.064'>
<type id='1114' name='void'/>
<klass id='1120' name='java.lang.String' flags='17'/>
<klass id='1249' name='jdk.internal.util.jar.JarIndex' flags='1'/>
<method id='1250' holder='1249' name='addMapping' return='1114' arguments='1120 1120' flags='2' bytes='21' iicount='257'/>
<parse method='1250'  stamp='0.064'>
<phase name='parse_hir' stamp='0.064'>
<bc code='182' bci='7'/>
<klass id='1252' name='java.util.HashMap' flags='1'/>
<method id='1253' holder='1249' name='addToList' return='1114' arguments='1120 1120 1252' flags='2' bytes='59' compile_id='184' compiler='c1' level='3' iicount='514'/>
<call method='1253' instr='invokevirtual'/>
<dependency type='leaf_type' ctxk='1249'/>
<inline_fail reason='callee is too large'/>
<bc code='182' bci='17'/>
<call method='1253' instr='invokevirtual'/>
<dependency type='leaf_type' ctxk='1249'/>
<inline_fail reason='callee is too large'/>
<phase_done stamp='0.064'/>
</phase>
<parse_done stamp='0.064'/>
</parse>
<phase name='optimize_blocks' stamp='0.064'>
<phase_done stamp='0.064'/>
</phase>
<phase name='gvn' stamp='0.064'>
<phase_done stamp='0.064'/>
</phase>
<phase name='rangeCheckElimination' stamp='0.064'>
<phase_done stamp='0.064'/>
</phase>
<phase name='optimize_null_checks' stamp='0.064'>
<phase_done stamp='0.064'/>
</phase>
<phase_done stamp='0.064'/>
</phase>
<phase name='emit_lir' stamp='0.064'>
<phase name='lirGeneration' stamp='0.064'>
<phase_done stamp='0.065'/>
</phase>
<phase name='linearScan' stamp='0.065'>
<phase_done stamp='0.065'/>
</phase>
<phase_done stamp='0.065'/>
</phase>
<phase name='codeemit' stamp='0.065'>
<phase_done stamp='0.065'/>
</phase>
<phase name='codeinstall' stamp='0.065'>
<dependency type='leaf_type' ctxk='1249'/>
<phase_done stamp='0.065'/>
</phase>
<code_cache total_blobs='558' nmethods='195' adapters='277' free_code_cache='250252800'/>
<task_done success='1' nmsize='432' count='257' stamp='0.065'/>
</task>
<task compile_id='198' method='java.lang.StringCoding hasNegatives ([BII)Z' bytes='25' count='124' backedge_count='10303' iicount='124' level='3' stamp='0.065'>
<phase name='setup' stamp='0.065'>
<phase_done stamp='0.065'/>
</phase>
<phase name='buildIR' stamp='0.065'>
<type id='1106' name='boolean'/>
<klass id='1241' name='[B' flags='1041'/>
<type id='1112' name='int'/>
<klass id='1249' name='java.lang.StringCoding' flags='0'/>
<method id='1250' holder='1249' name='hasNegatives' return='1106' arguments='1241 1112 1112' flags='9' bytes='25' iicount='124'/>
<parse method='1250'  stamp='0.065'>
<phase name='parse_hir' stamp='0.065'>
<phase_done stamp='0.065'/>
</phase>
<parse_done stamp='0.065'/>
</parse>
<phase name='optimize_blocks' stamp='0.065'>
<phase_done stamp='0.065'/>
</phase>
<phase name='gvn' stamp='0.065'>
<phase_done stamp='0.065'/>
</phase>
<phase name='rangeCheckElimination' stamp='0.065'>
<phase_done stamp='0.065'/>
</phase>
<phase name='optimize_null_checks' stamp='0.065'>
<phase_done stamp='0.065'/>
</phase>
<phase_done stamp='0.065'/>
</phase>
<phase name='emit_lir' stamp='0.065'>
<phase name='lirGeneration' stamp='0.065'>
<phase_done stamp='0.065'/>
</phase>
<phase name='linearScan' stamp='0.065'>
<phase_done stamp='0.065'/>
</phase>
<phase_done stamp='0.065'/>
</phase>
<phase name='codeemit' stamp='0.065'>
<phase_done stamp='0.065'/>
</phase>
<phase name='codeinstall' stamp='0.065'>
<phase_done stamp='0.065'/>
</phase>
<code_cache total_blobs='559' nmethods='196' adapters='277' free_code_cache='250251520'/>
<task_done success='1' nmsize='560' count='126' backedge_count='10343' stamp='0.065'/>
</task>
<task compile_id='197' method='java.lang.StringLatin1 lastIndexOf ([BII)I' bytes='40' count='102' backedge_count='6272' iicount='102' level='3' stamp='0.065'>
<phase name='setup' stamp='0.065'>
<phase_done stamp='0.065'/>
</phase>
<phase name='buildIR' stamp='0.065'>
<type id='1112' name='int'/>
<klass id='1241' name='[B' flags='1041'/>
<klass id='1249' name='java.lang.StringLatin1' flags='16'/>
<method id='1250' holder='1249' name='lastIndexOf' return='1112' arguments='1241 1112 1112' flags='9' bytes='40' iicount='102'/>
<parse method='1250'  stamp='0.065'>
<phase name='parse_hir' stamp='0.065'>
<bc code='184' bci='1'/>
<type id='1106' name='boolean'/>
<method id='1252' holder='1249' name='canEncode' return='1106' arguments='1112' flags='9' bytes='13' compile_id='61' compiler='c1' level='3' iicount='806'/>
<call method='1252' instr='invokestatic'/>
<inline_success reason='inline'/>
<parse method='1252'>
<parse_done stamp='0.065'/>
</parse>
<bc code='184' bci='14'/>
<klass id='1254' name='java.lang.Math' flags='17'/>
<method id='1255' holder='1254' name='min' return='1112' arguments='1112 1112' flags='9' bytes='11' compile_id='62' compiler='c1' level='3' iicount='1151'/>
<call method='1255' instr='invokestatic'/>
<inline_success reason='inline'/>
<parse method='1255'>
<parse_done stamp='0.065'/>
</parse>
<phase_done stamp='0.065'/>
</phase>
<parse_done stamp='0.065'/>
</parse>
<phase name='optimize_blocks' stamp='0.065'>
<phase_done stamp='0.065'/>
</phase>
<phase name='gvn' stamp='0.065'>
<phase_done stamp='0.065'/>
</phase>
<phase name='rangeCheckElimination' stamp='0.065'>
<phase_done stamp='0.065'/>
</phase>
<phase name='optimize_null_checks' stamp='0.065'>
<phase_done stamp='0.065'/>
</phase>
<phase_done stamp='0.065'/>
</phase>
<phase name='emit_lir' stamp='0.065'>
<phase name='lirGeneration' stamp='0.065'>
<phase_done stamp='0.065'/>
</phase>
<phase name='linearScan' stamp='0.065'>
<phase_done stamp='0.065'/>
</phase>
<phase_done stamp='0.065'/>
</phase>
<phase name='codeemit' stamp='0.065'>
<phase_done stamp='0.065'/>
</phase>
<phase name='codeinstall' stamp='0.065'>
<phase_done stamp='0.065'/>
</phase>
<code_cache total_blobs='560' nmethods='197' adapters='277' free_code_cache='250249728'/>
<task_done success='1' nmsize='976' count='102' backedge_count='6272' inlined_bytes='24' stamp='0.065'/>
</task>
<task compile_id='200' method='java.util.HashMap putVal (ILjava/lang/Object;Ljava/lang/Object;ZZ)Ljava/lang/Object;' bytes='300' count='7297' backedge_count='705' iicount='7298' decompiles='1' unstable_if_traps='1' level='3' stamp='0.065'>
<phase name='setup' stamp='0.065'>
<phase_done stamp='0.065'/>
</phase>
<phase name='buildIR' stamp='0.065'>
<klass id='1119' name='java.lang.Object' flags='1'/>
<type id='1112' name='int'/>
<type id='1106' name='boolean'/>
<klass id='1249' name='java.util.HashMap' flags='1'/>
<method id='1250' holder='1249' name='putVal' return='1119' arguments='1112 1119 1119 1106 1106' flags='16' bytes='300' iicount='7306'/>
<parse method='1250'  stamp='0.065'>
<phase name='parse_hir' stamp='0.065'>
<bc code='182' bci='20'/>
<klass id='1255' name='[Ljava.util.HashMap$Node;' flags='1040'/>
<method id='1256' holder='1249' name='resize' return='1255' flags='16' bytes='356' compile_id='106' compiler='c1' level='3' iicount='852'/>
<call method='1256' instr='invokevirtual'/>
<inline_fail reason='callee is too large'/>
<bc code='182' bci='56'/>
<klass id='1253' name='java.util.HashMap$Node' flags='8'/>
<method id='1258' holder='1249' name='newNode' return='1253' arguments='1112 1119 1119 1253' flags='0' bytes='13' compile_id='135' compiler='c2' level='4' iicount='7100'/>
<call method='1258' instr='invokevirtual'/>
<inline_fail reason='no static binding'/>
<bc code='182' bci='91'/>
<method id='1259' holder='1119' name='equals' return='1106' arguments='1119' flags='1' bytes='11' compile_id='99' compiler='c1' level='3' iicount='2364'/>
<call method='1259' instr='invokevirtual'/>
<inline_fail reason='no static binding'/>
<bc code='182' bci='123'/>
<klass id='1260' name='java.util.HashMap$TreeNode' flags='24'/>
<method id='1261' holder='1260' name='putTreeVal' return='1260' arguments='1249 1255 1112 1119 1119' flags='16' bytes='314' iicount='1'/>
<call method='1261' instr='invokevirtual'/>
<inline_fail reason='callee&apos;s klass not linked yet'/>
<bc code='182' bci='152'/>
<call method='1258' instr='invokevirtual'/>
<inline_fail reason='no static binding'/>
<bc code='182' bci='169'/>
<type id='1114' name='void'/>
<method id='1262' holder='1249' name='treeifyBin' return='1114' arguments='1255 1112' flags='16' bytes='110' iicount='1'/>
<call method='1262' instr='invokevirtual'/>
<inline_fail reason='callee is too large'/>
<bc code='182' bci='203'/>
<call method='1259' instr='invokevirtual'/>
<inline_fail reason='no static binding'/>
<bc code='182' bci='253'/>
<method id='1264' holder='1249' name='afterNodeAccess' return='1114' arguments='1253' flags='0' bytes='1' iicount='28'/>
<call method='1264' instr='invokevirtual'/>
<inline_fail reason='no static binding'/>
<bc code='182' bci='288'/>
<call method='1256' instr='invokevirtual'/>
<inline_fail reason='callee is too large'/>
<bc code='182' bci='295'/>
<method id='1265' holder='1249' name='afterNodeInsertion' return='1114' arguments='1106' flags='0' bytes='1' compile_id='98' compiler='c2' level='4' iicount='1680'/>
<call method='1265' instr='invokevirtual'/>
<inline_fail reason='no static binding'/>
<phase_done stamp='0.065'/>
</phase>
<parse_done stamp='0.065'/>
</parse>
<phase name='optimize_blocks' stamp='0.065'>
<phase_done stamp='0.065'/>
</phase>
<phase name='gvn' stamp='0.065'>
<phase_done stamp='0.065'/>
</phase>
<phase name='rangeCheckElimination' stamp='0.065'>
<phase_done stamp='0.065'/>
</phase>
<phase name='optimize_null_checks' stamp='0.065'>
<phase_done stamp='0.065'/>
</phase>
<phase_done stamp='0.065'/>
</phase>
<phase name='emit_lir' stamp='0.065'>
<phase name='lirGeneration' stamp='0.065'>
<phase_done stamp='0.065'/>
</phase>
<phase name='linearScan' stamp='0.065'>
<phase_done stamp='0.065'/>
</phase>
<phase_done stamp='0.065'/>
</phase>
<phase name='codeemit' stamp='0.065'>
<phase_done stamp='0.065'/>
</phase>
<phase name='codeinstall' stamp='0.065'>
<phase_done stamp='0.065'/>
</phase>
<code_cache total_blobs='561' nmethods='198' adapters='277' free_code_cache='250243328'/>
<task_done success='1' nmsize='4560' count='7311' backedge_count='708' stamp='0.065'/>
</task>
<task compile_id='199' method='java.lang.String checkBoundsOffCount (III)V' bytes='64' count='400' iicount='400' level='3' stamp='0.065'>
<phase name='setup' stamp='0.065'>
<phase_done stamp='0.065'/>
</phase>
<phase name='buildIR' stamp='0.065'>
<type id='1114' name='void'/>
<type id='1112' name='int'/>
<klass id='1120' name='java.lang.String' flags='17'/>
<method id='1249' holder='1120' name='checkBoundsOffCount' return='1114' arguments='1112 1112 1112' flags='8' bytes='64' iicount='400'/>
<parse method='1249'  stamp='0.065'>
<phase name='parse_hir' stamp='0.065'>
<bc code='183' bci='23'/>
<klass id='1194' name='java.lang.StringBuilder' flags='17'/>
<method id='1252' holder='1194' name='&lt;init&gt;' return='1114' flags='1' bytes='7' iicount='193'/>
<call method='1252' instr='invokespecial'/>
<inline_success reason='inline'/>
<parse method='1252'>
<bc code='183' bci='3'/>
<klass id='1192' name='java.lang.AbstractStringBuilder' flags='1024'/>
<method id='1254' holder='1192' name='&lt;init&gt;' return='1114' arguments='1112' flags='0' bytes='39' iicount='207'/>
<call method='1254' instr='invokespecial'/>
<inline_fail reason='callee is too large'/>
<parse_done stamp='0.066'/>
</parse>
<bc code='182' bci='29'/>
<method id='1257' holder='1194' name='append' return='1194' arguments='1120' flags='1' bytes='8' compile_id='182' compiler='c1' level='3' iicount='501'/>
<call method='1257' instr='invokevirtual'/>
<inline_success reason='inline'/>
<parse method='1257'>
<bc code='183' bci='2'/>
<method id='1259' holder='1192' name='append' return='1192' arguments='1120' flags='1' bytes='45' compile_id='183' compiler='c1' level='3' iicount='501'/>
<call method='1259' instr='invokespecial'/>
<inline_fail reason='callee is too large'/>
<parse_done stamp='0.066'/>
</parse>
<bc code='182' bci='33'/>
<method id='1261' holder='1194' name='append' return='1194' arguments='1112' flags='1' bytes='8' iicount='24'/>
<call method='1261' instr='invokevirtual'/>
<inline_success reason='inline'/>
<parse method='1261'>
<bc code='183' bci='2'/>
<method id='1263' holder='1192' name='append' return='1192' arguments='1112' flags='1' bytes='55' iicount='24'/>
<call method='1263' instr='invokespecial'/>
<inline_fail reason='callee is too large'/>
<parse_done stamp='0.066'/>
</parse>
<bc code='182' bci='39'/>
<call method='1257' instr='invokevirtual'/>
<inline_success reason='inline'/>
<parse method='1257'>
<bc code='183' bci='2'/>
<call method='1259' instr='invokespecial'/>
<inline_fail reason='callee is too large'/>
<parse_done stamp='0.066'/>
</parse>
<bc code='182' bci='43'/>
<call method='1261' instr='invokevirtual'/>
<inline_success reason='inline'/>
<parse method='1261'>
<bc code='183' bci='2'/>
<call method='1263' instr='invokespecial'/>
<inline_fail reason='callee is too large'/>
<parse_done stamp='0.066'/>
</parse>
<bc code='182' bci='49'/>
<call method='1257' instr='invokevirtual'/>
<inline_success reason='inline'/>
<parse method='1257'>
<bc code='183' bci='2'/>
<call method='1259' instr='invokespecial'/>
<inline_fail reason='callee is too large'/>
<parse_done stamp='0.066'/>
</parse>
<bc code='182' bci='53'/>
<call method='1261' instr='invokevirtual'/>
<inline_success reason='inline'/>
<parse method='1261'>
<bc code='183' bci='2'/>
<call method='1263' instr='invokespecial'/>
<inline_fail reason='callee is too large'/>
<parse_done stamp='0.066'/>
</parse>
<bc code='182' bci='56'/>
<method id='1267' holder='1194' name='toString' return='1120' flags='1' bytes='35' iicount='207'/>
<call method='1267' instr='invokevirtual'/>
<inline_success reason='inline'/>
<parse method='1267'>
<bc code='182' bci='1'/>
<type id='1106' name='boolean'/>
<method id='1269' holder='1192' name='isLatin1' return='1106' flags='16' bytes='19' iicount='379'/>
<call method='1269' instr='invokevirtual'/>
<inline_success reason='inline'/>
<parse method='1269'>
<parse_done stamp='0.066'/>
</parse>
<bc code='184' bci='16'/>
<klass id='1241' name='[B' flags='1041'/>
<klass id='1272' name='java.lang.StringLatin1' flags='16'/>
<method id='1273' holder='1272' name='newString' return='1120' arguments='1241 1112 1112' flags='9' bytes='24' iicount='465'/>
<call method='1273' instr='invokestatic'/>
<inline_fail reason='callee uses too much stack'/>
<bc code='184' bci='31'/>
<klass id='1275' name='java.lang.StringUTF16' flags='16'/>
<method id='1276' holder='1275' name='newString' return='1120' arguments='1241 1112 1112' flags='9' bytes='58' iicount='1'/>
<call method='1276' instr='invokestatic'/>
<inline_fail reason='callee is too large'/>
<parse_done stamp='0.066'/>
</parse>
<bc code='183' bci='59'/>
<klass id='1251' name='java.lang.StringIndexOutOfBoundsException' unloaded='1'/>
<method id='1278' holder='1251' name='&lt;init&gt;' return='1114' arguments='1120' unloaded='1'/>
<call method='1278' instr='invokespecial'/>
<inline_fail reason='not inlineable'/>
<phase_done stamp='0.066'/>
</phase>
<parse_done stamp='0.066'/>
</parse>
<phase name='optimize_blocks' stamp='0.066'>
<phase_done stamp='0.066'/>
</phase>
<phase name='gvn' stamp='0.066'>
<phase_done stamp='0.066'/>
</phase>
<phase name='rangeCheckElimination' stamp='0.066'>
<phase_done stamp='0.066'/>
</phase>
<phase name='optimize_null_checks' stamp='0.066'>
<phase_done stamp='0.066'/>
</phase>
<phase_done stamp='0.066'/>
</phase>
<phase name='emit_lir' stamp='0.066'>
<phase name='lirGeneration' stamp='0.066'>
<phase_done stamp='0.066'/>
</phase>
<phase name='linearScan' stamp='0.066'>
<phase_done stamp='0.066'/>
</phase>
<phase_done stamp='0.066'/>
</phase>
<phase name='codeemit' stamp='0.066'>
<phase_done stamp='0.066'/>
</phase>
<phase name='codeinstall' stamp='0.066'>
<phase_done stamp='0.066'/>
</phase>
<code_cache total_blobs='563' nmethods='200' adapters='277' free_code_cache='250238464'/>
<task_done success='1' nmsize='2224' count='426' inlined_bytes='109' stamp='0.066'/>
</task>
<task compile_id='202' method='java.lang.ref.Reference reachabilityFence (Ljava/lang/Object;)V' bytes='1' count='396' iicount='396' level='3' stamp='0.066'>
<phase name='setup' stamp='0.066'>
<phase_done stamp='0.066'/>
</phase>
<phase name='buildIR' stamp='0.066'>
<type id='1114' name='void'/>
<klass id='1119' name='java.lang.Object' flags='1'/>
<klass id='1148' name='java.lang.ref.Reference' flags='1025'/>
<method id='1249' holder='1148' name='reachabilityFence' return='1114' arguments='1119' flags='9' bytes='1' iicount='396'/>
<parse method='1249'  stamp='0.066'>
<phase name='parse_hir' stamp='0.066'>
<phase_done stamp='0.066'/>
</phase>
<parse_done stamp='0.066'/>
</parse>
<phase name='optimize_blocks' stamp='0.066'>
<phase_done stamp='0.066'/>
</phase>
<phase name='gvn' stamp='0.066'>
<phase_done stamp='0.066'/>
</phase>
<phase name='rangeCheckElimination' stamp='0.066'>
<phase_done stamp='0.066'/>
</phase>
<phase name='optimize_null_checks' stamp='0.066'>
<phase_done stamp='0.066'/>
</phase>
<phase_done stamp='0.066'/>
</phase>
<phase name='emit_lir' stamp='0.066'>
<phase name='lirGeneration' stamp='0.066'>
<phase_done stamp='0.066'/>
</phase>
<phase name='linearScan' stamp='0.066'>
<phase_done stamp='0.066'/>
</phase>
<phase_done stamp='0.066'/>
</phase>
<phase name='codeemit' stamp='0.066'>
<phase_done stamp='0.066'/>
</phase>
<phase name='codeinstall' stamp='0.066'>
<phase_done stamp='0.066'/>
</phase>
<code_cache total_blobs='566' nmethods='201' adapters='277' free_code_cache='250223488'/>
<task_done success='1' nmsize='240' count='396' stamp='0.066'/>
</task>
<task compile_id='204' method='java.util.ImmutableCollections$MapN get (Ljava/lang/Object;)Ljava/lang/Object;' bytes='35' count='396' iicount='396' level='3' stamp='0.066'>
<phase name='setup' stamp='0.066'>
<phase_done stamp='0.066'/>
</phase>
<phase name='buildIR' stamp='0.066'>
<klass id='1119' name='java.lang.Object' flags='1'/>
<klass id='1249' name='java.util.ImmutableCollections$MapN' flags='24'/>
<method id='1250' holder='1249' name='get' return='1119' arguments='1119' flags='1' bytes='35' iicount='396'/>
<parse method='1250'  stamp='0.066'>
<phase name='parse_hir' stamp='0.066'>
<bc code='184' bci='8'/>
<klass id='1252' name='java.util.Objects' flags='17'/>
<method id='1253' holder='1252' name='requireNonNull' return='1119' arguments='1119' flags='9' bytes='14' compile_id='14' compiler='c1' level='3' iicount='4610'/>
<call method='1253' instr='invokestatic'/>
<inline_success reason='force inline by annotation'/>
<parse method='1253'>
<bc code='183' bci='8'/>
<type id='1114' name='void'/>
<klass id='1245' name='java.lang.NullPointerException' flags='1'/>
<method id='1255' holder='1245' name='&lt;init&gt;' return='1114' flags='1' bytes='5' iicount='1'/>
<call method='1255' instr='invokespecial'/>
<inline_fail reason='don&apos;t inline Throwable constructors'/>
<parse_done stamp='0.066'/>
</parse>
<bc code='182' bci='16'/>
<type id='1112' name='int'/>
<method id='1257' holder='1249' name='probe' return='1112' arguments='1119' flags='2' bytes='60' iicount='446'/>
<call method='1257' instr='invokevirtual'/>
<inline_fail reason='callee is too large'/>
<phase_done stamp='0.066'/>
</phase>
<parse_done stamp='0.066'/>
</parse>
<phase name='optimize_blocks' stamp='0.066'>
<phase_done stamp='0.066'/>
</phase>
<phase name='gvn' stamp='0.066'>
<phase_done stamp='0.066'/>
</phase>
<phase name='rangeCheckElimination' stamp='0.066'>
<phase_done stamp='0.066'/>
</phase>
<phase name='optimize_null_checks' stamp='0.066'>
<phase_done stamp='0.066'/>
</phase>
<phase_done stamp='0.066'/>
</phase>
<phase name='emit_lir' stamp='0.066'>
<phase name='lirGeneration' stamp='0.066'>
<phase_done stamp='0.066'/>
</phase>
<phase name='linearScan' stamp='0.066'>
<phase_done stamp='0.066'/>
</phase>
<phase_done stamp='0.066'/>
</phase>
<phase name='codeemit' stamp='0.066'>
<phase_done stamp='0.066'/>
</phase>
<phase name='codeinstall' stamp='0.066'>
<phase_done stamp='0.066'/>
</phase>
<code_cache total_blobs='566' nmethods='203' adapters='277' free_code_cache='250235136'/>
<task_done success='1' nmsize='912' count='396' inlined_bytes='1' stamp='0.066'/>
</task>
<task compile_id='201' method='java.lang.CharacterDataLatin1 getProperties (I)I' bytes='11' count='269' iicount='269' level='3' stamp='0.066'>
<phase name='setup' stamp='0.066'>
<phase_done stamp='0.066'/>
</phase>
<phase name='buildIR' stamp='0.066'>
<type id='1112' name='int'/>
<klass id='1249' name='java.lang.CharacterDataLatin1' flags='0'/>
<method id='1250' holder='1249' name='getProperties' return='1112' arguments='1112' flags='0' bytes='11' iicount='269'/>
<parse method='1250'  stamp='0.066'>
<phase name='parse_hir' stamp='0.066'>
<phase_done stamp='0.066'/>
</phase>
<parse_done stamp='0.066'/>
</parse>
<phase name='optimize_blocks' stamp='0.066'>
<phase_done stamp='0.066'/>
</phase>
<phase name='gvn' stamp='0.066'>
<phase_done stamp='0.066'/>
</phase>
<phase name='rangeCheckElimination' stamp='0.066'>
<phase_done stamp='0.066'/>
</phase>
<phase name='optimize_null_checks' stamp='0.066'>
<phase_done stamp='0.066'/>
</phase>
<phase_done stamp='0.066'/>
</phase>
<phase name='emit_lir' stamp='0.066'>
<phase name='lirGeneration' stamp='0.066'>
<phase_done stamp='0.066'/>
</phase>
<phase name='linearScan' stamp='0.066'>
<phase_done stamp='0.066'/>
</phase>
<phase_done stamp='0.066'/>
</phase>
<phase name='codeemit' stamp='0.066'>
<phase_done stamp='0.066'/>
</phase>
<phase name='codeinstall' stamp='0.066'>
<phase_done stamp='0.066'/>
</phase>
<code_cache total_blobs='567' nmethods='204' adapters='277' free_code_cache='250234240'/>
<task_done success='1' nmsize='304' count='269' stamp='0.066'/>
</task>
<task compile_id='205' method='java.lang.ref.Reference &lt;init&gt; (Ljava/lang/Object;Ljava/lang/ref/ReferenceQueue;)V' bytes='25' count='259' iicount='259' level='3' stamp='0.066'>
<phase name='setup' stamp='0.066'>
<phase_done stamp='0.066'/>
</phase>
<phase name='buildIR' stamp='0.066'>
<type id='1114' name='void'/>
<klass id='1119' name='java.lang.Object' flags='1'/>
<klass id='1249' name='java.lang.ref.ReferenceQueue' flags='1'/>
<klass id='1148' name='java.lang.ref.Reference' flags='1025'/>
<method id='1250' holder='1148' name='&lt;init&gt;' return='1114' arguments='1119 1249' flags='0' bytes='25' iicount='261'/>
<parse method='1250'  stamp='0.066'>
<phase name='parse_hir' stamp='0.066'>
<bc code='183' bci='1'/>
<method id='1252' holder='1119' name='&lt;init&gt;' return='1114' flags='1' bytes='1' compile_id='13' compiler='c2' level='4' iicount='11007'/>
<call method='1252' instr='invokespecial'/>
<inline_success reason='inline'/>
<parse method='1252'>
<bc code='177' bci='0'/>
<dependency type='no_finalizable_subclasses' ctxk='1148'/>
<parse_done stamp='0.066'/>
</parse>
<phase_done stamp='0.066'/>
</phase>
<parse_done stamp='0.066'/>
</parse>
<phase name='optimize_blocks' stamp='0.066'>
<phase_done stamp='0.066'/>
</phase>
<phase name='gvn' stamp='0.066'>
<phase_done stamp='0.066'/>
</phase>
<phase name='rangeCheckElimination' stamp='0.066'>
<phase_done stamp='0.066'/>
</phase>
<phase name='optimize_null_checks' stamp='0.066'>
<phase_done stamp='0.066'/>
</phase>
<phase_done stamp='0.066'/>
</phase>
<phase name='emit_lir' stamp='0.066'>
<phase name='lirGeneration' stamp='0.066'>
<phase_done stamp='0.066'/>
</phase>
<phase name='linearScan' stamp='0.066'>
<phase_done stamp='0.066'/>
</phase>
<phase_done stamp='0.066'/>
</phase>
<phase name='codeemit' stamp='0.066'>
<phase_done stamp='0.066'/>
</phase>
<phase name='codeinstall' stamp='0.066'>
<dependency type='no_finalizable_subclasses' ctxk='1148'/>
<phase_done stamp='0.066'/>
</phase>
<code_cache total_blobs='568' nmethods='205' adapters='277' free_code_cache='250232960'/>
<task_done success='1' nmsize='656' count='261' inlined_bytes='1' stamp='0.066'/>
</task>
<task compile_id='207' method='java.util.Arrays copyOf ([BI)[B' bytes='19' count='249' iicount='249' level='3' stamp='0.067'>
<phase name='setup' stamp='0.067'>
<phase_done stamp='0.067'/>
</phase>
<phase name='buildIR' stamp='0.067'>
<klass id='1241' name='[B' flags='1041'/>
<type id='1112' name='int'/>
<klass id='1249' name='java.util.Arrays' flags='1'/>
<method id='1250' holder='1249' name='copyOf' return='1241' arguments='1241 1112' flags='9' bytes='19' iicount='249'/>
<parse method='1250'  stamp='0.067'>
<phase name='parse_hir' stamp='0.067'>
<bc code='184' bci='11'/>
<klass id='1252' name='java.lang.Math' flags='17'/>
<method id='1253' holder='1252' name='min' return='1112' arguments='1112 1112' flags='9' bytes='11' compile_id='62' compiler='c1' level='3' iicount='1319'/>
<call method='1253' instr='invokestatic'/>
<inline_success reason='inline'/>
<parse method='1253'>
<parse_done stamp='0.067'/>
</parse>
<bc code='184' bci='14'/>
<type id='1114' name='void'/>
<klass id='1119' name='java.lang.Object' flags='1'/>
<klass id='1125' name='java.lang.System' flags='17'/>
<method id='1255' holder='1125' name='arraycopy' return='1114' arguments='1119 1112 1119 1112 1112' flags='265' bytes='0' compile_id='21' compile_kind='c2n' compiler='' level='0' iicount='128'/>
<call method='1255' instr='invokestatic'/>
<inline_success reason='intrinsic'/>
<phase_done stamp='0.067'/>
</phase>
<parse_done stamp='0.067'/>
</parse>
<phase name='optimize_blocks' stamp='0.067'>
<phase_done stamp='0.067'/>
</phase>
<phase name='gvn' stamp='0.067'>
<phase_done stamp='0.067'/>
</phase>
<phase name='rangeCheckElimination' stamp='0.067'>
<phase_done stamp='0.067'/>
</phase>
<phase name='optimize_null_checks' stamp='0.067'>
<phase_done stamp='0.067'/>
</phase>
<phase_done stamp='0.067'/>
</phase>
<phase name='emit_lir' stamp='0.067'>
<phase name='lirGeneration' stamp='0.067'>
<phase_done stamp='0.067'/>
</phase>
<phase name='linearScan' stamp='0.067'>
<phase_done stamp='0.067'/>
</phase>
<phase_done stamp='0.067'/>
</phase>
<phase name='codeemit' stamp='0.067'>
<phase_done stamp='0.067'/>
</phase>
<phase name='codeinstall' stamp='0.067'>
<phase_done stamp='0.067'/>
</phase>
<code_cache total_blobs='570' nmethods='207' adapters='277' free_code_cache='250230528'/>
<task_done success='1' nmsize='736' count='249' inlined_bytes='11' stamp='0.067'/>
</task>
<task compile_id='208' method='java.io.BufferedReader readLine ()Ljava/lang/String;' bytes='7' count='386' iicount='386' level='3' stamp='0.067'>
<phase name='setup' stamp='0.067'>
<phase_done stamp='0.067'/>
</phase>
<phase name='buildIR' stamp='0.067'>
<klass id='1120' name='java.lang.String' flags='17'/>
<klass id='1249' name='java.io.BufferedReader' flags='1'/>
<method id='1250' holder='1249' name='readLine' return='1120' flags='1' bytes='7' iicount='397'/>
<parse method='1250'  stamp='0.067'>
<phase name='parse_hir' stamp='0.067'>
<bc code='182' bci='3'/>
<type id='1106' name='boolean'/>
<klass id='1237' name='[Z' flags='1041'/>
<method id='1252' holder='1249' name='readLine' return='1120' arguments='1106 1237' flags='0' bytes='327' compile_id='172' compiler='c1' level='3' iicount='399'/>
<call method='1252' instr='invokevirtual'/>
<dependency type='leaf_type' ctxk='1249'/>
<inline_fail reason='callee is too large'/>
<dependency type='leaf_type' ctxk='1249'/>
<phase_done stamp='0.067'/>
</phase>
<parse_done stamp='0.067'/>
</parse>
<phase name='optimize_blocks' stamp='0.067'>
<phase_done stamp='0.067'/>
</phase>
<phase name='gvn' stamp='0.067'>
<phase_done stamp='0.067'/>
</phase>
<phase name='rangeCheckElimination' stamp='0.067'>
<phase_done stamp='0.067'/>
</phase>
<phase name='optimize_null_checks' stamp='0.067'>
<phase_done stamp='0.067'/>
</phase>
<phase_done stamp='0.067'/>
</phase>
<phase name='emit_lir' stamp='0.067'>
<phase name='lirGeneration' stamp='0.067'>
<phase_done stamp='0.067'/>
</phase>
<phase name='linearScan' stamp='0.067'>
<phase_done stamp='0.067'/>
</phase>
<phase_done stamp='0.067'/>
</phase>
<phase name='codeemit' stamp='0.067'>
<phase_done stamp='0.067'/>
</phase>
<phase name='codeinstall' stamp='0.067'>
<dependency type='leaf_type' ctxk='1249'/>
<phase_done stamp='0.067'/>
</phase>
<code_cache total_blobs='571' nmethods='208' adapters='277' free_code_cache='250229504'/>
<task_done success='1' nmsize='352' count='403' stamp='0.067'/>
</task>
<task compile_id='211' method='java.lang.String &lt;init&gt; ([CII)V' bytes='14' count='387' iicount='387' level='3' stamp='0.067'>
<phase name='setup' stamp='0.067'>
<phase_done stamp='0.067'/>
</phase>
<phase name='buildIR' stamp='0.067'>
<type id='1114' name='void'/>
<klass id='1238' name='[C' flags='1041'/>
<type id='1112' name='int'/>
<klass id='1120' name='java.lang.String' flags='17'/>
<method id='1249' holder='1120' name='&lt;init&gt;' return='1114' arguments='1238 1112 1112' flags='1' bytes='14' iicount='387'/>
<parse method='1249'  stamp='0.067'>
<phase name='parse_hir' stamp='0.067'>
<bc code='184' bci='7'/>
<klass id='1251' name='java.lang.Void' flags='17'/>
<method id='1252' holder='1120' name='rangeCheck' return='1251' arguments='1238 1112 1112' flags='10' bytes='9' iicount='387'/>
<call method='1252' instr='invokestatic'/>
<inline_success reason='inline'/>
<parse method='1252'>
<bc code='184' bci='4'/>
<method id='1254' holder='1120' name='checkBoundsOffCount' return='1114' arguments='1112 1112 1112' flags='8' bytes='64' compile_id='199' compiler='c1' level='3' iicount='523'/>
<call method='1254' instr='invokestatic'/>
<inline_fail reason='callee is too large'/>
<parse_done stamp='0.067'/>
</parse>
<bc code='183' bci='10'/>
<method id='1256' holder='1120' name='&lt;init&gt;' return='1114' arguments='1238 1112 1112 1251' flags='0' bytes='74' iicount='387'/>
<call method='1256' instr='invokespecial'/>
<inline_fail reason='callee is too large'/>
<phase_done stamp='0.067'/>
</phase>
<parse_done stamp='0.067'/>
</parse>
<phase name='optimize_blocks' stamp='0.067'>
<phase_done stamp='0.067'/>
</phase>
<phase name='gvn' stamp='0.067'>
<phase_done stamp='0.067'/>
</phase>
<phase name='rangeCheckElimination' stamp='0.067'>
<phase_done stamp='0.067'/>
</phase>
<phase name='optimize_null_checks' stamp='0.067'>
<phase_done stamp='0.067'/>
</phase>
<phase_done stamp='0.067'/>
</phase>
<phase name='emit_lir' stamp='0.067'>
<phase name='lirGeneration' stamp='0.067'>
<phase_done stamp='0.067'/>
</phase>
<phase name='linearScan' stamp='0.067'>
<phase_done stamp='0.067'/>
</phase>
<phase_done stamp='0.067'/>
</phase>
<phase name='codeemit' stamp='0.067'>
<phase_done stamp='0.067'/>
</phase>
<phase name='codeinstall' stamp='0.067'>
<phase_done stamp='0.067'/>
</phase>
<code_cache total_blobs='572' nmethods='209' adapters='277' free_code_cache='250228224'/>
<task_done success='1' nmsize='528' count='387' inlined_bytes='9' stamp='0.067'/>
</task>
<task compile_id='209' method='java.lang.String rangeCheck ([CII)Ljava/lang/Void;' bytes='9' count='387' iicount='387' level='3' stamp='0.067'>
<phase name='setup' stamp='0.067'>
<phase_done stamp='0.067'/>
</phase>
<phase name='buildIR' stamp='0.067'>
<klass id='1249' name='java.lang.Void' flags='17'/>
<klass id='1238' name='[C' flags='1041'/>
<type id='1112' name='int'/>
<klass id='1120' name='java.lang.String' flags='17'/>
<method id='1250' holder='1120' name='rangeCheck' return='1249' arguments='1238 1112 1112' flags='10' bytes='9' iicount='387'/>
<parse method='1250'  stamp='0.067'>
<phase name='parse_hir' stamp='0.067'>
<bc code='184' bci='4'/>
<type id='1114' name='void'/>
<method id='1252' holder='1120' name='checkBoundsOffCount' return='1114' arguments='1112 1112 1112' flags='8' bytes='64' compile_id='199' compiler='c1' level='3' iicount='526'/>
<call method='1252' instr='invokestatic'/>
<inline_fail reason='callee is too large'/>
<phase_done stamp='0.067'/>
</phase>
<parse_done stamp='0.067'/>
</parse>
<phase name='optimize_blocks' stamp='0.067'>
<phase_done stamp='0.067'/>
</phase>
<phase name='gvn' stamp='0.067'>
<phase_done stamp='0.067'/>
</phase>
<phase name='rangeCheckElimination' stamp='0.067'>
<phase_done stamp='0.067'/>
</phase>
<phase name='optimize_null_checks' stamp='0.067'>
<phase_done stamp='0.067'/>
</phase>
<phase_done stamp='0.067'/>
</phase>
<phase name='emit_lir' stamp='0.067'>
<phase name='lirGeneration' stamp='0.067'>
<phase_done stamp='0.067'/>
</phase>
<phase name='linearScan' stamp='0.067'>
<phase_done stamp='0.067'/>
</phase>
<phase_done stamp='0.067'/>
</phase>
<phase name='codeemit' stamp='0.067'>
<phase_done stamp='0.067'/>
</phase>
<phase name='codeinstall' stamp='0.067'>
<phase_done stamp='0.067'/>
</phase>
<code_cache total_blobs='573' nmethods='210' adapters='277' free_code_cache='250227328'/>
<task_done success='1' nmsize='288' count='388' stamp='0.067'/>
</task>
<task compile_id='210' method='java.lang.String &lt;init&gt; ([CIILjava/lang/Void;)V' bytes='74' count='391' iicount='391' level='3' stamp='0.067'>
<phase name='setup' stamp='0.068'>
<phase_done stamp='0.068'/>
</phase>
<phase name='buildIR' stamp='0.068'>
<type id='1114' name='void'/>
<klass id='1238' name='[C' flags='1041'/>
<type id='1112' name='int'/>
<klass id='1249' name='java.lang.Void' flags='17'/>
<klass id='1120' name='java.lang.String' flags='17'/>
<method id='1250' holder='1120' name='&lt;init&gt;' return='1114' arguments='1238 1112 1112 1249' flags='0' bytes='74' iicount='399'/>
<parse method='1250'  stamp='0.068'>
<phase name='parse_hir' stamp='0.068'>
<bc code='183' bci='1'/>
<klass id='1119' name='java.lang.Object' flags='1'/>
<method id='1252' holder='1119' name='&lt;init&gt;' return='1114' flags='1' bytes='1' compile_id='13' compiler='c2' level='4' iicount='11271'/>
<call method='1252' instr='invokespecial'/>
<inline_success reason='inline'/>
<parse method='1252'>
<parse_done stamp='0.068'/>
</parse>
<bc code='184' bci='36'/>
<klass id='1241' name='[B' flags='1041'/>
<klass id='1257' name='java.lang.StringUTF16' flags='16'/>
<method id='1258' holder='1257' name='compress' return='1241' arguments='1238 1112 1112' flags='9' bytes='20' iicount='365'/>
<call method='1258' instr='invokestatic'/>
<inline_fail reason='callee uses too much stack'/>
<bc code='184' bci='67'/>
<method id='1260' holder='1257' name='toBytes' return='1241' arguments='1238 1112 1112' flags='9' bytes='34' iicount='1'/>
<call method='1260' instr='invokestatic'/>
<inline_fail reason='callee uses too much stack'/>
<phase_done stamp='0.068'/>
</phase>
<parse_done stamp='0.068'/>
</parse>
<phase name='optimize_blocks' stamp='0.068'>
<phase_done stamp='0.068'/>
</phase>
<phase name='gvn' stamp='0.068'>
<phase_done stamp='0.068'/>
</phase>
<phase name='rangeCheckElimination' stamp='0.068'>
<phase_done stamp='0.068'/>
</phase>
<phase name='optimize_null_checks' stamp='0.068'>
<phase_done stamp='0.068'/>
</phase>
<phase_done stamp='0.068'/>
</phase>
<phase name='emit_lir' stamp='0.068'>
<phase name='lirGeneration' stamp='0.068'>
<phase_done stamp='0.068'/>
</phase>
<phase name='linearScan' stamp='0.068'>
<phase_done stamp='0.068'/>
</phase>
<phase_done stamp='0.068'/>
</phase>
<phase name='codeemit' stamp='0.068'>
<phase_done stamp='0.068'/>
</phase>
<phase name='codeinstall' stamp='0.068'>
<phase_done stamp='0.068'/>
</phase>
<code_cache total_blobs='574' nmethods='211' adapters='277' free_code_cache='250225536'/>
<task_done success='1' nmsize='1040' count='399' inlined_bytes='1' stamp='0.068'/>
</task>
<task compile_id='213' method='java.lang.StringLatin1 newString ([BII)Ljava/lang/String;' bytes='24' count='499' iicount='499' level='3' stamp='0.068'>
<phase name='setup' stamp='0.068'>
<phase_done stamp='0.068'/>
</phase>
<phase name='buildIR' stamp='0.068'>
<klass id='1120' name='java.lang.String' flags='17'/>
<klass id='1241' name='[B' flags='1041'/>
<type id='1112' name='int'/>
<klass id='1249' name='java.lang.StringLatin1' flags='16'/>
<method id='1250' holder='1249' name='newString' return='1120' arguments='1241 1112 1112' flags='9' bytes='24' iicount='499'/>
<parse method='1250'  stamp='0.068'>
<phase name='parse_hir' stamp='0.068'>
<bc code='184' bci='16'/>
<klass id='1253' name='java.util.Arrays' flags='1'/>
<method id='1254' holder='1253' name='copyOfRange' return='1241' arguments='1241 1112 1112' flags='9' bytes='64' compile_id='190' compiler='c1' level='3' iicount='661'/>
<call method='1254' instr='invokestatic'/>
<inline_fail reason='callee is too large'/>
<bc code='183' bci='20'/>
<type id='1114' name='void'/>
<type id='1110' name='byte'/>
<method id='1256' holder='1120' name='&lt;init&gt;' return='1114' arguments='1241 1110' flags='0' bytes='15' compile_id='168' compiler='c1' level='3' iicount='693'/>
<call method='1256' instr='invokespecial'/>
<inline_success reason='inline'/>
<parse method='1256'>
<bc code='183' bci='1'/>
<klass id='1119' name='java.lang.Object' flags='1'/>
<method id='1258' holder='1119' name='&lt;init&gt;' return='1114' flags='1' bytes='1' compile_id='13' compiler='c2' level='4' iicount='11297'/>
<call method='1258' instr='invokespecial'/>
<inline_success reason='inline'/>
<parse method='1258'>
<parse_done stamp='0.068'/>
</parse>
<parse_done stamp='0.068'/>
</parse>
<phase_done stamp='0.068'/>
</phase>
<parse_done stamp='0.068'/>
</parse>
<phase name='optimize_blocks' stamp='0.068'>
<phase_done stamp='0.068'/>
</phase>
<phase name='gvn' stamp='0.068'>
<phase_done stamp='0.068'/>
</phase>
<phase name='rangeCheckElimination' stamp='0.068'>
<phase_done stamp='0.068'/>
</phase>
<phase name='optimize_null_checks' stamp='0.068'>
<phase_done stamp='0.068'/>
</phase>
<phase_done stamp='0.068'/>
</phase>
<phase name='emit_lir' stamp='0.068'>
<phase name='lirGeneration' stamp='0.068'>
<phase_done stamp='0.068'/>
</phase>
<phase name='linearScan' stamp='0.068'>
<phase_done stamp='0.068'/>
</phase>
<phase_done stamp='0.068'/>
</phase>
<phase name='codeemit' stamp='0.068'>
<phase_done stamp='0.068'/>
</phase>
<phase name='codeinstall' stamp='0.068'>
<phase_done stamp='0.068'/>
</phase>
<code_cache total_blobs='575' nmethods='212' adapters='277' free_code_cache='250224000'/>
<task_done success='1' nmsize='800' count='506' inlined_bytes='16' stamp='0.068'/>
</task>
<task compile_id='212' method='java.net.URL getHost ()Ljava/lang/String;' bytes='5' count='140' iicount='140' level='1' stamp='0.068'>
<phase name='setup' stamp='0.068'>
<phase_done stamp='0.068'/>
</phase>
<phase name='buildIR' stamp='0.068'>
<klass id='1120' name='java.lang.String' flags='17'/>
<klass id='1200' name='java.net.URL' flags='17'/>
<method id='1249' holder='1200' name='getHost' return='1120' flags='1' bytes='5' iicount='140'/>
<parse method='1249'  stamp='0.068'>
<phase name='parse_hir' stamp='0.068'>
<phase_done stamp='0.068'/>
</phase>
<parse_done stamp='0.068'/>
</parse>
<phase name='optimize_blocks' stamp='0.068'>
<phase_done stamp='0.068'/>
</phase>
<phase name='gvn' stamp='0.068'>
<phase_done stamp='0.068'/>
</phase>
<phase name='rangeCheckElimination' stamp='0.068'>
<phase_done stamp='0.068'/>
</phase>
<phase name='optimize_null_checks' stamp='0.068'>
<phase_done stamp='0.068'/>
</phase>
<phase_done stamp='0.068'/>
</phase>
<phase name='emit_lir' stamp='0.068'>
<phase name='lirGeneration' stamp='0.068'>
<phase_done stamp='0.068'/>
</phase>
<phase name='linearScan' stamp='0.068'>
<phase_done stamp='0.068'/>
</phase>
<phase_done stamp='0.068'/>
</phase>
<phase name='codeemit' stamp='0.068'>
<phase_done stamp='0.068'/>
</phase>
<phase name='codeinstall' stamp='0.068'>
<phase_done stamp='0.068'/>
</phase>
<code_cache total_blobs='576' nmethods='213' adapters='277' free_code_cache='250223232'/>
<task_done success='1' nmsize='208' count='140' stamp='0.068'/>
</task>
<task compile_id='214' method='java.lang.AbstractStringBuilder isLatin1 ()Z' bytes='19' count='420' iicount='420' level='3' stamp='0.068'>
<phase name='setup' stamp='0.068'>
<phase_done stamp='0.068'/>
</phase>
<phase name='buildIR' stamp='0.068'>
<type id='1106' name='boolean'/>
<klass id='1192' name='java.lang.AbstractStringBuilder' flags='1024'/>
<method id='1249' holder='1192' name='isLatin1' return='1106' flags='16' bytes='19' iicount='425'/>
<parse method='1249'  stamp='0.068'>
<phase name='parse_hir' stamp='0.068'>
<phase_done stamp='0.068'/>
</phase>
<parse_done stamp='0.068'/>
</parse>
<phase name='optimize_blocks' stamp='0.068'>
<phase_done stamp='0.068'/>
</phase>
<phase name='gvn' stamp='0.068'>
<phase_done stamp='0.068'/>
</phase>
<phase name='rangeCheckElimination' stamp='0.068'>
<phase_done stamp='0.068'/>
</phase>
<phase name='optimize_null_checks' stamp='0.068'>
<phase_done stamp='0.068'/>
</phase>
<phase_done stamp='0.068'/>
</phase>
<phase name='emit_lir' stamp='0.068'>
<phase name='lirGeneration' stamp='0.068'>
<phase_done stamp='0.068'/>
</phase>
<phase name='linearScan' stamp='0.068'>
<phase_done stamp='0.068'/>
</phase>
<phase_done stamp='0.068'/>
</phase>
<phase name='codeemit' stamp='0.068'>
<phase_done stamp='0.068'/>
</phase>
<phase name='codeinstall' stamp='0.068'>
<phase_done stamp='0.068'/>
</phase>
<code_cache total_blobs='577' nmethods='214' adapters='277' free_code_cache='250222336'/>
<task_done success='1' nmsize='368' count='425' stamp='0.068'/>
</task>
<task compile_id='215' method='java.lang.CharacterDataLatin1 toLowerCase (I)I' bytes='39' count='256' iicount='256' level='3' stamp='0.068'>
<phase name='setup' stamp='0.068'>
<phase_done stamp='0.068'/>
</phase>
<phase name='buildIR' stamp='0.068'>
<type id='1112' name='int'/>
<klass id='1249' name='java.lang.CharacterDataLatin1' flags='0'/>
<method id='1250' holder='1249' name='toLowerCase' return='1112' arguments='1112' flags='0' bytes='39' iicount='256'/>
<parse method='1250'  stamp='0.068'>
<phase name='parse_hir' stamp='0.068'>
<bc code='182' bci='4'/>
<method id='1252' holder='1249' name='getProperties' return='1112' arguments='1112' flags='0' bytes='11' compile_id='201' compiler='c1' level='3' iicount='365'/>
<call method='1252' instr='invokevirtual'/>
<dependency type='leaf_type' ctxk='1249'/>
<inline_success reason='inline'/>
<dependency type='leaf_type' ctxk='1249'/>
<parse method='1252'>
<parse_done stamp='0.068'/>
</parse>
<phase_done stamp='0.068'/>
</phase>
<parse_done stamp='0.068'/>
</parse>
<phase name='optimize_blocks' stamp='0.068'>
<phase_done stamp='0.068'/>
</phase>
<phase name='gvn' stamp='0.068'>
<phase_done stamp='0.068'/>
</phase>
<phase name='rangeCheckElimination' stamp='0.068'>
<phase_done stamp='0.068'/>
</phase>
<phase name='optimize_null_checks' stamp='0.068'>
<phase_done stamp='0.068'/>
</phase>
<phase_done stamp='0.068'/>
</phase>
<phase name='emit_lir' stamp='0.068'>
<phase name='lirGeneration' stamp='0.068'>
<phase_done stamp='0.068'/>
</phase>
<phase name='linearScan' stamp='0.068'>
<phase_done stamp='0.069'/>
</phase>
<phase_done stamp='0.069'/>
</phase>
<phase name='codeemit' stamp='0.069'>
<phase_done stamp='0.069'/>
</phase>
<phase name='codeinstall' stamp='0.069'>
<dependency type='leaf_type' ctxk='1249'/>
<phase_done stamp='0.069'/>
</phase>
<code_cache total_blobs='578' nmethods='215' adapters='277' free_code_cache='250221056'/>
<task_done success='1' nmsize='560' count='256' inlined_bytes='11' stamp='0.069'/>
</task>
<task compile_id='216' method='java.util.jar.Manifest$FastInputStream readLine ([BII)I' bytes='296' count='112' backedge_count='5357' iicount='112' level='3' stamp='0.069'>
<phase name='setup' stamp='0.069'>
<phase_done stamp='0.069'/>
</phase>
<phase name='buildIR' stamp='0.069'>
<type id='1112' name='int'/>
<klass id='1241' name='[B' flags='1041'/>
<klass id='1249' name='java.util.jar.Manifest$FastInputStream' flags='8'/>
<method id='1250' holder='1249' name='readLine' return='1112' arguments='1241 1112 1112' flags='1' bytes='296' iicount='113'/>
<parse method='1250'  stamp='0.069'>
<phase name='parse_hir' stamp='0.069'>
<bc code='182' bci='32'/>
<type id='1114' name='void'/>
<method id='1252' holder='1249' name='fill' return='1114' flags='2' bytes='38' iicount='3'/>
<call method='1252' instr='invokevirtual'/>
<dependency type='leaf_type' ctxk='1249'/>
<inline_fail reason='callee is too large'/>
<bc code='184' bci='165'/>
<klass id='1119' name='java.lang.Object' flags='1'/>
<klass id='1125' name='java.lang.System' flags='17'/>
<method id='1254' holder='1125' name='arraycopy' return='1114' arguments='1119 1112 1119 1112 1112' flags='265' bytes='0' compile_id='21' compile_kind='c2n' compiler='' level='0' iicount='128'/>
<call method='1254' instr='invokestatic'/>
<inline_success reason='intrinsic'/>
<bc code='182' bci='224'/>
<call method='1252' instr='invokevirtual'/>
<dependency type='leaf_type' ctxk='1249'/>
<inline_fail reason='callee is too large'/>
<phase_done stamp='0.069'/>
</phase>
<parse_done stamp='0.069'/>
</parse>
<phase name='optimize_blocks' stamp='0.069'>
<phase_done stamp='0.069'/>
</phase>
<phase name='gvn' stamp='0.069'>
<phase_done stamp='0.069'/>
</phase>
<phase name='rangeCheckElimination' stamp='0.069'>
<phase_done stamp='0.069'/>
</phase>
<phase name='optimize_null_checks' stamp='0.069'>
<phase_done stamp='0.069'/>
</phase>
<phase_done stamp='0.069'/>
</phase>
<phase name='emit_lir' stamp='0.069'>
<phase name='lirGeneration' stamp='0.069'>
<phase_done stamp='0.069'/>
</phase>
<phase name='linearScan' stamp='0.069'>
<phase_done stamp='0.069'/>
</phase>
<phase_done stamp='0.069'/>
</phase>
<phase name='codeemit' stamp='0.069'>
<phase_done stamp='0.069'/>
</phase>
<phase name='codeinstall' stamp='0.069'>
<dependency type='leaf_type' ctxk='1249'/>
<phase_done stamp='0.069'/>
</phase>
<code_cache total_blobs='579' nmethods='216' adapters='277' free_code_cache='250217344'/>
<task_done success='1' nmsize='2208' count='113' backedge_count='5357' stamp='0.069'/>
</task>
<task compile_id='217' method='jdk.internal.ref.CleanerImpl getCleanerImpl (Ljava/lang/ref/Cleaner;)Ljdk/internal/ref/CleanerImpl;' bytes='13' count='263' iicount='263' level='3' stamp='0.069'>
<phase name='setup' stamp='0.069'>
<phase_done stamp='0.069'/>
</phase>
<phase name='buildIR' stamp='0.069'>
<klass id='1249' name='jdk.internal.ref.CleanerImpl' flags='17'/>
<klass id='1250' name='java.lang.ref.Cleaner' flags='17'/>
<method id='1251' holder='1249' name='getCleanerImpl' return='1249' arguments='1250' flags='8' bytes='13' iicount='263'/>
<parse method='1251'  stamp='0.069'>
<phase name='parse_hir' stamp='0.069'>
<bc code='185' bci='4'/>
<klass id='1119' name='java.lang.Object' flags='1'/>
<klass id='1253' name='java.util.function.Function' flags='1537'/>
<method id='1255' holder='1253' name='apply' return='1119' arguments='1119' flags='1025' bytes='0' iicount='1'/>
<call method='1255' instr='invokeinterface'/>
<inline_fail reason='no static binding'/>
<phase_done stamp='0.070'/>
</phase>
<parse_done stamp='0.070'/>
</parse>
<phase name='optimize_blocks' stamp='0.070'>
<phase_done stamp='0.070'/>
</phase>
<phase name='gvn' stamp='0.070'>
<phase_done stamp='0.070'/>
</phase>
<phase name='rangeCheckElimination' stamp='0.070'>
<phase_done stamp='0.070'/>
</phase>
<phase name='optimize_null_checks' stamp='0.070'>
<phase_done stamp='0.070'/>
</phase>
<phase_done stamp='0.070'/>
</phase>
<phase name='emit_lir' stamp='0.070'>
<phase name='lirGeneration' stamp='0.070'>
<phase_done stamp='0.070'/>
</phase>
<phase name='linearScan' stamp='0.070'>
<phase_done stamp='0.070'/>
</phase>
<phase_done stamp='0.070'/>
</phase>
<phase name='codeemit' stamp='0.070'>
<phase_done stamp='0.070'/>
</phase>
<phase name='codeinstall' stamp='0.070'>
<phase_done stamp='0.070'/>
</phase>
<code_cache total_blobs='580' nmethods='217' adapters='277' free_code_cache='250215936'/>
<task_done success='1' nmsize='704' count='265' stamp='0.070'/>
</task>
<task compile_id='218' method='java.lang.ref.Cleaner$1 apply (Ljava/lang/Object;)Ljava/lang/Object;' bytes='9' count='265' iicount='265' level='3' stamp='0.070'>
<phase name='setup' stamp='0.070'>
<phase_done stamp='0.070'/>
</phase>
<phase name='buildIR' stamp='0.070'>
<klass id='1119' name='java.lang.Object' flags='1'/>
<klass id='1249' name='java.lang.ref.Cleaner$1' flags='0'/>
<method id='1250' holder='1249' name='apply' return='1119' arguments='1119' flags='4161' bytes='9' iicount='265'/>
<parse method='1250'  stamp='0.070'>
<phase name='parse_hir' stamp='0.070'>
<bc code='182' bci='5'/>
<klass id='1253' name='jdk.internal.ref.CleanerImpl' flags='17'/>
<klass id='1252' name='java.lang.ref.Cleaner' flags='17'/>
<method id='1254' holder='1249' name='apply' return='1253' arguments='1252' flags='1' bytes='5' iicount='265'/>
<call method='1254' instr='invokevirtual'/>
<dependency type='leaf_type' ctxk='1249'/>
<inline_success reason='inline'/>
<dependency type='leaf_type' ctxk='1249'/>
<parse method='1254'>
<parse_done stamp='0.070'/>
</parse>
<phase_done stamp='0.070'/>
</phase>
<parse_done stamp='0.070'/>
</parse>
<phase name='optimize_blocks' stamp='0.070'>
<phase_done stamp='0.070'/>
</phase>
<phase name='gvn' stamp='0.070'>
<phase_done stamp='0.070'/>
</phase>
<phase name='rangeCheckElimination' stamp='0.070'>
<phase_done stamp='0.070'/>
</phase>
<phase name='optimize_null_checks' stamp='0.070'>
<phase_done stamp='0.070'/>
</phase>
<phase_done stamp='0.070'/>
</phase>
<phase name='emit_lir' stamp='0.070'>
<phase name='lirGeneration' stamp='0.070'>
<phase_done stamp='0.070'/>
</phase>
<phase name='linearScan' stamp='0.070'>
<phase_done stamp='0.070'/>
</phase>
<phase_done stamp='0.070'/>
</phase>
<phase name='codeemit' stamp='0.070'>
<phase_done stamp='0.070'/>
</phase>
<phase name='codeinstall' stamp='0.070'>
<dependency type='leaf_type' ctxk='1249'/>
<phase_done stamp='0.070'/>
</phase>
<code_cache total_blobs='581' nmethods='218' adapters='277' free_code_cache='250214656'/>
<task_done success='1' nmsize='624' count='265' inlined_bytes='5' stamp='0.070'/>
</task>
<task compile_id='220' method='java.lang.StringUTF16 compress ([CII)[B' bytes='20' count='496' iicount='496' level='3' stamp='0.070'>
<phase name='setup' stamp='0.070'>
<phase_done stamp='0.070'/>
</phase>
<phase name='buildIR' stamp='0.070'>
<klass id='1241' name='[B' flags='1041'/>
<klass id='1238' name='[C' flags='1041'/>
<type id='1112' name='int'/>
<klass id='1249' name='java.lang.StringUTF16' flags='16'/>
<method id='1250' holder='1249' name='compress' return='1241' arguments='1238 1112 1112' flags='9' bytes='20' iicount='496'/>
<parse method='1250'  stamp='0.070'>
<phase name='parse_hir' stamp='0.070'>
<bc code='184' bci='9'/>
<method id='1252' holder='1249' name='compress' return='1112' arguments='1238 1112 1241 1112 1112' flags='9' bytes='50' compile_id='177' compiler='c1' level='3' iicount='496'/>
<call method='1252' instr='invokestatic'/>
<inline_fail reason='callee is too large'/>
<phase_done stamp='0.070'/>
</phase>
<parse_done stamp='0.070'/>
</parse>
<phase name='optimize_blocks' stamp='0.070'>
<phase_done stamp='0.070'/>
</phase>
<phase name='gvn' stamp='0.070'>
<phase_done stamp='0.070'/>
</phase>
<phase name='rangeCheckElimination' stamp='0.070'>
<phase_done stamp='0.070'/>
</phase>
<phase name='optimize_null_checks' stamp='0.070'>
<phase_done stamp='0.070'/>
</phase>
<phase_done stamp='0.070'/>
</phase>
<phase name='emit_lir' stamp='0.070'>
<phase name='lirGeneration' stamp='0.070'>
<phase_done stamp='0.070'/>
</phase>
<phase name='linearScan' stamp='0.070'>
<phase_done stamp='0.070'/>
</phase>
<phase_done stamp='0.070'/>
</phase>
<phase name='codeemit' stamp='0.070'>
<phase_done stamp='0.070'/>
</phase>
<phase name='codeinstall' stamp='0.070'>
<phase_done stamp='0.070'/>
</phase>
<code_cache total_blobs='583' nmethods='220' adapters='277' free_code_cache='250212608'/>
<task_done success='1' nmsize='576' count='496' stamp='0.070'/>
</task>
<task compile_id='221' method='java.io.RandomAccessFile read ([BII)I' bytes='8' count='259' iicount='260' level='3' stamp='0.071'>
<phase name='setup' stamp='0.071'>
<phase_done stamp='0.071'/>
</phase>
<phase name='buildIR' stamp='0.071'>
<type id='1112' name='int'/>
<klass id='1241' name='[B' flags='1041'/>
<klass id='1249' name='java.io.RandomAccessFile' flags='1'/>
<method id='1250' holder='1249' name='read' return='1112' arguments='1241 1112 1112' flags='1' bytes='8' iicount='262'/>
<parse method='1250'  stamp='0.071'>
<phase name='parse_hir' stamp='0.071'>
<bc code='182' bci='4'/>
<method id='1252' holder='1249' name='readBytes' return='1112' arguments='1241 1112 1112' flags='258' bytes='0' compile_id='193' compile_kind='c2n' compiler='' level='0' iicount='128'/>
<call method='1252' instr='invokevirtual'/>
<dependency type='leaf_type' ctxk='1249'/>
<inline_fail reason='native method'/>
<phase_done stamp='0.071'/>
</phase>
<parse_done stamp='0.071'/>
</parse>
<phase name='optimize_blocks' stamp='0.071'>
<phase_done stamp='0.071'/>
</phase>
<phase name='gvn' stamp='0.071'>
<phase_done stamp='0.071'/>
</phase>
<phase name='rangeCheckElimination' stamp='0.071'>
<phase_done stamp='0.071'/>
</phase>
<phase name='optimize_null_checks' stamp='0.071'>
<phase_done stamp='0.071'/>
</phase>
<phase_done stamp='0.071'/>
</phase>
<phase name='emit_lir' stamp='0.071'>
<phase name='lirGeneration' stamp='0.071'>
<phase_done stamp='0.071'/>
</phase>
<phase name='linearScan' stamp='0.071'>
<phase_done stamp='0.071'/>
</phase>
<phase_done stamp='0.071'/>
</phase>
<phase name='codeemit' stamp='0.071'>
<phase_done stamp='0.071'/>
</phase>
<phase name='codeinstall' stamp='0.071'>
<dependency type='leaf_type' ctxk='1249'/>
<phase_done stamp='0.071'/>
</phase>
<code_cache total_blobs='584' nmethods='221' adapters='277' free_code_cache='250211712'/>
<task_done success='1' nmsize='320' count='262' stamp='0.071'/>
</task>
<task compile_id='223' method='java.util.zip.ZipUtils get16 ([BI)I' bytes='21' count='290' iicount='290' level='3' stamp='0.071'>
<phase name='setup' stamp='0.071'>
<phase_done stamp='0.071'/>
</phase>
<phase name='buildIR' stamp='0.071'>
<type id='1112' name='int'/>
<klass id='1241' name='[B' flags='1041'/>
<klass id='1249' name='java.util.zip.ZipUtils' flags='0'/>
<method id='1250' holder='1249' name='get16' return='1112' arguments='1241 1112' flags='25' bytes='21' iicount='372'/>
<parse method='1250'  stamp='0.071'>
<phase name='parse_hir' stamp='0.071'>
<phase_done stamp='0.071'/>
</phase>
<parse_done stamp='0.071'/>
</parse>
<phase name='optimize_blocks' stamp='0.071'>
<phase_done stamp='0.071'/>
</phase>
<phase name='gvn' stamp='0.071'>
<phase_done stamp='0.071'/>
</phase>
<phase name='rangeCheckElimination' stamp='0.071'>
<phase_done stamp='0.071'/>
</phase>
<phase name='optimize_null_checks' stamp='0.071'>
<phase_done stamp='0.071'/>
</phase>
<phase_done stamp='0.071'/>
</phase>
<phase name='emit_lir' stamp='0.071'>
<phase name='lirGeneration' stamp='0.071'>
<phase_done stamp='0.071'/>
</phase>
<phase name='linearScan' stamp='0.071'>
<phase_done stamp='0.071'/>
</phase>
<phase_done stamp='0.071'/>
</phase>
<phase name='codeemit' stamp='0.071'>
<phase_done stamp='0.071'/>
</phase>
<phase name='codeinstall' stamp='0.071'>
<phase_done stamp='0.071'/>
</phase>
<code_cache total_blobs='585' nmethods='222' adapters='277' free_code_cache='250210688'/>
<task_done success='1' nmsize='304' count='818' stamp='0.071'/>
</task>
<task compile_id='224' method='java.util.zip.ZipFile$Source checkExtraFields (III)V' bytes='161' count='431' backedge_count='431' iicount='432' level='3' stamp='0.071'>
<phase name='setup' stamp='0.071'>
<phase_done stamp='0.071'/>
</phase>
<phase name='buildIR' stamp='0.071'>
<type id='1114' name='void'/>
<type id='1112' name='int'/>
<klass id='1249' name='java.util.zip.ZipFile$Source' flags='10'/>
<method id='1250' holder='1249' name='checkExtraFields' return='1114' arguments='1112 1112 1112' flags='2' bytes='161' iicount='474'/>
<parse method='1250'  stamp='0.071'>
<phase name='parse_hir' stamp='0.071'>
<bc code='184' bci='8'/>
<klass id='1120' name='java.lang.String' flags='17'/>
<method id='1253' holder='1249' name='zerror' return='1114' arguments='1120' flags='10' bytes='9' iicount='1'/>
<call method='1253' instr='invokestatic'/>
<inline_success reason='inline'/>
<parse method='1253'>
<bc code='183' bci='5'/>
<klass id='1255' name='java.util.zip.ZipException' unloaded='1'/>
<method id='1256' holder='1255' name='&lt;init&gt;' return='1114' arguments='1120' unloaded='1'/>
<call method='1256' instr='invokespecial'/>
<inline_fail reason='not inlineable'/>
<parse_done stamp='0.071'/>
</parse>
<bc code='184' bci='28'/>
<call method='1253' instr='invokestatic'/>
<inline_success reason='inline'/>
<parse method='1253'>
<bc code='183' bci='5'/>
<call method='1256' instr='invokespecial'/>
<inline_fail reason='not inlineable'/>
<parse_done stamp='0.071'/>
</parse>
<bc code='184' bci='49'/>
<klass id='1241' name='[B' flags='1041'/>
<klass id='1258' name='java.util.zip.ZipUtils' flags='0'/>
<method id='1259' holder='1258' name='get16' return='1112' arguments='1241 1112' flags='25' bytes='21' compile_id='223' compiler='c1' level='3' iicount='1362'/>
<call method='1259' instr='invokestatic'/>
<inline_success reason='inline'/>
<parse method='1259'>
<parse_done stamp='0.071'/>
</parse>
<bc code='184' bci='63'/>
<call method='1259' instr='invokestatic'/>
<inline_success reason='inline'/>
<parse method='1259'>
<parse_done stamp='0.071'/>
</parse>
<bc code='184' bci='95'/>
<klass id='1226' name='java.lang.Integer' flags='17'/>
<method id='1262' holder='1226' name='valueOf' return='1226' arguments='1112' flags='9' bytes='32' iicount='81'/>
<call method='1262' instr='invokestatic'/>
<inline_success reason='inline'/>
<parse method='1262'>
<bc code='183' bci='28'/>
<method id='1268' holder='1226' name='&lt;init&gt;' return='1114' arguments='1112' flags='1' bytes='10' iicount='7'/>
<call method='1268' instr='invokespecial'/>
<inline_success reason='inline'/>
<parse method='1268'>
<bc code='183' bci='1'/>
<klass id='1221' name='java.lang.Number' flags='1025'/>
<method id='1270' holder='1221' name='&lt;init&gt;' return='1114' flags='1' bytes='5' iicount='29'/>
<call method='1270' instr='invokespecial'/>
<inline_success reason='inline'/>
<parse method='1270'>
<bc code='183' bci='1'/>
<klass id='1119' name='java.lang.Object' flags='1'/>
<method id='1272' holder='1119' name='&lt;init&gt;' return='1114' flags='1' bytes='1' compile_id='13' compiler='c2' level='4' iicount='11944'/>
<call method='1272' instr='invokespecial'/>
<inline_success reason='inline'/>
<parse method='1272'>
<parse_done stamp='0.071'/>
</parse>
<parse_done stamp='0.071'/>
</parse>
<parse_done stamp='0.071'/>
</parse>
<parse_done stamp='0.071'/>
</parse>
<bc code='184' bci='102'/>
<call method='1262' instr='invokestatic'/>
<inline_success reason='inline'/>
<parse method='1262'>
<bc code='183' bci='28'/>
<call method='1268' instr='invokespecial'/>
<inline_success reason='inline'/>
<parse method='1268'>
<bc code='183' bci='1'/>
<call method='1270' instr='invokespecial'/>
<inline_success reason='inline'/>
<parse method='1270'>
<bc code='183' bci='1'/>
<call method='1272' instr='invokespecial'/>
<inline_success reason='inline'/>
<parse method='1272'>
<parse_done stamp='0.071'/>
</parse>
<parse_done stamp='0.071'/>
</parse>
<parse_done stamp='0.071'/>
</parse>
<parse_done stamp='0.071'/>
</parse>
<bc code='184' bci='106'/>
<klass id='1274' name='[Ljava.lang.Object;' flags='1041'/>
<method id='1275' holder='1120' name='format' return='1120' arguments='1120 1274' flags='137' bytes='16' iicount='1'/>
<call method='1275' instr='invokestatic'/>
<inline_success reason='inline'/>
<parse method='1275'>
<bc code='183' bci='4'/>
<klass id='1277' name='java.util.Formatter' unloaded='1'/>
<method id='1278' holder='1277' name='&lt;init&gt;' return='1114' unloaded='1'/>
<call method='1278' instr='invokespecial'/>
<inline_fail reason='not inlineable'/>
<bc code='182' bci='9'/>
<method id='1279' holder='1277' name='format' return='1277' arguments='1120 1274' unloaded='1'/>
<call method='1279' instr='invokevirtual'/>
<inline_fail reason='not inlineable'/>
<bc code='182' bci='12'/>
<method id='1280' holder='1277' name='toString' return='1120' unloaded='1'/>
<call method='1280' instr='invokevirtual'/>
<inline_fail reason='not inlineable'/>
<parse_done stamp='0.071'/>
</parse>
<bc code='184' bci='109'/>
<call method='1253' instr='invokestatic'/>
<inline_success reason='inline'/>
<parse method='1253'>
<bc code='183' bci='5'/>
<call method='1256' instr='invokespecial'/>
<inline_fail reason='not inlineable'/>
<parse_done stamp='0.071'/>
</parse>
<bc code='184' bci='123'/>
<type id='1113' name='long'/>
<method id='1281' holder='1258' name='CENSIZ' return='1113' arguments='1241 1112' flags='24' bytes='9' iicount='96'/>
<call method='1281' instr='invokestatic'/>
<inline_success reason='inline'/>
<parse method='1281'>
<bc code='184' bci='5'/>
<method id='1283' holder='1258' name='LG' return='1113' arguments='1241 1112' flags='24' bytes='22' compile_id='155' compiler='c1' level='3' iicount='6919'/>
<call method='1283' instr='invokestatic'/>
<inline_success reason='inline'/>
<parse method='1283'>
<bc code='184' bci='2'/>
<method id='1285' holder='1258' name='SH' return='1112' arguments='1241 1112' flags='24' bytes='21' compile_id='151' compiler='c1' level='3' iicount='52686'/>
<call method='1285' instr='invokestatic'/>
<inline_success reason='inline'/>
<parse method='1285'>
<parse_done stamp='0.071'/>
</parse>
<bc code='184' bci='9'/>
<call method='1285' instr='invokestatic'/>
<inline_success reason='inline'/>
<parse method='1285'>
<parse_done stamp='0.071'/>
</parse>
<parse_done stamp='0.071'/>
</parse>
<parse_done stamp='0.071'/>
</parse>
<bc code='184' bci='133'/>
<method id='1287' holder='1258' name='CENLEN' return='1113' arguments='1241 1112' flags='24' bytes='9' iicount='144'/>
<call method='1287' instr='invokestatic'/>
<inline_success reason='inline'/>
<parse method='1287'>
<bc code='184' bci='5'/>
<call method='1283' instr='invokestatic'/>
<inline_success reason='inline'/>
<parse method='1283'>
<bc code='184' bci='2'/>
<call method='1285' instr='invokestatic'/>
<inline_success reason='inline'/>
<parse method='1285'>
<parse_done stamp='0.071'/>
</parse>
<bc code='184' bci='9'/>
<call method='1285' instr='invokestatic'/>
<inline_success reason='inline'/>
<parse method='1285'>
<parse_done stamp='0.071'/>
</parse>
<parse_done stamp='0.071'/>
</parse>
<parse_done stamp='0.071'/>
</parse>
<bc code='182' bci='147'/>
<method id='1289' holder='1249' name='checkZip64ExtraFieldValues' return='1114' arguments='1112 1112 1113 1113' flags='2' bytes='104' iicount='1'/>
<call method='1289' instr='invokevirtual'/>
<dependency type='leaf_type' ctxk='1249'/>
<inline_fail reason='callee is too large'/>
<phase_done stamp='0.071'/>
</phase>
<parse_done stamp='0.071'/>
</parse>
<phase name='optimize_blocks' stamp='0.071'>
<phase_done stamp='0.071'/>
</phase>
<phase name='gvn' stamp='0.071'>
<phase_done stamp='0.072'/>
</phase>
<phase name='rangeCheckElimination' stamp='0.072'>
<phase_done stamp='0.072'/>
</phase>
<phase name='optimize_null_checks' stamp='0.072'>
<phase_done stamp='0.072'/>
</phase>
<phase_done stamp='0.072'/>
</phase>
<phase name='emit_lir' stamp='0.072'>
<phase name='lirGeneration' stamp='0.072'>
<phase_done stamp='0.072'/>
</phase>
<phase name='linearScan' stamp='0.072'>
<phase_done stamp='0.072'/>
</phase>
<phase_done stamp='0.072'/>
</phase>
<phase name='codeemit' stamp='0.072'>
<phase_done stamp='0.072'/>
</phase>
<phase name='codeinstall' stamp='0.072'>
<dependency type='leaf_type' ctxk='1249'/>
<phase_done stamp='0.072'/>
</phase>
<code_cache total_blobs='586' nmethods='223' adapters='277' free_code_cache='250201728'/>
<task_done success='1' nmsize='5632' count='939' backedge_count='939' inlined_bytes='327' stamp='0.072'/>
</task>
<task compile_id='227' method='java.util.jar.Manifest$FastInputStream readLine ([B)I' bytes='9' count='293' iicount='293' level='3' stamp='0.072'>
<phase name='setup' stamp='0.073'>
<phase_done stamp='0.073'/>
</phase>
<phase name='buildIR' stamp='0.073'>
<type id='1112' name='int'/>
<klass id='1241' name='[B' flags='1041'/>
<klass id='1249' name='java.util.jar.Manifest$FastInputStream' flags='8'/>
<method id='1250' holder='1249' name='readLine' return='1112' arguments='1241' flags='1' bytes='9' iicount='293'/>
<parse method='1250'  stamp='0.073'>
<phase name='parse_hir' stamp='0.073'>
<bc code='182' bci='5'/>
<method id='1252' holder='1249' name='readLine' return='1112' arguments='1241 1112 1112' flags='1' bytes='296' compile_id='216' compiler='c1' level='3' iicount='293'/>
<call method='1252' instr='invokevirtual'/>
<dependency type='leaf_type' ctxk='1249'/>
<inline_fail reason='callee is too large'/>
<dependency type='leaf_type' ctxk='1249'/>
<phase_done stamp='0.073'/>
</phase>
<parse_done stamp='0.073'/>
</parse>
<phase name='optimize_blocks' stamp='0.073'>
<phase_done stamp='0.073'/>
</phase>
<phase name='gvn' stamp='0.073'>
<phase_done stamp='0.073'/>
</phase>
<phase name='rangeCheckElimination' stamp='0.073'>
<phase_done stamp='0.073'/>
</phase>
<phase name='optimize_null_checks' stamp='0.073'>
<phase_done stamp='0.073'/>
</phase>
<phase_done stamp='0.073'/>
</phase>
<phase name='emit_lir' stamp='0.073'>
<phase name='lirGeneration' stamp='0.073'>
<phase_done stamp='0.073'/>
</phase>
<phase name='linearScan' stamp='0.073'>
<phase_done stamp='0.073'/>
</phase>
<phase_done stamp='0.073'/>
</phase>
<phase name='codeemit' stamp='0.073'>
<phase_done stamp='0.073'/>
</phase>
<phase name='codeinstall' stamp='0.073'>
<dependency type='leaf_type' ctxk='1249'/>
<phase_done stamp='0.073'/>
</phase>
<code_cache total_blobs='587' nmethods='224' adapters='277' free_code_cache='250200704'/>
<task_done success='1' nmsize='352' count='293' stamp='0.073'/>
</task>
<task compile_id='226' method='java.util.LinkedHashMap removeEldestEntry (Ljava/util/Map$Entry;)Z' bytes='2' count='149' iicount='149' level='1' stamp='0.073'>
<phase name='setup' stamp='0.073'>
<phase_done stamp='0.073'/>
</phase>
<phase name='buildIR' stamp='0.073'>
<type id='1106' name='boolean'/>
<klass id='1250' name='java.util.Map$Entry' flags='1545'/>
<klass id='1249' name='java.util.LinkedHashMap' flags='1'/>
<method id='1251' holder='1249' name='removeEldestEntry' return='1106' arguments='1250' flags='4' bytes='2' iicount='149'/>
<parse method='1251'  stamp='0.073'>
<phase name='parse_hir' stamp='0.073'>
<phase_done stamp='0.073'/>
</phase>
<parse_done stamp='0.073'/>
</parse>
<phase name='optimize_blocks' stamp='0.073'>
<phase_done stamp='0.073'/>
</phase>
<phase name='gvn' stamp='0.073'>
<phase_done stamp='0.073'/>
</phase>
<phase name='rangeCheckElimination' stamp='0.073'>
<phase_done stamp='0.073'/>
</phase>
<phase name='optimize_null_checks' stamp='0.073'>
<phase_done stamp='0.073'/>
</phase>
<phase_done stamp='0.073'/>
</phase>
<phase name='emit_lir' stamp='0.073'>
<phase name='lirGeneration' stamp='0.073'>
<phase_done stamp='0.073'/>
</phase>
<phase name='linearScan' stamp='0.073'>
<phase_done stamp='0.073'/>
</phase>
<phase_done stamp='0.073'/>
</phase>
<phase name='codeemit' stamp='0.073'>
<phase_done stamp='0.073'/>
</phase>
<phase name='codeinstall' stamp='0.073'>
<phase_done stamp='0.073'/>
</phase>
<code_cache total_blobs='588' nmethods='225' adapters='277' free_code_cache='250199936'/>
<task_done success='1' nmsize='208' count='149' stamp='0.073'/>
</task>
<task compile_id='228' method='java.lang.Integer intValue ()I' bytes='5' count='128' iicount='128' level='1' stamp='0.073'>
<phase name='setup' stamp='0.073'>
<phase_done stamp='0.073'/>
</phase>
<phase name='buildIR' stamp='0.073'>
<type id='1112' name='int'/>
<klass id='1226' name='java.lang.Integer' flags='17'/>
<method id='1249' holder='1226' name='intValue' return='1112' flags='1' bytes='5' iicount='128'/>
<parse method='1249'  stamp='0.073'>
<phase name='parse_hir' stamp='0.073'>
<phase_done stamp='0.073'/>
</phase>
<parse_done stamp='0.073'/>
</parse>
<phase name='optimize_blocks' stamp='0.073'>
<phase_done stamp='0.073'/>
</phase>
<phase name='gvn' stamp='0.073'>
<phase_done stamp='0.073'/>
</phase>
<phase name='rangeCheckElimination' stamp='0.073'>
<phase_done stamp='0.073'/>
</phase>
<phase name='optimize_null_checks' stamp='0.073'>
<phase_done stamp='0.073'/>
</phase>
<phase_done stamp='0.073'/>
</phase>
<phase name='emit_lir' stamp='0.073'>
<phase name='lirGeneration' stamp='0.073'>
<phase_done stamp='0.073'/>
</phase>
<phase name='linearScan' stamp='0.073'>
<phase_done stamp='0.073'/>
</phase>
<phase_done stamp='0.073'/>
</phase>
<phase name='codeemit' stamp='0.073'>
<phase_done stamp='0.073'/>
</phase>
<phase name='codeinstall' stamp='0.073'>
<phase_done stamp='0.073'/>
</phase>
<code_cache total_blobs='589' nmethods='226' adapters='277' free_code_cache='250199168'/>
<task_done success='1' nmsize='208' count='128' stamp='0.073'/>
</task>
<task compile_id='229' method='java.net.URL getRef ()Ljava/lang/String;' bytes='5' count='128' iicount='128' level='1' stamp='0.073'>
<phase name='setup' stamp='0.073'>
<phase_done stamp='0.073'/>
</phase>
<phase name='buildIR' stamp='0.073'>
<klass id='1120' name='java.lang.String' flags='17'/>
<klass id='1200' name='java.net.URL' flags='17'/>
<method id='1249' holder='1200' name='getRef' return='1120' flags='1' bytes='5' iicount='128'/>
<parse method='1249'  stamp='0.073'>
<phase name='parse_hir' stamp='0.073'>
<phase_done stamp='0.073'/>
</phase>
<parse_done stamp='0.073'/>
</parse>
<phase name='optimize_blocks' stamp='0.073'>
<phase_done stamp='0.073'/>
</phase>
<phase name='gvn' stamp='0.073'>
<phase_done stamp='0.073'/>
</phase>
<phase name='rangeCheckElimination' stamp='0.073'>
<phase_done stamp='0.073'/>
</phase>
<phase name='optimize_null_checks' stamp='0.073'>
<phase_done stamp='0.073'/>
</phase>
<phase_done stamp='0.073'/>
</phase>
<phase name='emit_lir' stamp='0.073'>
<phase name='lirGeneration' stamp='0.073'>
<phase_done stamp='0.073'/>
</phase>
<phase name='linearScan' stamp='0.073'>
<phase_done stamp='0.073'/>
</phase>
<phase_done stamp='0.073'/>
</phase>
<phase name='codeemit' stamp='0.073'>
<phase_done stamp='0.073'/>
</phase>
<phase name='codeinstall' stamp='0.073'>
<phase_done stamp='0.073'/>
</phase>
<code_cache total_blobs='590' nmethods='227' adapters='277' free_code_cache='250198400'/>
<task_done success='1' nmsize='208' count='128' stamp='0.073'/>
</task>
<task compile_id='233' method='java.lang.String startsWith (Ljava/lang/String;)Z' bytes='7' count='385' iicount='385' level='3' stamp='0.074'>
<phase name='setup' stamp='0.074'>
<phase_done stamp='0.074'/>
</phase>
<phase name='buildIR' stamp='0.074'>
<type id='1106' name='boolean'/>
<klass id='1120' name='java.lang.String' flags='17'/>
<method id='1249' holder='1120' name='startsWith' return='1106' arguments='1120' flags='1' bytes='7' iicount='387'/>
<parse method='1249'  stamp='0.074'>
<phase name='parse_hir' stamp='0.074'>
<bc code='182' bci='3'/>
<type id='1112' name='int'/>
<method id='1251' holder='1120' name='startsWith' return='1106' arguments='1120 1112' flags='1' bytes='138' compile_id='150' compiler='c1' level='3' iicount='1230'/>
<call method='1251' instr='invokevirtual'/>
<inline_fail reason='callee is too large'/>
<phase_done stamp='0.074'/>
</phase>
<parse_done stamp='0.074'/>
</parse>
<phase name='optimize_blocks' stamp='0.074'>
<phase_done stamp='0.074'/>
</phase>
<phase name='gvn' stamp='0.074'>
<phase_done stamp='0.074'/>
</phase>
<phase name='rangeCheckElimination' stamp='0.074'>
<phase_done stamp='0.074'/>
</phase>
<phase name='optimize_null_checks' stamp='0.074'>
<phase_done stamp='0.074'/>
</phase>
<phase_done stamp='0.074'/>
</phase>
<phase name='emit_lir' stamp='0.074'>
<phase name='lirGeneration' stamp='0.074'>
<phase_done stamp='0.074'/>
</phase>
<phase name='linearScan' stamp='0.074'>
<phase_done stamp='0.074'/>
</phase>
<phase_done stamp='0.074'/>
</phase>
<phase name='codeemit' stamp='0.074'>
<phase_done stamp='0.074'/>
</phase>
<phase name='codeinstall' stamp='0.074'>
<phase_done stamp='0.074'/>
</phase>
<code_cache total_blobs='592' nmethods='229' adapters='277' free_code_cache='250196480'/>
<task_done success='1' nmsize='320' count='387' stamp='0.074'/>
</task>
<task compile_id='234' method='java.io.RandomAccessFile readFully ([BII)V' bytes='45' count='256' iicount='256' level='3' stamp='0.074'>
<phase name='setup' stamp='0.074'>
<phase_done stamp='0.074'/>
</phase>
<phase name='buildIR' stamp='0.074'>
<type id='1114' name='void'/>
<klass id='1241' name='[B' flags='1041'/>
<type id='1112' name='int'/>
<klass id='1249' name='java.io.RandomAccessFile' flags='1'/>
<method id='1250' holder='1249' name='readFully' return='1114' arguments='1241 1112 1112' flags='17' bytes='45' iicount='256'/>
<parse method='1250'  stamp='0.074'>
<phase name='parse_hir' stamp='0.074'>
<bc code='182' bci='13'/>
<method id='1252' holder='1249' name='read' return='1112' arguments='1241 1112 1112' flags='1' bytes='8' compile_id='221' compiler='c1' level='3' iicount='311'/>
<call method='1252' instr='invokevirtual'/>
<dependency type='leaf_type' ctxk='1249'/>
<inline_success reason='inline'/>
<dependency type='leaf_type' ctxk='1249'/>
<parse method='1252'>
<bc code='182' bci='4'/>
<method id='1254' holder='1249' name='readBytes' return='1112' arguments='1241 1112 1112' flags='258' bytes='0' compile_id='193' compile_kind='c2n' compiler='' level='0' iicount='128'/>
<call method='1254' instr='invokevirtual'/>
<dependency type='leaf_type' ctxk='1249'/>
<inline_fail reason='native method'/>
<parse_done stamp='0.074'/>
</parse>
<bc code='183' bci='27'/>
<klass id='1255' name='java.io.EOFException' unloaded='1'/>
<method id='1256' holder='1255' name='&lt;init&gt;' return='1114' unloaded='1'/>
<call method='1256' instr='invokespecial'/>
<inline_fail reason='not inlineable'/>
<phase_done stamp='0.074'/>
</phase>
<parse_done stamp='0.074'/>
</parse>
<phase name='optimize_blocks' stamp='0.074'>
<phase_done stamp='0.074'/>
</phase>
<phase name='gvn' stamp='0.074'>
<phase_done stamp='0.074'/>
</phase>
<phase name='rangeCheckElimination' stamp='0.074'>
<phase_done stamp='0.074'/>
</phase>
<phase name='optimize_null_checks' stamp='0.074'>
<phase_done stamp='0.074'/>
</phase>
<phase_done stamp='0.074'/>
</phase>
<phase name='emit_lir' stamp='0.074'>
<phase name='lirGeneration' stamp='0.074'>
<phase_done stamp='0.074'/>
</phase>
<phase name='linearScan' stamp='0.074'>
<phase_done stamp='0.075'/>
</phase>
<phase_done stamp='0.075'/>
</phase>
<phase name='codeemit' stamp='0.075'>
<phase_done stamp='0.075'/>
</phase>
<phase name='codeinstall' stamp='0.075'>
<dependency type='leaf_type' ctxk='1249'/>
<phase_done stamp='0.075'/>
</phase>
<code_cache total_blobs='593' nmethods='230' adapters='277' free_code_cache='250194688'/>
<task_done success='1' nmsize='880' count='258' inlined_bytes='8' stamp='0.075'/>
</task>
<task compile_id='235' method='java.io.RandomAccessFile seek (J)V' bytes='22' count='257' iicount='257' level='3' stamp='0.075'>
<phase name='setup' stamp='0.075'>
<phase_done stamp='0.075'/>
</phase>
<phase name='buildIR' stamp='0.075'>
<type id='1114' name='void'/>
<type id='1113' name='long'/>
<klass id='1249' name='java.io.RandomAccessFile' flags='1'/>
<method id='1250' holder='1249' name='seek' return='1114' arguments='1113' flags='1' bytes='22' iicount='258'/>
<parse method='1250'  stamp='0.075'>
<phase name='parse_hir' stamp='0.075'>
<bc code='183' bci='12'/>
<klass id='1120' name='java.lang.String' flags='17'/>
<klass id='1252' name='java.io.IOException' flags='1'/>
<method id='1254' holder='1252' name='&lt;init&gt;' return='1114' arguments='1120' flags='1' bytes='6' iicount='1'/>
<call method='1254' instr='invokespecial'/>
<inline_fail reason='don&apos;t inline Throwable constructors'/>
<bc code='182' bci='18'/>
<method id='1256' holder='1249' name='seek0' return='1114' arguments='1113' flags='258' bytes='0' compile_id='206' compile_kind='c2n' compiler='' level='0' iicount='128'/>
<call method='1256' instr='invokevirtual'/>
<dependency type='leaf_type' ctxk='1249'/>
<inline_fail reason='native method'/>
<phase_done stamp='0.075'/>
</phase>
<parse_done stamp='0.075'/>
</parse>
<phase name='optimize_blocks' stamp='0.075'>
<phase_done stamp='0.075'/>
</phase>
<phase name='gvn' stamp='0.075'>
<phase_done stamp='0.075'/>
</phase>
<phase name='rangeCheckElimination' stamp='0.075'>
<phase_done stamp='0.075'/>
</phase>
<phase name='optimize_null_checks' stamp='0.075'>
<phase_done stamp='0.075'/>
</phase>
<phase_done stamp='0.075'/>
</phase>
<phase name='emit_lir' stamp='0.075'>
<phase name='lirGeneration' stamp='0.075'>
<phase_done stamp='0.075'/>
</phase>
<phase name='linearScan' stamp='0.075'>
<phase_done stamp='0.075'/>
</phase>
<phase_done stamp='0.075'/>
</phase>
<phase name='codeemit' stamp='0.075'>
<phase_done stamp='0.075'/>
</phase>
<phase name='codeinstall' stamp='0.075'>
<dependency type='leaf_type' ctxk='1249'/>
<phase_done stamp='0.076'/>
</phase>
<code_cache total_blobs='594' nmethods='231' adapters='277' free_code_cache='250193408'/>
<task_done success='1' nmsize='560' count='264' stamp='0.076'/>
</task>
<task compile_id='236' method='java.util.Objects checkFromIndexSize (III)I' bytes='8' count='256' iicount='256' level='3' stamp='0.076'>
<phase name='setup' stamp='0.076'>
<phase_done stamp='0.076'/>
</phase>
<phase name='buildIR' stamp='0.076'>
<type id='1112' name='int'/>
<klass id='1249' name='java.util.Objects' flags='17'/>
<method id='1250' holder='1249' name='checkFromIndexSize' return='1112' arguments='1112 1112 1112' flags='9' bytes='8' iicount='256'/>
<parse method='1250'  stamp='0.076'>
<phase name='parse_hir' stamp='0.076'>
<bc code='184' bci='4'/>
<klass id='1253' name='java.util.function.BiFunction' flags='1537'/>
<klass id='1252' name='jdk.internal.util.Preconditions' flags='1'/>
<method id='1254' holder='1252' name='checkFromIndexSize' return='1112' arguments='1112 1112 1112 1253' flags='9' bytes='25' iicount='256'/>
<call method='1254' instr='invokestatic'/>
<inline_success reason='inline'/>
<parse method='1254'>
<bc code='184' bci='19'/>
<klass id='1130' name='java.lang.RuntimeException' flags='1'/>
<method id='1256' holder='1252' name='outOfBoundsCheckFromIndexSize' return='1130' arguments='1253 1112 1112 1112' flags='10' bytes='32' iicount='1'/>
<call method='1256' instr='invokestatic'/>
<inline_fail reason='callee is too large'/>
<parse_done stamp='0.076'/>
</parse>
<phase_done stamp='0.076'/>
</phase>
<parse_done stamp='0.076'/>
</parse>
<phase name='optimize_blocks' stamp='0.076'>
<phase_done stamp='0.076'/>
</phase>
<phase name='gvn' stamp='0.076'>
<phase_done stamp='0.076'/>
</phase>
<phase name='rangeCheckElimination' stamp='0.076'>
<phase_done stamp='0.076'/>
</phase>
<phase name='optimize_null_checks' stamp='0.076'>
<phase_done stamp='0.076'/>
</phase>
<phase_done stamp='0.076'/>
</phase>
<phase name='emit_lir' stamp='0.076'>
<phase name='lirGeneration' stamp='0.076'>
<phase_done stamp='0.076'/>
</phase>
<phase name='linearScan' stamp='0.076'>
<phase_done stamp='0.076'/>
</phase>
<phase_done stamp='0.076'/>
</phase>
<phase name='codeemit' stamp='0.076'>
<phase_done stamp='0.076'/>
</phase>
<phase name='codeinstall' stamp='0.076'>
<phase_done stamp='0.076'/>
</phase>
<code_cache total_blobs='595' nmethods='232' adapters='277' free_code_cache='250192128'/>
<task_done success='1' nmsize='512' count='256' inlined_bytes='25' stamp='0.076'/>
</task>
<task compile_id='238' method='jdk.internal.util.ArraysSupport newLength (III)I' bytes='27' count='385' iicount='385' level='3' stamp='0.076'>
<phase name='setup' stamp='0.076'>
<phase_done stamp='0.076'/>
</phase>
<phase name='buildIR' stamp='0.076'>
<type id='1112' name='int'/>
<klass id='1249' name='jdk.internal.util.ArraysSupport' flags='1'/>
<method id='1250' holder='1249' name='newLength' return='1112' arguments='1112 1112 1112' flags='9' bytes='27' iicount='385'/>
<parse method='1250'  stamp='0.076'>
<phase name='parse_hir' stamp='0.076'>
<bc code='184' bci='3'/>
<klass id='1252' name='java.lang.Math' flags='17'/>
<method id='1253' holder='1252' name='max' return='1112' arguments='1112 1112' flags='9' bytes='11' compile_id='203' compiler='c2' level='4' iicount='6074'/>
<call method='1253' instr='invokestatic'/>
<inline_success reason='inline'/>
<parse method='1253'>
<parse_done stamp='0.076'/>
</parse>
<bc code='184' bci='23'/>
<method id='1255' holder='1249' name='hugeLength' return='1112' arguments='1112 1112' flags='10' bytes='60' iicount='1'/>
<call method='1255' instr='invokestatic'/>
<inline_fail reason='callee is too large'/>
<phase_done stamp='0.076'/>
</phase>
<parse_done stamp='0.076'/>
</parse>
<phase name='optimize_blocks' stamp='0.076'>
<phase_done stamp='0.076'/>
</phase>
<phase name='gvn' stamp='0.076'>
<phase_done stamp='0.076'/>
</phase>
<phase name='rangeCheckElimination' stamp='0.076'>
<phase_done stamp='0.076'/>
</phase>
<phase name='optimize_null_checks' stamp='0.076'>
<phase_done stamp='0.076'/>
</phase>
<phase_done stamp='0.076'/>
</phase>
<phase name='emit_lir' stamp='0.076'>
<phase name='lirGeneration' stamp='0.076'>
<phase_done stamp='0.076'/>
</phase>
<phase name='linearScan' stamp='0.076'>
<phase_done stamp='0.076'/>
</phase>
<phase_done stamp='0.076'/>
</phase>
<phase name='codeemit' stamp='0.076'>
<phase_done stamp='0.076'/>
</phase>
<phase name='codeinstall' stamp='0.076'>
<phase_done stamp='0.077'/>
</phase>
<code_cache total_blobs='596' nmethods='233' adapters='277' free_code_cache='250190848'/>
<task_done success='1' nmsize='608' count='388' inlined_bytes='11' stamp='0.077'/>
</task>
<task compile_id='237' method='jdk.internal.util.Preconditions checkFromIndexSize (IIILjava/util/function/BiFunction;)I' bytes='25' count='256' iicount='256' level='3' stamp='0.077'>
<phase name='setup' stamp='0.077'>
<phase_done stamp='0.077'/>
</phase>
<phase name='buildIR' stamp='0.077'>
<type id='1112' name='int'/>
<klass id='1250' name='java.util.function.BiFunction' flags='1537'/>
<klass id='1249' name='jdk.internal.util.Preconditions' flags='1'/>
<method id='1251' holder='1249' name='checkFromIndexSize' return='1112' arguments='1112 1112 1112 1250' flags='9' bytes='25' iicount='256'/>
<parse method='1251'  stamp='0.077'>
<phase name='parse_hir' stamp='0.077'>
<bc code='184' bci='19'/>
<klass id='1130' name='java.lang.RuntimeException' flags='1'/>
<method id='1253' holder='1249' name='outOfBoundsCheckFromIndexSize' return='1130' arguments='1250 1112 1112 1112' flags='10' bytes='32' iicount='1'/>
<call method='1253' instr='invokestatic'/>
<inline_fail reason='callee uses too much stack'/>
<phase_done stamp='0.077'/>
</phase>
<parse_done stamp='0.077'/>
</parse>
<phase name='optimize_blocks' stamp='0.077'>
<phase_done stamp='0.077'/>
</phase>
<phase name='gvn' stamp='0.077'>
<phase_done stamp='0.077'/>
</phase>
<phase name='rangeCheckElimination' stamp='0.077'>
<phase_done stamp='0.077'/>
</phase>
<phase name='optimize_null_checks' stamp='0.077'>
<phase_done stamp='0.077'/>
</phase>
<phase_done stamp='0.077'/>
</phase>
<phase name='emit_lir' stamp='0.077'>
<phase name='lirGeneration' stamp='0.077'>
<phase_done stamp='0.077'/>
</phase>
<phase name='linearScan' stamp='0.077'>
<phase_done stamp='0.077'/>
</phase>
<phase_done stamp='0.077'/>
</phase>
<phase name='codeemit' stamp='0.077'>
<phase_done stamp='0.077'/>
</phase>
<phase name='codeinstall' stamp='0.077'>
<phase_done stamp='0.077'/>
</phase>
<code_cache total_blobs='597' nmethods='234' adapters='277' free_code_cache='250189824'/>
<task_done success='1' nmsize='416' count='256' stamp='0.077'/>
</task>
<task compile_id='240' method='java.util.zip.ZipFile ensureOpen ()V' bytes='40' count='267' iicount='267' level='3' stamp='0.077'>
<phase name='setup' stamp='0.077'>
<phase_done stamp='0.077'/>
</phase>
<phase name='buildIR' stamp='0.077'>
<type id='1114' name='void'/>
<klass id='1249' name='java.util.zip.ZipFile' flags='1'/>
<method id='1250' holder='1249' name='ensureOpen' return='1114' flags='2' bytes='40' iicount='275'/>
<parse method='1250'  stamp='0.077'>
<phase name='parse_hir' stamp='0.077'>
<bc code='183' bci='14'/>
<klass id='1120' name='java.lang.String' flags='17'/>
<klass id='1252' name='java.lang.IllegalStateException' unloaded='1'/>
<method id='1254' holder='1252' name='&lt;init&gt;' return='1114' arguments='1120' unloaded='1'/>
<call method='1254' instr='invokespecial'/>
<inline_fail reason='not inlineable'/>
<bc code='183' bci='35'/>
<call method='1254' instr='invokespecial'/>
<inline_fail reason='not inlineable'/>
<phase_done stamp='0.077'/>
</phase>
<parse_done stamp='0.077'/>
</parse>
<phase name='optimize_blocks' stamp='0.077'>
<phase_done stamp='0.077'/>
</phase>
<phase name='gvn' stamp='0.077'>
<phase_done stamp='0.077'/>
</phase>
<phase name='rangeCheckElimination' stamp='0.077'>
<phase_done stamp='0.077'/>
</phase>
<phase name='optimize_null_checks' stamp='0.077'>
<phase_done stamp='0.077'/>
</phase>
<phase_done stamp='0.077'/>
</phase>
<phase name='emit_lir' stamp='0.077'>
<phase name='lirGeneration' stamp='0.077'>
<phase_done stamp='0.077'/>
</phase>
<phase name='linearScan' stamp='0.077'>
<phase_done stamp='0.077'/>
</phase>
<phase_done stamp='0.077'/>
</phase>
<phase name='codeemit' stamp='0.077'>
<phase_done stamp='0.077'/>
</phase>
<phase name='codeinstall' stamp='0.077'>
<phase_done stamp='0.077'/>
</phase>
<code_cache total_blobs='598' nmethods='235' adapters='277' free_code_cache='250188416'/>
<task_done success='1' nmsize='624' count='297' stamp='0.077'/>
</task>
<task compile_id='242' method='java.lang.AbstractStringBuilder newCapacity (I)I' bytes='59' count='381' iicount='381' level='3' stamp='0.077'>
<phase name='setup' stamp='0.077'>
<phase_done stamp='0.077'/>
</phase>
<phase name='buildIR' stamp='0.077'>
<type id='1112' name='int'/>
<klass id='1192' name='java.lang.AbstractStringBuilder' flags='1024'/>
<method id='1249' holder='1192' name='newCapacity' return='1112' arguments='1112' flags='2' bytes='59' iicount='381'/>
<parse method='1249'  stamp='0.077'>
<phase name='parse_hir' stamp='0.077'>
<bc code='184' bci='29'/>
<klass id='1251' name='jdk.internal.util.ArraysSupport' flags='1'/>
<method id='1252' holder='1251' name='newLength' return='1112' arguments='1112 1112 1112' flags='9' bytes='27' compile_id='238' compiler='c1' level='3' iicount='411'/>
<call method='1252' instr='invokestatic'/>
<inline_success reason='inline'/>
<parse method='1252'>
<bc code='184' bci='3'/>
<klass id='1254' name='java.lang.Math' flags='17'/>
<method id='1255' holder='1254' name='max' return='1112' arguments='1112 1112' flags='9' bytes='11' compile_id='203' compiler='c2' level='4' iicount='6097'/>
<call method='1255' instr='invokestatic'/>
<inline_success reason='inline'/>
<parse method='1255'>
<parse_done stamp='0.077'/>
</parse>
<bc code='184' bci='23'/>
<method id='1257' holder='1251' name='hugeLength' return='1112' arguments='1112 1112' flags='10' bytes='60' iicount='1'/>
<call method='1257' instr='invokestatic'/>
<inline_fail reason='callee is too large'/>
<parse_done stamp='0.077'/>
</parse>
<bc code='183' bci='47'/>
<type id='1114' name='void'/>
<klass id='1120' name='java.lang.String' flags='17'/>
<klass id='1145' name='java.lang.OutOfMemoryError' flags='1'/>
<method id='1260' holder='1145' name='&lt;init&gt;' return='1114' arguments='1120' flags='1' bytes='6' iicount='1'/>
<call method='1260' instr='invokespecial'/>
<inline_fail reason='don&apos;t inline Throwable constructors'/>
<phase_done stamp='0.077'/>
</phase>
<parse_done stamp='0.077'/>
</parse>
<phase name='optimize_blocks' stamp='0.077'>
<phase_done stamp='0.077'/>
</phase>
<phase name='gvn' stamp='0.077'>
<phase_done stamp='0.077'/>
</phase>
<phase name='rangeCheckElimination' stamp='0.077'>
<phase_done stamp='0.077'/>
</phase>
<phase name='optimize_null_checks' stamp='0.077'>
<phase_done stamp='0.077'/>
</phase>
<phase_done stamp='0.077'/>
</phase>
<phase name='emit_lir' stamp='0.077'>
<phase name='lirGeneration' stamp='0.077'>
<phase_done stamp='0.077'/>
</phase>
<phase name='linearScan' stamp='0.077'>
<phase_done stamp='0.077'/>
</phase>
<phase_done stamp='0.077'/>
</phase>
<phase name='codeemit' stamp='0.077'>
<phase_done stamp='0.077'/>
</phase>
<phase name='codeinstall' stamp='0.077'>
<phase_done stamp='0.077'/>
</phase>
<code_cache total_blobs='599' nmethods='236' adapters='277' free_code_cache='250186496'/>
<task_done success='1' nmsize='976' count='383' inlined_bytes='38' stamp='0.077'/>
</task>
<task compile_id='243' method='java.util.zip.ZipFile$Source getEntryNext (I)I' bytes='9' count='284' iicount='284' level='3' stamp='0.077'>
<phase name='setup' stamp='0.077'>
<phase_done stamp='0.077'/>
</phase>
<phase name='buildIR' stamp='0.077'>
<type id='1112' name='int'/>
<klass id='1249' name='java.util.zip.ZipFile$Source' flags='10'/>
<method id='1250' holder='1249' name='getEntryNext' return='1112' arguments='1112' flags='2' bytes='9' iicount='284'/>
<parse method='1250'  stamp='0.077'>
<phase name='parse_hir' stamp='0.077'>
<phase_done stamp='0.077'/>
</phase>
<parse_done stamp='0.077'/>
</parse>
<phase name='optimize_blocks' stamp='0.077'>
<phase_done stamp='0.077'/>
</phase>
<phase name='gvn' stamp='0.077'>
<phase_done stamp='0.077'/>
</phase>
<phase name='rangeCheckElimination' stamp='0.077'>
<phase_done stamp='0.077'/>
</phase>
<phase name='optimize_null_checks' stamp='0.077'>
<phase_done stamp='0.077'/>
</phase>
<phase_done stamp='0.077'/>
</phase>
<phase name='emit_lir' stamp='0.077'>
<phase name='lirGeneration' stamp='0.077'>
<phase_done stamp='0.077'/>
</phase>
<phase name='linearScan' stamp='0.077'>
<phase_done stamp='0.077'/>
</phase>
<phase_done stamp='0.077'/>
</phase>
<phase name='codeemit' stamp='0.077'>
<phase_done stamp='0.077'/>
</phase>
<phase name='codeinstall' stamp='0.077'>
<phase_done stamp='0.077'/>
</phase>
<code_cache total_blobs='600' nmethods='237' adapters='277' free_code_cache='250185600'/>
<task_done success='1' nmsize='304' count='284' stamp='0.077'/>
</task>
<task compile_id='244' method='java.util.ArrayList size ()I' bytes='5' count='129' iicount='129' level='1' stamp='0.078'>
<phase name='setup' stamp='0.078'>
<phase_done stamp='0.078'/>
</phase>
<phase name='buildIR' stamp='0.078'>
<type id='1112' name='int'/>
<klass id='1211' name='java.util.ArrayList' flags='1'/>
<method id='1249' holder='1211' name='size' return='1112' flags='1' bytes='5' iicount='134'/>
<parse method='1249'  stamp='0.078'>
<phase name='parse_hir' stamp='0.078'>
<phase_done stamp='0.078'/>
</phase>
<parse_done stamp='0.078'/>
</parse>
<phase name='optimize_blocks' stamp='0.078'>
<phase_done stamp='0.078'/>
</phase>
<phase name='gvn' stamp='0.078'>
<phase_done stamp='0.078'/>
</phase>
<phase name='rangeCheckElimination' stamp='0.078'>
<phase_done stamp='0.078'/>
</phase>
<phase name='optimize_null_checks' stamp='0.078'>
<phase_done stamp='0.078'/>
</phase>
<phase_done stamp='0.078'/>
</phase>
<phase name='emit_lir' stamp='0.078'>
<phase name='lirGeneration' stamp='0.078'>
<phase_done stamp='0.078'/>
</phase>
<phase name='linearScan' stamp='0.078'>
<phase_done stamp='0.078'/>
</phase>
<phase_done stamp='0.078'/>
</phase>
<phase name='codeemit' stamp='0.078'>
<phase_done stamp='0.078'/>
</phase>
<phase name='codeinstall' stamp='0.078'>
<phase_done stamp='0.078'/>
</phase>
<code_cache total_blobs='601' nmethods='238' adapters='277' free_code_cache='250184832'/>
<task_done success='1' nmsize='208' count='140' stamp='0.078'/>
</task>
<task compile_id='247' method='java.util.zip.ZipFile$Source getEntryHash (I)I' bytes='7' count='398' iicount='398' level='3' stamp='0.078'>
<phase name='setup' stamp='0.078'>
<phase_done stamp='0.078'/>
</phase>
<phase name='buildIR' stamp='0.078'>
<type id='1112' name='int'/>
<klass id='1249' name='java.util.zip.ZipFile$Source' flags='10'/>
<method id='1250' holder='1249' name='getEntryHash' return='1112' arguments='1112' flags='2' bytes='7' iicount='408'/>
<parse method='1250'  stamp='0.078'>
<phase name='parse_hir' stamp='0.078'>
<phase_done stamp='0.078'/>
</phase>
<parse_done stamp='0.078'/>
</parse>
<phase name='optimize_blocks' stamp='0.078'>
<phase_done stamp='0.078'/>
</phase>
<phase name='gvn' stamp='0.078'>
<phase_done stamp='0.078'/>
</phase>
<phase name='rangeCheckElimination' stamp='0.078'>
<phase_done stamp='0.078'/>
</phase>
<phase name='optimize_null_checks' stamp='0.078'>
<phase_done stamp='0.078'/>
</phase>
<phase_done stamp='0.078'/>
</phase>
<phase name='emit_lir' stamp='0.078'>
<phase name='lirGeneration' stamp='0.078'>
<phase_done stamp='0.078'/>
</phase>
<phase name='linearScan' stamp='0.078'>
<phase_done stamp='0.078'/>
</phase>
<phase_done stamp='0.078'/>
</phase>
<phase name='codeemit' stamp='0.078'>
<phase_done stamp='0.078'/>
</phase>
<phase name='codeinstall' stamp='0.078'>
<phase_done stamp='0.078'/>
</phase>
<code_cache total_blobs='602' nmethods='239' adapters='277' free_code_cache='250183936'/>
<task_done success='1' nmsize='304' count='430' stamp='0.078'/>
</task>
<task compile_id='248' method='java.util.HashSet &lt;init&gt; ()V' bytes='16' count='513' iicount='513' level='3' stamp='0.078'>
<phase name='setup' stamp='0.078'>
<phase_done stamp='0.078'/>
</phase>
<phase name='buildIR' stamp='0.078'>
<type id='1114' name='void'/>
<klass id='1249' name='java.util.HashSet' flags='1'/>
<method id='1250' holder='1249' name='&lt;init&gt;' return='1114' flags='1' bytes='16' iicount='513'/>
<parse method='1250'  stamp='0.078'>
<phase name='parse_hir' stamp='0.078'>
<bc code='183' bci='1'/>
<klass id='1252' name='java.util.AbstractSet' flags='1025'/>
<method id='1253' holder='1252' name='&lt;init&gt;' return='1114' flags='4' bytes='5' compile_id='117' compiler='c1' level='3' iicount='812'/>
<call method='1253' instr='invokespecial'/>
<inline_success reason='inline'/>
<parse method='1253'>
<bc code='183' bci='1'/>
<klass id='1209' name='java.util.AbstractCollection' flags='1025'/>
<method id='1255' holder='1209' name='&lt;init&gt;' return='1114' flags='4' bytes='5' compile_id='16' compiler='c1' level='3' iicount='1912'/>
<call method='1255' instr='invokespecial'/>
<inline_success reason='inline'/>
<parse method='1255'>
<bc code='183' bci='1'/>
<klass id='1119' name='java.lang.Object' flags='1'/>
<method id='1257' holder='1119' name='&lt;init&gt;' return='1114' flags='1' bytes='1' compile_id='13' compiler='c2' level='4' iicount='12610'/>
<call method='1257' instr='invokespecial'/>
<inline_success reason='inline'/>
<parse method='1257'>
<bc code='177' bci='0'/>
<dependency type='no_finalizable_subclasses' ctxk='1249'/>
<parse_done stamp='0.078'/>
</parse>
<parse_done stamp='0.078'/>
</parse>
<parse_done stamp='0.078'/>
</parse>
<bc code='183' bci='9'/>
<klass id='1259' name='java.util.HashMap' flags='1'/>
<method id='1260' holder='1259' name='&lt;init&gt;' return='1114' flags='1' bytes='11' compile_id='140' compiler='c1' level='3' iicount='701'/>
<call method='1260' instr='invokespecial'/>
<inline_success reason='inline'/>
<parse method='1260'>
<bc code='183' bci='1'/>
<klass id='1207' name='java.util.AbstractMap' flags='1025'/>
<method id='1262' holder='1207' name='&lt;init&gt;' return='1114' flags='4' bytes='5' compile_id='133' compiler='c1' level='3' iicount='874'/>
<call method='1262' instr='invokespecial'/>
<inline_success reason='inline'/>
<parse method='1262'>
<bc code='183' bci='1'/>
<call method='1257' instr='invokespecial'/>
<inline_success reason='inline'/>
<parse method='1257'>
<parse_done stamp='0.078'/>
</parse>
<parse_done stamp='0.078'/>
</parse>
<parse_done stamp='0.078'/>
</parse>
<phase_done stamp='0.078'/>
</phase>
<parse_done stamp='0.078'/>
</parse>
<phase name='optimize_blocks' stamp='0.078'>
<phase_done stamp='0.078'/>
</phase>
<phase name='gvn' stamp='0.078'>
<phase_done stamp='0.078'/>
</phase>
<phase name='rangeCheckElimination' stamp='0.078'>
<phase_done stamp='0.078'/>
</phase>
<phase name='optimize_null_checks' stamp='0.078'>
<phase_done stamp='0.078'/>
</phase>
<phase_done stamp='0.078'/>
</phase>
<phase name='emit_lir' stamp='0.078'>
<phase name='lirGeneration' stamp='0.078'>
<phase_done stamp='0.078'/>
</phase>
<phase name='linearScan' stamp='0.078'>
<phase_done stamp='0.078'/>
</phase>
<phase_done stamp='0.078'/>
</phase>
<phase name='codeemit' stamp='0.078'>
<phase_done stamp='0.078'/>
</phase>
<phase name='codeinstall' stamp='0.078'>
<dependency type='no_finalizable_subclasses' ctxk='1249'/>
<phase_done stamp='0.078'/>
</phase>
<code_cache total_blobs='604' nmethods='241' adapters='277' free_code_cache='250181248'/>
<task_done success='1' nmsize='1040' count='513' inlined_bytes='28' stamp='0.078'/>
</task>
<task compile_id='245' method='java.lang.String substring (II)Ljava/lang/String;' bytes='58' count='402' iicount='402' level='3' stamp='0.078'>
<phase name='setup' stamp='0.078'>
<phase_done stamp='0.078'/>
</phase>
<phase name='buildIR' stamp='0.078'>
<klass id='1120' name='java.lang.String' flags='17'/>
<type id='1112' name='int'/>
<method id='1249' holder='1120' name='substring' return='1120' arguments='1112 1112' flags='1' bytes='58' iicount='403'/>
<parse method='1249'  stamp='0.078'>
<phase name='parse_hir' stamp='0.078'>
<bc code='182' bci='1'/>
<method id='1251' holder='1120' name='length' return='1112' flags='1' bytes='11' compile_id='6' compiler='c1' level='3' iicount='9185'/>
<call method='1251' instr='invokevirtual'/>
<inline_success reason='inline'/>
<parse method='1251'>
<bc code='182' bci='6'/>
<type id='1110' name='byte'/>
<method id='1253' holder='1120' name='coder' return='1110' flags='0' bytes='15' compile_id='5' compiler='c1' level='3' iicount='15070'/>
<call method='1253' instr='invokevirtual'/>
<inline_success reason='inline'/>
<parse method='1253'>
<parse_done stamp='0.078'/>
</parse>
<parse_done stamp='0.078'/>
</parse>
<bc code='184' bci='8'/>
<type id='1114' name='void'/>
<method id='1256' holder='1120' name='checkBoundsBeginEnd' return='1114' arguments='1112 1112 1112' flags='8' bytes='63' iicount='406'/>
<call method='1256' instr='invokestatic'/>
<inline_fail reason='callee is too large'/>
<bc code='182' bci='28'/>
<type id='1106' name='boolean'/>
<method id='1258' holder='1120' name='isLatin1' return='1106' flags='0' bytes='19' compile_id='2' compiler='c1' level='3' iicount='7621'/>
<call method='1258' instr='invokevirtual'/>
<inline_success reason='inline'/>
<parse method='1258'>
<parse_done stamp='0.078'/>
</parse>
<bc code='184' bci='41'/>
<klass id='1241' name='[B' flags='1041'/>
<klass id='1260' name='java.lang.StringLatin1' flags='16'/>
<method id='1261' holder='1260' name='newString' return='1120' arguments='1241 1112 1112' flags='9' bytes='24' compile_id='213' compiler='c1' level='3' iicount='697'/>
<call method='1261' instr='invokestatic'/>
<inline_fail reason='callee uses too much stack'/>
<bc code='184' bci='54'/>
<klass id='1263' name='java.lang.StringUTF16' flags='16'/>
<method id='1264' holder='1263' name='newString' return='1120' arguments='1241 1112 1112' flags='9' bytes='58' iicount='1'/>
<call method='1264' instr='invokestatic'/>
<inline_fail reason='callee is too large'/>
<phase_done stamp='0.078'/>
</phase>
<parse_done stamp='0.078'/>
</parse>
<phase name='optimize_blocks' stamp='0.078'>
<phase_done stamp='0.078'/>
</phase>
<phase name='gvn' stamp='0.078'>
<phase_done stamp='0.078'/>
</phase>
<phase name='rangeCheckElimination' stamp='0.078'>
<phase_done stamp='0.078'/>
</phase>
<phase name='optimize_null_checks' stamp='0.078'>
<phase_done stamp='0.078'/>
</phase>
<phase_done stamp='0.078'/>
</phase>
<phase name='emit_lir' stamp='0.078'>
<phase name='lirGeneration' stamp='0.078'>
<phase_done stamp='0.078'/>
</phase>
<phase name='linearScan' stamp='0.078'>
<phase_done stamp='0.078'/>
</phase>
<phase_done stamp='0.078'/>
</phase>
<phase name='codeemit' stamp='0.078'>
<phase_done stamp='0.078'/>
</phase>
<phase name='codeinstall' stamp='0.078'>
<phase_done stamp='0.079'/>
</phase>
<code_cache total_blobs='606' nmethods='243' adapters='277' free_code_cache='250178432'/>
<task_done success='1' nmsize='1184' count='407' inlined_bytes='45' stamp='0.079'/>
</task>
<task compile_id='246' method='java.lang.String checkBoundsBeginEnd (III)V' bytes='63' count='407' iicount='407' level='3' stamp='0.079'>
<phase name='setup' stamp='0.079'>
<phase_done stamp='0.079'/>
</phase>
<phase name='buildIR' stamp='0.079'>
<type id='1114' name='void'/>
<type id='1112' name='int'/>
<klass id='1120' name='java.lang.String' flags='17'/>
<method id='1249' holder='1120' name='checkBoundsBeginEnd' return='1114' arguments='1112 1112 1112' flags='8' bytes='63' iicount='407'/>
<parse method='1249'  stamp='0.079'>
<phase name='parse_hir' stamp='0.079'>
<bc code='183' bci='22'/>
<klass id='1194' name='java.lang.StringBuilder' flags='17'/>
<method id='1252' holder='1194' name='&lt;init&gt;' return='1114' flags='1' bytes='7' iicount='320'/>
<call method='1252' instr='invokespecial'/>
<inline_success reason='inline'/>
<parse method='1252'>
<bc code='183' bci='3'/>
<klass id='1192' name='java.lang.AbstractStringBuilder' flags='1024'/>
<method id='1254' holder='1192' name='&lt;init&gt;' return='1114' arguments='1112' flags='0' bytes='39' iicount='334'/>
<call method='1254' instr='invokespecial'/>
<inline_fail reason='callee is too large'/>
<parse_done stamp='0.079'/>
</parse>
<bc code='182' bci='28'/>
<method id='1257' holder='1194' name='append' return='1194' arguments='1120' flags='1' bytes='8' compile_id='182' compiler='c1' level='3' iicount='943'/>
<call method='1257' instr='invokevirtual'/>
<inline_success reason='inline'/>
<parse method='1257'>
<bc code='183' bci='2'/>
<method id='1259' holder='1192' name='append' return='1192' arguments='1120' flags='1' bytes='45' compile_id='183' compiler='c1' level='3' iicount='943'/>
<call method='1259' instr='invokespecial'/>
<inline_fail reason='callee is too large'/>
<parse_done stamp='0.079'/>
</parse>
<bc code='182' bci='32'/>
<method id='1261' holder='1194' name='append' return='1194' arguments='1112' flags='1' bytes='8' iicount='41'/>
<call method='1261' instr='invokevirtual'/>
<inline_success reason='inline'/>
<parse method='1261'>
<bc code='183' bci='2'/>
<method id='1263' holder='1192' name='append' return='1192' arguments='1112' flags='1' bytes='55' iicount='41'/>
<call method='1263' instr='invokespecial'/>
<inline_fail reason='callee is too large'/>
<parse_done stamp='0.079'/>
</parse>
<bc code='182' bci='38'/>
<call method='1257' instr='invokevirtual'/>
<inline_success reason='inline'/>
<parse method='1257'>
<bc code='183' bci='2'/>
<call method='1259' instr='invokespecial'/>
<inline_fail reason='callee is too large'/>
<parse_done stamp='0.079'/>
</parse>
<bc code='182' bci='42'/>
<call method='1261' instr='invokevirtual'/>
<inline_success reason='inline'/>
<parse method='1261'>
<bc code='183' bci='2'/>
<call method='1263' instr='invokespecial'/>
<inline_fail reason='callee is too large'/>
<parse_done stamp='0.079'/>
</parse>
<bc code='182' bci='48'/>
<call method='1257' instr='invokevirtual'/>
<inline_success reason='inline'/>
<parse method='1257'>
<bc code='183' bci='2'/>
<call method='1259' instr='invokespecial'/>
<inline_fail reason='callee is too large'/>
<parse_done stamp='0.079'/>
</parse>
<bc code='182' bci='52'/>
<call method='1261' instr='invokevirtual'/>
<inline_success reason='inline'/>
<parse method='1261'>
<bc code='183' bci='2'/>
<call method='1263' instr='invokespecial'/>
<inline_fail reason='callee is too large'/>
<parse_done stamp='0.079'/>
</parse>
<bc code='182' bci='55'/>
<method id='1267' holder='1194' name='toString' return='1120' flags='1' bytes='35' iicount='334'/>
<call method='1267' instr='invokevirtual'/>
<inline_success reason='inline'/>
<parse method='1267'>
<bc code='182' bci='1'/>
<type id='1106' name='boolean'/>
<method id='1269' holder='1192' name='isLatin1' return='1106' flags='16' bytes='19' compile_id='214' compiler='c1' level='3' iicount='552'/>
<call method='1269' instr='invokevirtual'/>
<inline_success reason='inline'/>
<parse method='1269'>
<parse_done stamp='0.079'/>
</parse>
<bc code='184' bci='16'/>
<klass id='1241' name='[B' flags='1041'/>
<klass id='1272' name='java.lang.StringLatin1' flags='16'/>
<method id='1273' holder='1272' name='newString' return='1120' arguments='1241 1112 1112' flags='9' bytes='24' compile_id='213' compiler='c1' level='3' iicount='698'/>
<call method='1273' instr='invokestatic'/>
<inline_fail reason='callee uses too much stack'/>
<bc code='184' bci='31'/>
<klass id='1275' name='java.lang.StringUTF16' flags='16'/>
<method id='1276' holder='1275' name='newString' return='1120' arguments='1241 1112 1112' flags='9' bytes='58' iicount='1'/>
<call method='1276' instr='invokestatic'/>
<inline_fail reason='callee is too large'/>
<parse_done stamp='0.079'/>
</parse>
<bc code='183' bci='58'/>
<klass id='1251' name='java.lang.StringIndexOutOfBoundsException' unloaded='1'/>
<method id='1278' holder='1251' name='&lt;init&gt;' return='1114' arguments='1120' unloaded='1'/>
<call method='1278' instr='invokespecial'/>
<inline_fail reason='not inlineable'/>
<phase_done stamp='0.079'/>
</phase>
<parse_done stamp='0.079'/>
</parse>
<phase name='optimize_blocks' stamp='0.079'>
<phase_done stamp='0.079'/>
</phase>
<phase name='gvn' stamp='0.079'>
<phase_done stamp='0.079'/>
</phase>
<phase name='rangeCheckElimination' stamp='0.079'>
<phase_done stamp='0.079'/>
</phase>
<phase name='optimize_null_checks' stamp='0.079'>
<phase_done stamp='0.079'/>
</phase>
<phase_done stamp='0.079'/>
</phase>
<phase name='emit_lir' stamp='0.079'>
<phase name='lirGeneration' stamp='0.079'>
<phase_done stamp='0.079'/>
</phase>
<phase name='linearScan' stamp='0.079'>
<phase_done stamp='0.079'/>
</phase>
<phase_done stamp='0.079'/>
</phase>
<phase name='codeemit' stamp='0.079'>
<phase_done stamp='0.079'/>
</phase>
<phase name='codeinstall' stamp='0.079'>
<phase_done stamp='0.079'/>
</phase>
<code_cache total_blobs='626' nmethods='244' adapters='296' free_code_cache='250158848'/>
<task_done success='1' nmsize='2224' count='415' inlined_bytes='109' stamp='0.079'/>
</task>
<task compile_id='251' method='com.motadata.nms.practice.TestPrime$PrimeGenerator getSum (I)J' bytes='25' count='484' backedge_count='116921' iicount='484' level='3' stamp='0.081'>
<phase name='setup' stamp='0.081'>
<phase_done stamp='0.081'/>
</phase>
<phase name='buildIR' stamp='0.081'>
<type id='1113' name='long'/>
<type id='1112' name='int'/>
<klass id='1249' name='com.motadata.nms.practice.TestPrime$PrimeGenerator' flags='8'/>
<method id='1250' holder='1249' name='getSum' return='1113' arguments='1112' flags='1' bytes='25' iicount='492'/>
<parse method='1250'  stamp='0.081'>
<phase name='parse_hir' stamp='0.081'>
<phase_done stamp='0.081'/>
</phase>
<parse_done stamp='0.081'/>
</parse>
<phase name='optimize_blocks' stamp='0.081'>
<phase_done stamp='0.081'/>
</phase>
<phase name='gvn' stamp='0.081'>
<phase_done stamp='0.081'/>
</phase>
<phase name='rangeCheckElimination' stamp='0.081'>
<phase_done stamp='0.081'/>
</phase>
<phase name='optimize_null_checks' stamp='0.081'>
<phase_done stamp='0.081'/>
</phase>
<phase_done stamp='0.081'/>
</phase>
<phase name='emit_lir' stamp='0.081'>
<phase name='lirGeneration' stamp='0.081'>
<phase_done stamp='0.081'/>
</phase>
<phase name='linearScan' stamp='0.081'>
<phase_done stamp='0.081'/>
</phase>
<phase_done stamp='0.081'/>
</phase>
<phase name='codeemit' stamp='0.081'>
<phase_done stamp='0.081'/>
</phase>
<phase name='codeinstall' stamp='0.081'>
<phase_done stamp='0.081'/>
</phase>
<code_cache total_blobs='632' nmethods='249' adapters='297' free_code_cache='250152832'/>
<task_done success='1' nmsize='432' count='536' backedge_count='144007' stamp='0.081'/>
</task>
<task compile_id='250' method='java.lang.String lastIndexOf (I)I' bytes='12' count='265' iicount='265' level='3' stamp='0.081'>
<phase name='setup' stamp='0.082'>
<phase_done stamp='0.082'/>
</phase>
<phase name='buildIR' stamp='0.082'>
<type id='1112' name='int'/>
<klass id='1120' name='java.lang.String' flags='17'/>
<method id='1249' holder='1120' name='lastIndexOf' return='1112' arguments='1112' flags='1' bytes='12' iicount='265'/>
<parse method='1249'  stamp='0.082'>
<phase name='parse_hir' stamp='0.082'>
<bc code='182' bci='3'/>
<method id='1251' holder='1120' name='length' return='1112' flags='1' bytes='11' compile_id='241' compiler='c2' level='4' iicount='9422'/>
<call method='1251' instr='invokevirtual'/>
<inline_success reason='inline'/>
<parse method='1251'>
<bc code='182' bci='6'/>
<type id='1110' name='byte'/>
<method id='1253' holder='1120' name='coder' return='1110' flags='0' bytes='15' compile_id='5' compiler='c1' level='3' iicount='15517'/>
<call method='1253' instr='invokevirtual'/>
<inline_success reason='inline'/>
<parse method='1253'>
<parse_done stamp='0.082'/>
</parse>
<parse_done stamp='0.082'/>
</parse>
<bc code='182' bci='8'/>
<method id='1256' holder='1120' name='lastIndexOf' return='1112' arguments='1112 1112' flags='1' bytes='29' iicount='268'/>
<call method='1256' instr='invokevirtual'/>
<inline_success reason='inline'/>
<parse method='1256'>
<bc code='182' bci='1'/>
<type id='1106' name='boolean'/>
<method id='1258' holder='1120' name='isLatin1' return='1106' flags='0' bytes='19' compile_id='2' compiler='c1' level='3' iicount='7745'/>
<call method='1258' instr='invokevirtual'/>
<inline_success reason='inline'/>
<parse method='1258'>
<parse_done stamp='0.082'/>
</parse>
<bc code='184' bci='13'/>
<klass id='1241' name='[B' flags='1041'/>
<klass id='1260' name='java.lang.StringLatin1' flags='16'/>
<method id='1261' holder='1260' name='lastIndexOf' return='1112' arguments='1241 1112 1112' flags='9' bytes='40' compile_id='197' compiler='c1' level='3' iicount='268'/>
<call method='1261' instr='invokestatic'/>
<inline_fail reason='callee is too large'/>
<bc code='184' bci='25'/>
<klass id='1263' name='java.lang.StringUTF16' flags='16'/>
<method id='1264' holder='1263' name='lastIndexOf' return='1112' arguments='1241 1112 1112' flags='9' bytes='47' iicount='1'/>
<call method='1264' instr='invokestatic'/>
<inline_fail reason='callee is too large'/>
<parse_done stamp='0.082'/>
</parse>
<phase_done stamp='0.082'/>
</phase>
<parse_done stamp='0.082'/>
</parse>
<phase name='optimize_blocks' stamp='0.082'>
<phase_done stamp='0.082'/>
</phase>
<phase name='gvn' stamp='0.082'>
<phase_done stamp='0.082'/>
</phase>
<phase name='rangeCheckElimination' stamp='0.082'>
<phase_done stamp='0.082'/>
</phase>
<phase name='optimize_null_checks' stamp='0.082'>
<phase_done stamp='0.082'/>
</phase>
<phase_done stamp='0.082'/>
</phase>
<phase name='emit_lir' stamp='0.082'>
<phase name='lirGeneration' stamp='0.082'>
<phase_done stamp='0.082'/>
</phase>
<phase name='linearScan' stamp='0.082'>
<phase_done stamp='0.082'/>
</phase>
<phase_done stamp='0.082'/>
</phase>
<phase name='codeemit' stamp='0.082'>
<phase_done stamp='0.082'/>
</phase>
<phase name='codeinstall' stamp='0.082'>
<phase_done stamp='0.082'/>
</phase>
<code_cache total_blobs='635' nmethods='250' adapters='299' free_code_cache='250149376'/>
<task_done success='1' nmsize='1008' count='266' inlined_bytes='74' stamp='0.082'/>
</task>
<task compile_id='252' method='java.lang.invoke.MemberName isInvocable ()Z' bytes='8' count='449' iicount='449' level='3' stamp='0.082'>
<phase name='setup' stamp='0.082'>
<phase_done stamp='0.082'/>
</phase>
<phase name='buildIR' stamp='0.082'>
<type id='1106' name='boolean'/>
<klass id='1179' name='java.lang.invoke.MemberName' flags='16'/>
<method id='1249' holder='1179' name='isInvocable' return='1106' flags='1' bytes='8' iicount='449'/>
<parse method='1249'  stamp='0.082'>
<phase name='parse_hir' stamp='0.082'>
<bc code='182' bci='4'/>
<type id='1112' name='int'/>
<method id='1251' holder='1179' name='testAnyFlags' return='1106' arguments='1112' flags='2' bytes='15' iicount='449'/>
<call method='1251' instr='invokevirtual'/>
<inline_success reason='inline'/>
<parse method='1251'>
<bc code='182' bci='3'/>
<method id='1253' holder='1179' name='testFlags' return='1106' arguments='1112 1112' flags='2' bytes='16' compile_id='55' compiler='c1' level='3' iicount='664'/>
<call method='1253' instr='invokevirtual'/>
<inline_success reason='inline'/>
<parse method='1253'>
<parse_done stamp='0.082'/>
</parse>
<parse_done stamp='0.082'/>
</parse>
<phase_done stamp='0.082'/>
</phase>
<parse_done stamp='0.082'/>
</parse>
<phase name='optimize_blocks' stamp='0.082'>
<phase_done stamp='0.082'/>
</phase>
<phase name='gvn' stamp='0.082'>
<phase_done stamp='0.082'/>
</phase>
<phase name='rangeCheckElimination' stamp='0.082'>
<phase_done stamp='0.082'/>
</phase>
<phase name='optimize_null_checks' stamp='0.082'>
<phase_done stamp='0.082'/>
</phase>
<phase_done stamp='0.082'/>
</phase>
<phase name='emit_lir' stamp='0.082'>
<phase name='lirGeneration' stamp='0.082'>
<phase_done stamp='0.082'/>
</phase>
<phase name='linearScan' stamp='0.082'>
<phase_done stamp='0.082'/>
</phase>
<phase_done stamp='0.082'/>
</phase>
<phase name='codeemit' stamp='0.082'>
<phase_done stamp='0.082'/>
</phase>
<phase name='codeinstall' stamp='0.082'>
<phase_done stamp='0.082'/>
</phase>
<code_cache total_blobs='636' nmethods='251' adapters='299' free_code_cache='250148096'/>
<task_done success='1' nmsize='624' count='449' inlined_bytes='31' stamp='0.082'/>
</task>
<task compile_id='253' method='java.lang.invoke.MemberName testAnyFlags (I)Z' bytes='15' count='449' iicount='449' level='3' stamp='0.082'>
<phase name='setup' stamp='0.082'>
<phase_done stamp='0.082'/>
</phase>
<phase name='buildIR' stamp='0.082'>
<type id='1106' name='boolean'/>
<type id='1112' name='int'/>
<klass id='1179' name='java.lang.invoke.MemberName' flags='16'/>
<method id='1249' holder='1179' name='testAnyFlags' return='1106' arguments='1112' flags='2' bytes='15' iicount='449'/>
<parse method='1249'  stamp='0.082'>
<phase name='parse_hir' stamp='0.082'>
<bc code='182' bci='3'/>
<method id='1251' holder='1179' name='testFlags' return='1106' arguments='1112 1112' flags='2' bytes='16' compile_id='55' compiler='c1' level='3' iicount='664'/>
<call method='1251' instr='invokevirtual'/>
<inline_success reason='inline'/>
<parse method='1251'>
<parse_done stamp='0.082'/>
</parse>
<phase_done stamp='0.082'/>
</phase>
<parse_done stamp='0.082'/>
</parse>
<phase name='optimize_blocks' stamp='0.082'>
<phase_done stamp='0.082'/>
</phase>
<phase name='gvn' stamp='0.082'>
<phase_done stamp='0.082'/>
</phase>
<phase name='rangeCheckElimination' stamp='0.082'>
<phase_done stamp='0.082'/>
</phase>
<phase name='optimize_null_checks' stamp='0.082'>
<phase_done stamp='0.082'/>
</phase>
<phase_done stamp='0.082'/>
</phase>
<phase name='emit_lir' stamp='0.082'>
<phase name='lirGeneration' stamp='0.082'>
<phase_done stamp='0.082'/>
</phase>
<phase name='linearScan' stamp='0.082'>
<phase_done stamp='0.082'/>
</phase>
<phase_done stamp='0.082'/>
</phase>
<phase name='codeemit' stamp='0.082'>
<phase_done stamp='0.082'/>
</phase>
<phase name='codeinstall' stamp='0.082'>
<phase_done stamp='0.083'/>
</phase>
<code_cache total_blobs='642' nmethods='254' adapters='302' free_code_cache='250142848'/>
<task_done success='1' nmsize='528' count='449' inlined_bytes='16' stamp='0.083'/>
</task>
<task compile_id='249' method='java.lang.String lastIndexOf (II)I' bytes='29' count='271' iicount='271' level='3' stamp='0.083'>
<phase name='setup' stamp='0.083'>
<phase_done stamp='0.083'/>
</phase>
<phase name='buildIR' stamp='0.083'>
<type id='1112' name='int'/>
<klass id='1120' name='java.lang.String' flags='17'/>
<method id='1249' holder='1120' name='lastIndexOf' return='1112' arguments='1112 1112' flags='1' bytes='29' iicount='271'/>
<parse method='1249'  stamp='0.083'>
<phase name='parse_hir' stamp='0.083'>
<bc code='182' bci='1'/>
<type id='1106' name='boolean'/>
<method id='1251' holder='1120' name='isLatin1' return='1106' flags='0' bytes='19' compile_id='2' compiler='c1' level='3' iicount='7764'/>
<call method='1251' instr='invokevirtual'/>
<inline_success reason='inline'/>
<parse method='1251'>
<parse_done stamp='0.084'/>
</parse>
<bc code='184' bci='13'/>
<klass id='1241' name='[B' flags='1041'/>
<klass id='1254' name='java.lang.StringLatin1' flags='16'/>
<method id='1255' holder='1254' name='lastIndexOf' return='1112' arguments='1241 1112 1112' flags='9' bytes='40' compile_id='197' compiler='c1' level='3' iicount='271'/>
<call method='1255' instr='invokestatic'/>
<inline_fail reason='callee is too large'/>
<bc code='184' bci='25'/>
<klass id='1257' name='java.lang.StringUTF16' flags='16'/>
<method id='1258' holder='1257' name='lastIndexOf' return='1112' arguments='1241 1112 1112' flags='9' bytes='47' iicount='1'/>
<call method='1258' instr='invokestatic'/>
<inline_fail reason='callee is too large'/>
<phase_done stamp='0.084'/>
</phase>
<parse_done stamp='0.084'/>
</parse>
<phase name='optimize_blocks' stamp='0.084'>
<phase_done stamp='0.084'/>
</phase>
<phase name='gvn' stamp='0.084'>
<phase_done stamp='0.084'/>
</phase>
<phase name='rangeCheckElimination' stamp='0.084'>
<phase_done stamp='0.084'/>
</phase>
<phase name='optimize_null_checks' stamp='0.084'>
<phase_done stamp='0.084'/>
</phase>
<phase_done stamp='0.084'/>
</phase>
<phase name='emit_lir' stamp='0.084'>
<phase name='lirGeneration' stamp='0.084'>
<phase_done stamp='0.084'/>
</phase>
<phase name='linearScan' stamp='0.084'>
<phase_done stamp='0.084'/>
</phase>
<phase_done stamp='0.084'/>
</phase>
<phase name='codeemit' stamp='0.084'>
<phase_done stamp='0.084'/>
</phase>
<phase name='codeinstall' stamp='0.084'>
<phase_done stamp='0.084'/>
</phase>
<code_cache total_blobs='644' nmethods='255' adapters='303' free_code_cache='250140672'/>
<task_done success='1' nmsize='656' count='271' inlined_bytes='19' stamp='0.084'/>
</task>
<task compile_id='258' method='java.lang.Class getName ()Ljava/lang/String;' bytes='18' count='256' iicount='256' level='3' stamp='0.085'>
<phase name='setup' stamp='0.086'>
<phase_done stamp='0.086'/>
</phase>
<phase name='buildIR' stamp='0.086'>
<klass id='1120' name='java.lang.String' flags='17'/>
<klass id='1121' name='java.lang.Class' flags='17'/>
<method id='1249' holder='1121' name='getName' return='1120' flags='1' bytes='18' iicount='256'/>
<parse method='1249'  stamp='0.086'>
<phase name='parse_hir' stamp='0.086'>
<bc code='182' bci='14'/>
<method id='1251' holder='1121' name='initClassName' return='1120' flags='258' bytes='0' iicount='65'/>
<call method='1251' instr='invokevirtual'/>
<inline_fail reason='native method'/>
<phase_done stamp='0.086'/>
</phase>
<parse_done stamp='0.086'/>
</parse>
<phase name='optimize_blocks' stamp='0.086'>
<phase_done stamp='0.086'/>
</phase>
<phase name='gvn' stamp='0.086'>
<phase_done stamp='0.086'/>
</phase>
<phase name='rangeCheckElimination' stamp='0.086'>
<phase_done stamp='0.086'/>
</phase>
<phase name='optimize_null_checks' stamp='0.086'>
<phase_done stamp='0.086'/>
</phase>
<phase_done stamp='0.086'/>
</phase>
<phase name='emit_lir' stamp='0.086'>
<phase name='lirGeneration' stamp='0.086'>
<phase_done stamp='0.086'/>
</phase>
<phase name='linearScan' stamp='0.086'>
<phase_done stamp='0.086'/>
</phase>
<phase_done stamp='0.086'/>
</phase>
<phase name='codeemit' stamp='0.086'>
<phase_done stamp='0.086'/>
</phase>
<phase name='codeinstall' stamp='0.086'>
<phase_done stamp='0.086'/>
</phase>
<code_cache total_blobs='650' nmethods='258' adapters='306' free_code_cache='250135680'/>
<task_done success='1' nmsize='384' count='256' stamp='0.086'/>
</task>
<task compile_id='259' method='java.lang.invoke.MethodType$ConcurrentWeakInternSet expungeStaleElements ()V' bytes='27' count='391' iicount='391' level='3' stamp='0.086'>
<phase name='setup' stamp='0.086'>
<phase_done stamp='0.086'/>
</phase>
<phase name='buildIR' stamp='0.086'>
<type id='1114' name='void'/>
<klass id='1249' name='java.lang.invoke.MethodType$ConcurrentWeakInternSet' flags='10'/>
<method id='1250' holder='1249' name='expungeStaleElements' return='1114' flags='2' bytes='27' iicount='391'/>
<parse method='1250'  stamp='0.086'>
<phase name='parse_hir' stamp='0.086'>
<bc code='182' bci='4'/>
<klass id='1148' name='java.lang.ref.Reference' flags='1025'/>
<klass id='1252' name='java.lang.ref.ReferenceQueue' flags='1'/>
<method id='1253' holder='1252' name='poll' return='1148' flags='1' bytes='28' compile_id='60' compiler='c1' level='3' iicount='582'/>
<call method='1253' instr='invokevirtual'/>
<dependency type='unique_concrete_method_4' ctxk='1252' x='1253' x2='1252' x3='1253'/>
<inline_success reason='inline'/>
<parse method='1253'>
<bc code='182' bci='17'/>
<method id='1256' holder='1252' name='reallyPoll' return='1148' flags='2' bytes='65' iicount='2'/>
<call method='1256' instr='invokevirtual'/>
<inline_fail reason='callee is too large'/>
<parse_done stamp='0.086'/>
</parse>
<bc code='185' bci='17'/>
<klass id='1119' name='java.lang.Object' flags='1'/>
<klass id='1258' name='java.util.concurrent.ConcurrentMap' flags='1537'/>
<method id='1259' holder='1258' name='remove' return='1119' arguments='1119' flags='4161' bytes='10' iicount='1'/>
<call method='1259' instr='invokeinterface'/>
<inline_fail reason='no static binding'/>
<phase_done stamp='0.086'/>
</phase>
<parse_done stamp='0.086'/>
</parse>
<phase name='optimize_blocks' stamp='0.086'>
<phase_done stamp='0.086'/>
</phase>
<phase name='gvn' stamp='0.086'>
<phase_done stamp='0.086'/>
</phase>
<phase name='rangeCheckElimination' stamp='0.086'>
<phase_done stamp='0.086'/>
</phase>
<phase name='optimize_null_checks' stamp='0.086'>
<phase_done stamp='0.086'/>
</phase>
<phase_done stamp='0.086'/>
</phase>
<phase name='emit_lir' stamp='0.086'>
<phase name='lirGeneration' stamp='0.086'>
<phase_done stamp='0.086'/>
</phase>
<phase name='linearScan' stamp='0.086'>
<phase_done stamp='0.086'/>
</phase>
<phase_done stamp='0.086'/>
</phase>
<phase name='codeemit' stamp='0.086'>
<phase_done stamp='0.086'/>
</phase>
<phase name='codeinstall' stamp='0.086'>
<dependency type='unique_concrete_method_4' ctxk='1252' x='1253' x2='1252' x3='1253'/>
<phase_done stamp='0.086'/>
</phase>
<code_cache total_blobs='651' nmethods='259' adapters='306' free_code_cache='250133504'/>
<task_done success='1' nmsize='1232' count='391' inlined_bytes='28' stamp='0.086'/>
</task>
<task compile_id='260' method='java.lang.Class getClassLoader ()Ljava/lang/ClassLoader;' bytes='28' count='392' iicount='392' level='3' stamp='0.086'>
<phase name='setup' stamp='0.086'>
<phase_done stamp='0.086'/>
</phase>
<phase name='buildIR' stamp='0.086'>
<klass id='1123' name='java.lang.ClassLoader' flags='1025'/>
<klass id='1121' name='java.lang.Class' flags='17'/>
<method id='1249' holder='1121' name='getClassLoader' return='1123' flags='1' bytes='28' iicount='392'/>
<parse method='1249'  stamp='0.086'>
<phase name='parse_hir' stamp='0.086'>
<bc code='182' bci='1'/>
<method id='1251' holder='1121' name='getClassLoader0' return='1123' flags='0' bytes='5' compile_id='45' compiler='c1' level='1' iicount='175'/>
<call method='1251' instr='invokevirtual'/>
<inline_success reason='inline'/>
<parse method='1251'>
<parse_done stamp='0.086'/>
</parse>
<bc code='184' bci='11'/>
<klass id='1131' name='java.lang.SecurityManager' flags='1'/>
<klass id='1125' name='java.lang.System' flags='17'/>
<method id='1253' holder='1125' name='getSecurityManager' return='1131' flags='9' bytes='12' compile_id='174' compiler='c1' level='3' iicount='614'/>
<call method='1253' instr='invokestatic'/>
<inline_success reason='inline'/>
<parse method='1253'>
<bc code='184' bci='0'/>
<type id='1106' name='boolean'/>
<method id='1255' holder='1125' name='allowSecurityManager' return='1106' flags='10' bytes='13' iicount='614'/>
<call method='1255' instr='invokestatic'/>
<inline_success reason='inline'/>
<parse method='1255'>
<parse_done stamp='0.086'/>
</parse>
<parse_done stamp='0.086'/>
</parse>
<bc code='184' bci='20'/>
<klass id='1258' name='jdk.internal.reflect.Reflection' flags='1'/>
<method id='1259' holder='1258' name='getCallerClass' return='1121' flags='265' bytes='0' compile_id='254' compile_kind='c2n' compiler='' level='0' iicount='128'/>
<call method='1259' instr='invokestatic'/>
<inline_fail reason='native method'/>
<bc code='184' bci='23'/>
<type id='1114' name='void'/>
<method id='1260' holder='1123' name='checkClassLoaderPermission' return='1114' arguments='1123 1121' flags='8' bytes='29' iicount='1'/>
<call method='1260' instr='invokestatic'/>
<inline_success reason='inline'/>
<parse method='1260'>
<bc code='184' bci='0'/>
<call method='1253' instr='invokestatic'/>
<inline_success reason='inline'/>
<parse method='1253'>
<bc code='184' bci='0'/>
<call method='1255' instr='invokestatic'/>
<inline_success reason='inline'/>
<parse method='1255'>
<parse_done stamp='0.086'/>
</parse>
<parse_done stamp='0.086'/>
</parse>
<bc code='184' bci='9'/>
<method id='1262' holder='1123' name='getClassLoader' return='1123' arguments='1121' flags='8' bytes='11' iicount='3'/>
<call method='1262' instr='invokestatic'/>
<inline_success reason='inline'/>
<parse method='1262'>
<bc code='182' bci='7'/>
<call method='1251' instr='invokevirtual'/>
<inline_success reason='inline'/>
<parse method='1251'>
<parse_done stamp='0.086'/>
</parse>
<parse_done stamp='0.086'/>
</parse>
<bc code='184' bci='15'/>
<method id='1264' holder='1123' name='needsClassLoaderPermissionCheck' return='1106' arguments='1123 1123' flags='10' bytes='27' iicount='1'/>
<call method='1264' instr='invokestatic'/>
<inline_success reason='inline'/>
<parse method='1264'>
<bc code='182' bci='15'/>
<method id='1266' holder='1123' name='isAncestor' return='1106' arguments='1123' flags='0' bytes='20' iicount='1'/>
<call method='1266' instr='invokevirtual'/>
<dependency type='unique_concrete_method_4' ctxk='1123' x='1266' x2='1123' x3='1266'/>
<inline_success reason='inline'/>
<parse method='1266'>
<parse_done stamp='0.087'/>
</parse>
<parse_done stamp='0.087'/>
</parse>
<bc code='182' bci='25'/>
<klass id='1271' name='java.security.Permission' flags='1025'/>
<method id='1272' holder='1131' name='checkPermission' return='1114' arguments='1271' flags='1' bytes='5' iicount='1'/>
<call method='1272' instr='invokevirtual'/>
<inline_fail reason='no static binding'/>
<parse_done stamp='0.087'/>
</parse>
<phase_done stamp='0.087'/>
</phase>
<parse_done stamp='0.087'/>
</parse>
<phase name='optimize_blocks' stamp='0.087'>
<phase_done stamp='0.087'/>
</phase>
<phase name='gvn' stamp='0.087'>
<phase_done stamp='0.087'/>
</phase>
<phase name='rangeCheckElimination' stamp='0.087'>
<phase_done stamp='0.087'/>
</phase>
<phase name='optimize_null_checks' stamp='0.087'>
<phase_done stamp='0.087'/>
</phase>
<phase_done stamp='0.087'/>
</phase>
<phase name='emit_lir' stamp='0.087'>
<phase name='lirGeneration' stamp='0.087'>
<phase_done stamp='0.087'/>
</phase>
<phase name='linearScan' stamp='0.087'>
<phase_done stamp='0.087'/>
</phase>
<phase_done stamp='0.087'/>
</phase>
<phase name='codeemit' stamp='0.087'>
<phase_done stamp='0.087'/>
</phase>
<phase name='codeinstall' stamp='0.087'>
<dependency type='unique_concrete_method_4' ctxk='1123' x='1266' x2='1123' x3='1266'/>
<phase_done stamp='0.087'/>
</phase>
<code_cache total_blobs='654' nmethods='260' adapters='306' free_code_cache='250111872'/>
<task_done success='1' nmsize='2544' count='401' inlined_bytes='147' stamp='0.087'/>
</task>
<task compile_id='262' method='java.lang.invoke.MethodType ptypes ()[Ljava/lang/Class;' bytes='5' count='129' iicount='129' level='1' stamp='0.087'>
<phase name='setup' stamp='0.087'>
<phase_done stamp='0.087'/>
</phase>
<phase name='buildIR' stamp='0.087'>
<klass id='1249' name='[Ljava.lang.Class;' flags='1041'/>
<klass id='1183' name='java.lang.invoke.MethodType' flags='17'/>
<method id='1250' holder='1183' name='ptypes' return='1249' flags='0' bytes='5' iicount='129'/>
<parse method='1250'  stamp='0.087'>
<phase name='parse_hir' stamp='0.087'>
<phase_done stamp='0.087'/>
</phase>
<parse_done stamp='0.087'/>
</parse>
<phase name='optimize_blocks' stamp='0.087'>
<phase_done stamp='0.087'/>
</phase>
<phase name='gvn' stamp='0.087'>
<phase_done stamp='0.087'/>
</phase>
<phase name='rangeCheckElimination' stamp='0.087'>
<phase_done stamp='0.087'/>
</phase>
<phase name='optimize_null_checks' stamp='0.087'>
<phase_done stamp='0.087'/>
</phase>
<phase_done stamp='0.087'/>
</phase>
<phase name='emit_lir' stamp='0.087'>
<phase name='lirGeneration' stamp='0.087'>
<phase_done stamp='0.087'/>
</phase>
<phase name='linearScan' stamp='0.087'>
<phase_done stamp='0.087'/>
</phase>
<phase_done stamp='0.087'/>
</phase>
<phase name='codeemit' stamp='0.087'>
<phase_done stamp='0.087'/>
</phase>
<phase name='codeinstall' stamp='0.087'>
<phase_done stamp='0.087'/>
</phase>
<code_cache total_blobs='656' nmethods='262' adapters='308' free_code_cache='250119808'/>
<task_done success='1' nmsize='208' count='129' stamp='0.087'/>
</task>
<task compile_id='264' method='java.lang.invoke.MethodType parameterType (I)Ljava/lang/Class;' bytes='7' count='260' iicount='260' level='3' stamp='0.103'>
<phase name='setup' stamp='0.103'>
<phase_done stamp='0.103'/>
</phase>
<phase name='buildIR' stamp='0.103'>
<klass id='1121' name='java.lang.Class' flags='17'/>
<type id='1112' name='int'/>
<klass id='1183' name='java.lang.invoke.MethodType' flags='17'/>
<method id='1249' holder='1183' name='parameterType' return='1121' arguments='1112' flags='1' bytes='7' iicount='260'/>
<parse method='1249'  stamp='0.103'>
<phase name='parse_hir' stamp='0.103'>
<phase_done stamp='0.103'/>
</phase>
<parse_done stamp='0.103'/>
</parse>
<phase name='optimize_blocks' stamp='0.103'>
<phase_done stamp='0.103'/>
</phase>
<phase name='gvn' stamp='0.103'>
<phase_done stamp='0.103'/>
</phase>
<phase name='rangeCheckElimination' stamp='0.103'>
<phase_done stamp='0.103'/>
</phase>
<phase name='optimize_null_checks' stamp='0.103'>
<phase_done stamp='0.103'/>
</phase>
<phase_done stamp='0.103'/>
</phase>
<phase name='emit_lir' stamp='0.103'>
<phase name='lirGeneration' stamp='0.103'>
<phase_done stamp='0.103'/>
</phase>
<phase name='linearScan' stamp='0.103'>
<phase_done stamp='0.103'/>
</phase>
<phase_done stamp='0.103'/>
</phase>
<phase name='codeemit' stamp='0.103'>
<phase_done stamp='0.103'/>
</phase>
<phase name='codeinstall' stamp='0.103'>
<phase_done stamp='0.103'/>
</phase>
<code_cache total_blobs='660' nmethods='265' adapters='309' free_code_cache='250116608'/>
<task_done success='1' nmsize='304' count='274' stamp='0.103'/>
</task>
<task compile_id='267' method='java.lang.invoke.MethodType parameterCount ()I' bytes='6' count='260' iicount='260' level='3' stamp='0.103'>
<phase name='setup' stamp='0.103'>
<phase_done stamp='0.103'/>
</phase>
<phase name='buildIR' stamp='0.103'>
<type id='1112' name='int'/>
<klass id='1183' name='java.lang.invoke.MethodType' flags='17'/>
<method id='1249' holder='1183' name='parameterCount' return='1112' flags='1' bytes='6' iicount='260'/>
<parse method='1249'  stamp='0.103'>
<phase name='parse_hir' stamp='0.103'>
<phase_done stamp='0.103'/>
</phase>
<parse_done stamp='0.103'/>
</parse>
<phase name='optimize_blocks' stamp='0.103'>
<phase_done stamp='0.103'/>
</phase>
<phase name='gvn' stamp='0.103'>
<phase_done stamp='0.103'/>
</phase>
<phase name='rangeCheckElimination' stamp='0.103'>
<phase_done stamp='0.103'/>
</phase>
<phase name='optimize_null_checks' stamp='0.103'>
<phase_done stamp='0.103'/>
</phase>
<phase_done stamp='0.103'/>
</phase>
<phase name='emit_lir' stamp='0.103'>
<phase name='lirGeneration' stamp='0.103'>
<phase_done stamp='0.103'/>
</phase>
<phase name='linearScan' stamp='0.103'>
<phase_done stamp='0.103'/>
</phase>
<phase_done stamp='0.103'/>
</phase>
<phase name='codeemit' stamp='0.103'>
<phase_done stamp='0.103'/>
</phase>
<phase name='codeinstall' stamp='0.103'>
<phase_done stamp='0.103'/>
</phase>
<code_cache total_blobs='662' nmethods='267' adapters='309' free_code_cache='250114944'/>
<task_done success='1' nmsize='272' count='262' stamp='0.103'/>
</task>
<task compile_id='268' method='java.lang.invoke.MethodHandle type ()Ljava/lang/invoke/MethodType;' bytes='5' count='134' iicount='134' level='1' stamp='0.103'>
<phase name='setup' stamp='0.103'>
<phase_done stamp='0.103'/>
</phase>
<phase name='buildIR' stamp='0.103'>
<klass id='1183' name='java.lang.invoke.MethodType' flags='17'/>
<klass id='1176' name='java.lang.invoke.MethodHandle' flags='1025'/>
<method id='1249' holder='1176' name='type' return='1183' flags='1' bytes='5' iicount='134'/>
<parse method='1249'  stamp='0.103'>
<phase name='parse_hir' stamp='0.103'>
<phase_done stamp='0.103'/>
</phase>
<parse_done stamp='0.103'/>
</parse>
<phase name='optimize_blocks' stamp='0.103'>
<phase_done stamp='0.103'/>
</phase>
<phase name='gvn' stamp='0.103'>
<phase_done stamp='0.103'/>
</phase>
<phase name='rangeCheckElimination' stamp='0.103'>
<phase_done stamp='0.103'/>
</phase>
<phase name='optimize_null_checks' stamp='0.103'>
<phase_done stamp='0.103'/>
</phase>
<phase_done stamp='0.103'/>
</phase>
<phase name='emit_lir' stamp='0.103'>
<phase name='lirGeneration' stamp='0.103'>
<phase_done stamp='0.103'/>
</phase>
<phase name='linearScan' stamp='0.103'>
<phase_done stamp='0.103'/>
</phase>
<phase_done stamp='0.103'/>
</phase>
<phase name='codeemit' stamp='0.103'>
<phase_done stamp='0.103'/>
</phase>
<phase name='codeinstall' stamp='0.103'>
<phase_done stamp='0.103'/>
</phase>
<code_cache total_blobs='664' nmethods='269' adapters='309' free_code_cache='250113408'/>
<task_done success='1' nmsize='208' count='134' stamp='0.103'/>
</task>
<task compile_id='265' method='java.lang.Class getModule ()Ljava/lang/Module;' bytes='5' count='128' iicount='128' level='1' stamp='0.103'>
<phase name='setup' stamp='0.103'>
<phase_done stamp='0.103'/>
</phase>
<phase name='buildIR' stamp='0.103'>
<klass id='1159' name='java.lang.Module' flags='17'/>
<klass id='1121' name='java.lang.Class' flags='17'/>
<method id='1249' holder='1121' name='getModule' return='1159' flags='1' bytes='5' iicount='128'/>
<parse method='1249'  stamp='0.103'>
<phase name='parse_hir' stamp='0.103'>
<phase_done stamp='0.103'/>
</phase>
<parse_done stamp='0.103'/>
</parse>
<phase name='optimize_blocks' stamp='0.103'>
<phase_done stamp='0.103'/>
</phase>
<phase name='gvn' stamp='0.103'>
<phase_done stamp='0.103'/>
</phase>
<phase name='rangeCheckElimination' stamp='0.103'>
<phase_done stamp='0.103'/>
</phase>
<phase name='optimize_null_checks' stamp='0.103'>
<phase_done stamp='0.103'/>
</phase>
<phase_done stamp='0.103'/>
</phase>
<phase name='emit_lir' stamp='0.103'>
<phase name='lirGeneration' stamp='0.103'>
<phase_done stamp='0.103'/>
</phase>
<phase name='linearScan' stamp='0.103'>
<phase_done stamp='0.103'/>
</phase>
<phase_done stamp='0.103'/>
</phase>
<phase name='codeemit' stamp='0.103'>
<phase_done stamp='0.103'/>
</phase>
<phase name='codeinstall' stamp='0.103'>
<phase_done stamp='0.103'/>
</phase>
<code_cache total_blobs='665' nmethods='270' adapters='309' free_code_cache='250112640'/>
<task_done success='1' nmsize='208' count='128' stamp='0.103'/>
</task>
<task compile_id='271' method='java.lang.invoke.MemberName testAllFlags (I)Z' bytes='7' count='257' iicount='257' level='3' stamp='0.104'>
<phase name='setup' stamp='0.104'>
<phase_done stamp='0.104'/>
</phase>
<phase name='buildIR' stamp='0.104'>
<type id='1106' name='boolean'/>
<type id='1112' name='int'/>
<klass id='1179' name='java.lang.invoke.MemberName' flags='16'/>
<method id='1249' holder='1179' name='testAllFlags' return='1106' arguments='1112' flags='2' bytes='7' iicount='258'/>
<parse method='1249'  stamp='0.104'>
<phase name='parse_hir' stamp='0.104'>
<bc code='182' bci='3'/>
<method id='1251' holder='1179' name='testFlags' return='1106' arguments='1112 1112' flags='2' bytes='16' compile_id='55' compiler='c1' level='3' iicount='789'/>
<call method='1251' instr='invokevirtual'/>
<inline_success reason='inline'/>
<parse method='1251'>
<parse_done stamp='0.104'/>
</parse>
<phase_done stamp='0.104'/>
</phase>
<parse_done stamp='0.104'/>
</parse>
<phase name='optimize_blocks' stamp='0.104'>
<phase_done stamp='0.104'/>
</phase>
<phase name='gvn' stamp='0.104'>
<phase_done stamp='0.104'/>
</phase>
<phase name='rangeCheckElimination' stamp='0.104'>
<phase_done stamp='0.104'/>
</phase>
<phase name='optimize_null_checks' stamp='0.104'>
<phase_done stamp='0.104'/>
</phase>
<phase_done stamp='0.104'/>
</phase>
<phase name='emit_lir' stamp='0.104'>
<phase name='lirGeneration' stamp='0.104'>
<phase_done stamp='0.104'/>
</phase>
<phase name='linearScan' stamp='0.104'>
<phase_done stamp='0.104'/>
</phase>
<phase_done stamp='0.104'/>
</phase>
<phase name='codeemit' stamp='0.104'>
<phase_done stamp='0.104'/>
</phase>
<phase name='codeinstall' stamp='0.104'>
<phase_done stamp='0.104'/>
</phase>
<code_cache total_blobs='667' nmethods='272' adapters='309' free_code_cache='250110720'/>
<task_done success='1' nmsize='464' count='262' inlined_bytes='16' stamp='0.104'/>
</task>
<task compile_id='275' method='jdk.internal.org.objectweb.asm.SymbolTable get (I)Ljdk/internal/org/objectweb/asm/SymbolTable$Entry;' bytes='13' count='257' iicount='257' level='3' stamp='0.104'>
<phase name='setup' stamp='0.104'>
<phase_done stamp='0.104'/>
</phase>
<phase name='buildIR' stamp='0.104'>
<klass id='1250' name='jdk.internal.org.objectweb.asm.SymbolTable$Entry' flags='10'/>
<type id='1112' name='int'/>
<klass id='1249' name='jdk.internal.org.objectweb.asm.SymbolTable' flags='16'/>
<method id='1251' holder='1249' name='get' return='1250' arguments='1112' flags='2' bytes='13' iicount='258'/>
<parse method='1251'  stamp='0.104'>
<phase name='parse_hir' stamp='0.104'>
<phase_done stamp='0.105'/>
</phase>
<parse_done stamp='0.105'/>
</parse>
<phase name='optimize_blocks' stamp='0.105'>
<phase_done stamp='0.105'/>
</phase>
<phase name='gvn' stamp='0.105'>
<phase_done stamp='0.105'/>
</phase>
<phase name='rangeCheckElimination' stamp='0.105'>
<phase_done stamp='0.105'/>
</phase>
<phase name='optimize_null_checks' stamp='0.105'>
<phase_done stamp='0.105'/>
</phase>
<phase_done stamp='0.105'/>
</phase>
<phase name='emit_lir' stamp='0.105'>
<phase name='lirGeneration' stamp='0.105'>
<phase_done stamp='0.105'/>
</phase>
<phase name='linearScan' stamp='0.105'>
<phase_done stamp='0.105'/>
</phase>
<phase_done stamp='0.105'/>
</phase>
<phase name='codeemit' stamp='0.105'>
<phase_done stamp='0.105'/>
</phase>
<phase name='codeinstall' stamp='0.105'>
<phase_done stamp='0.105'/>
</phase>
<code_cache total_blobs='670' nmethods='275' adapters='309' free_code_cache='250108160'/>
<task_done success='1' nmsize='336' count='282' stamp='0.105'/>
</task>
<task compile_id='276' method='jdk.internal.org.objectweb.asm.ByteVector putUTF8 (Ljava/lang/String;)Ljdk/internal/org/objectweb/asm/ByteVector;' bytes='144' count='129' backedge_count='2722' iicount='129' level='3' stamp='0.105'>
<phase name='setup' stamp='0.105'>
<phase_done stamp='0.105'/>
</phase>
<phase name='buildIR' stamp='0.105'>
<klass id='1249' name='jdk.internal.org.objectweb.asm.ByteVector' flags='1'/>
<klass id='1120' name='java.lang.String' flags='17'/>
<method id='1250' holder='1249' name='putUTF8' return='1249' arguments='1120' flags='1' bytes='144' iicount='130'/>
<parse method='1250'  stamp='0.105'>
<phase name='parse_hir' stamp='0.105'>
<bc code='182' bci='1'/>
<type id='1112' name='int'/>
<method id='1252' holder='1120' name='length' return='1112' flags='1' bytes='11' compile_id='241' compiler='c2' level='4' iicount='9692'/>
<call method='1252' instr='invokevirtual'/>
<inline_success reason='inline'/>
<parse method='1252'>
<bc code='182' bci='6'/>
<type id='1110' name='byte'/>
<method id='1254' holder='1120' name='coder' return='1110' flags='0' bytes='15' compile_id='5' compiler='c1' level='3' iicount='16005'/>
<call method='1254' instr='invokevirtual'/>
<inline_success reason='inline'/>
<parse method='1254'>
<parse_done stamp='0.105'/>
</parse>
<parse_done stamp='0.105'/>
</parse>
<bc code='183' bci='17'/>
<type id='1114' name='void'/>
<klass id='1257' name='java.lang.IllegalArgumentException' flags='1'/>
<method id='1259' holder='1257' name='&lt;init&gt;' return='1114' arguments='1120' flags='1' bytes='6' iicount='1'/>
<call method='1259' instr='invokespecial'/>
<inline_fail reason='don&apos;t inline Throwable constructors'/>
<bc code='182' bci='43'/>
<method id='1261' holder='1249' name='enlarge' return='1114' arguments='1112' flags='2' bytes='51' iicount='21'/>
<call method='1261' instr='invokevirtual'/>
<dependency type='leaf_type' ctxk='1249'/>
<inline_fail reason='callee is too large'/>
<bc code='182' bci='85'/>
<type id='1107' name='char'/>
<method id='1263' holder='1120' name='charAt' return='1107' arguments='1112' flags='1' bytes='25' compile_id='175' compiler='c2' level='4' iicount='5786'/>
<call method='1263' instr='invokevirtual'/>
<inline_success reason='inline'/>
<parse method='1263'>
<bc code='182' bci='1'/>
<type id='1106' name='boolean'/>
<method id='1265' holder='1120' name='isLatin1' return='1106' flags='0' bytes='19' compile_id='2' compiler='c1' level='3' iicount='7943'/>
<call method='1265' instr='invokevirtual'/>
<inline_success reason='inline'/>
<parse method='1265'>
<parse_done stamp='0.105'/>
</parse>
<bc code='184' bci='12'/>
<klass id='1241' name='[B' flags='1041'/>
<klass id='1267' name='java.lang.StringLatin1' flags='16'/>
<method id='1268' holder='1267' name='charAt' return='1107' arguments='1241 1112' flags='9' bytes='28' compile_id='4' compiler='c1' level='3' iicount='5786'/>
<call method='1268' instr='invokestatic'/>
<inline_success reason='inline'/>
<parse method='1268'>
<bc code='183' bci='15'/>
<klass id='1270' name='java.lang.StringIndexOutOfBoundsException' unloaded='1'/>
<method id='1271' holder='1270' name='&lt;init&gt;' return='1114' arguments='1112' unloaded='1'/>
<call method='1271' instr='invokespecial'/>
<inline_fail reason='not inlineable'/>
<parse_done stamp='0.105'/>
</parse>
<bc code='184' bci='21'/>
<klass id='1272' name='java.lang.StringUTF16' flags='16'/>
<method id='1273' holder='1272' name='charAt' return='1107' arguments='1241 1112' flags='9' bytes='11' iicount='1'/>
<call method='1273' instr='invokestatic'/>
<inline_success reason='inline'/>
<parse method='1273'>
<bc code='184' bci='2'/>
<method id='1275' holder='1272' name='checkIndex' return='1114' arguments='1112 1241' flags='9' bytes='9' iicount='1'/>
<call method='1275' instr='invokestatic'/>
<inline_success reason='inline'/>
<parse method='1275'>
<bc code='184' bci='2'/>
<method id='1277' holder='1272' name='length' return='1112' arguments='1241' flags='9' bytes='5' iicount='1'/>
<call method='1277' instr='invokestatic'/>
<inline_success reason='inline'/>
<parse method='1277'>
<parse_done stamp='0.105'/>
</parse>
<bc code='184' bci='5'/>
<method id='1279' holder='1120' name='checkIndex' return='1114' arguments='1112 1112' flags='8' bytes='48' iicount='1'/>
<call method='1279' instr='invokestatic'/>
<inline_fail reason='callee is too large'/>
<parse_done stamp='0.105'/>
</parse>
<bc code='184' bci='7'/>
<method id='1281' holder='1272' name='getChar' return='1107' arguments='1241 1112' flags='8' bytes='60' iicount='1'/>
<call method='1281' instr='invokestatic'/>
<inline_success reason='intrinsic'/>
<parse_done stamp='0.105'/>
</parse>
<parse_done stamp='0.105'/>
</parse>
<bc code='182' bci='127'/>
<method id='1282' holder='1249' name='encodeUtf8' return='1249' arguments='1120 1112 1112' flags='16' bytes='337' iicount='1'/>
<call method='1282' instr='invokevirtual'/>
<dependency type='leaf_type' ctxk='1249'/>
<inline_fail reason='callee is too large'/>
<phase_done stamp='0.105'/>
</phase>
<parse_done stamp='0.105'/>
</parse>
<phase name='optimize_blocks' stamp='0.105'>
<phase_done stamp='0.105'/>
</phase>
<phase name='gvn' stamp='0.105'>
<phase_done stamp='0.105'/>
</phase>
<phase name='rangeCheckElimination' stamp='0.105'>
<phase_done stamp='0.105'/>
</phase>
<phase name='optimize_null_checks' stamp='0.105'>
<phase_done stamp='0.105'/>
</phase>
<phase_done stamp='0.105'/>
</phase>
<phase name='emit_lir' stamp='0.105'>
<phase name='lirGeneration' stamp='0.105'>
<phase_done stamp='0.105'/>
</phase>
<phase name='linearScan' stamp='0.105'>
<phase_done stamp='0.105'/>
</phase>
<phase_done stamp='0.105'/>
</phase>
<phase name='codeemit' stamp='0.105'>
<phase_done stamp='0.106'/>
</phase>
<phase name='codeinstall' stamp='0.106'>
<dependency type='leaf_type' ctxk='1249'/>
<phase_done stamp='0.106'/>
</phase>
<code_cache total_blobs='675' nmethods='279' adapters='310' free_code_cache='250100096'/>
<task_done success='1' nmsize='2784' count='133' backedge_count='2788' inlined_bytes='123' stamp='0.106'/>
</task>
<task compile_id='277' method='jdk.internal.org.objectweb.asm.SymbolTable hash (ILjava/lang/String;)I' bytes='10' count='267' iicount='267' level='3' stamp='0.106'>
<phase name='setup' stamp='0.106'>
<phase_done stamp='0.106'/>
</phase>
<phase name='buildIR' stamp='0.106'>
<type id='1112' name='int'/>
<klass id='1120' name='java.lang.String' flags='17'/>
<klass id='1249' name='jdk.internal.org.objectweb.asm.SymbolTable' flags='16'/>
<method id='1250' holder='1249' name='hash' return='1112' arguments='1112 1120' flags='10' bytes='10' iicount='267'/>
<parse method='1250'  stamp='0.106'>
<phase name='parse_hir' stamp='0.106'>
<bc code='182' bci='4'/>
<method id='1252' holder='1120' name='hashCode' return='1112' flags='1' bytes='60' compile_id='102' compiler='c2' level='4' iicount='8507'/>
<call method='1252' instr='invokevirtual'/>
<inline_fail reason='callee is too large'/>
<phase_done stamp='0.106'/>
</phase>
<parse_done stamp='0.106'/>
</parse>
<phase name='optimize_blocks' stamp='0.106'>
<phase_done stamp='0.106'/>
</phase>
<phase name='gvn' stamp='0.106'>
<phase_done stamp='0.106'/>
</phase>
<phase name='rangeCheckElimination' stamp='0.106'>
<phase_done stamp='0.106'/>
</phase>
<phase name='optimize_null_checks' stamp='0.106'>
<phase_done stamp='0.106'/>
</phase>
<phase_done stamp='0.106'/>
</phase>
<phase name='emit_lir' stamp='0.106'>
<phase name='lirGeneration' stamp='0.106'>
<phase_done stamp='0.106'/>
</phase>
<phase name='linearScan' stamp='0.106'>
<phase_done stamp='0.106'/>
</phase>
<phase_done stamp='0.106'/>
</phase>
<phase name='codeemit' stamp='0.106'>
<phase_done stamp='0.106'/>
</phase>
<phase name='codeinstall' stamp='0.106'>
<phase_done stamp='0.106'/>
</phase>
<code_cache total_blobs='678' nmethods='281' adapters='311' free_code_cache='250097664'/>
<task_done success='1' nmsize='288' count='267' stamp='0.106'/>
</task>
<task compile_id='278' method='java.lang.invoke.MethodType$ConcurrentWeakInternSet$WeakEntry hashCode ()I' bytes='5' count='137' iicount='137' level='1' stamp='0.106'>
<phase name='setup' stamp='0.106'>
<phase_done stamp='0.106'/>
</phase>
<phase name='buildIR' stamp='0.106'>
<type id='1112' name='int'/>
<klass id='1249' name='java.lang.invoke.MethodType$ConcurrentWeakInternSet$WeakEntry' flags='10'/>
<method id='1250' holder='1249' name='hashCode' return='1112' flags='1' bytes='5' iicount='137'/>
<parse method='1250'  stamp='0.106'>
<phase name='parse_hir' stamp='0.106'>
<phase_done stamp='0.106'/>
</phase>
<parse_done stamp='0.106'/>
</parse>
<phase name='optimize_blocks' stamp='0.106'>
<phase_done stamp='0.106'/>
</phase>
<phase name='gvn' stamp='0.106'>
<phase_done stamp='0.106'/>
</phase>
<phase name='rangeCheckElimination' stamp='0.106'>
<phase_done stamp='0.106'/>
</phase>
<phase name='optimize_null_checks' stamp='0.106'>
<phase_done stamp='0.106'/>
</phase>
<phase_done stamp='0.106'/>
</phase>
<phase name='emit_lir' stamp='0.106'>
<phase name='lirGeneration' stamp='0.106'>
<phase_done stamp='0.106'/>
</phase>
<phase name='linearScan' stamp='0.106'>
<phase_done stamp='0.106'/>
</phase>
<phase_done stamp='0.106'/>
</phase>
<phase name='codeemit' stamp='0.106'>
<phase_done stamp='0.106'/>
</phase>
<phase name='codeinstall' stamp='0.106'>
<phase_done stamp='0.106'/>
</phase>
<code_cache total_blobs='679' nmethods='282' adapters='311' free_code_cache='250096896'/>
<task_done success='1' nmsize='208' count='139' stamp='0.106'/>
</task>
<task compile_id='284' method='java.lang.AbstractStringBuilder &lt;init&gt; (I)V' bytes='39' count='393' iicount='393' level='3' stamp='0.106'>
<phase name='setup' stamp='0.106'>
<phase_done stamp='0.106'/>
</phase>
<phase name='buildIR' stamp='0.106'>
<type id='1114' name='void'/>
<type id='1112' name='int'/>
<klass id='1192' name='java.lang.AbstractStringBuilder' flags='1024'/>
<method id='1249' holder='1192' name='&lt;init&gt;' return='1114' arguments='1112' flags='0' bytes='39' iicount='393'/>
<parse method='1249'  stamp='0.106'>
<phase name='parse_hir' stamp='0.106'>
<bc code='183' bci='1'/>
<klass id='1119' name='java.lang.Object' flags='1'/>
<method id='1251' holder='1119' name='&lt;init&gt;' return='1114' flags='1' bytes='1' compile_id='13' compiler='c2' level='4' iicount='13135'/>
<call method='1251' instr='invokespecial'/>
<inline_success reason='inline'/>
<parse method='1251'>
<bc code='177' bci='0'/>
<dependency type='no_finalizable_subclasses' ctxk='1192'/>
<parse_done stamp='0.106'/>
</parse>
<phase_done stamp='0.106'/>
</phase>
<parse_done stamp='0.106'/>
</parse>
<phase name='optimize_blocks' stamp='0.106'>
<phase_done stamp='0.106'/>
</phase>
<phase name='gvn' stamp='0.106'>
<phase_done stamp='0.106'/>
</phase>
<phase name='rangeCheckElimination' stamp='0.106'>
<phase_done stamp='0.106'/>
</phase>
<phase name='optimize_null_checks' stamp='0.106'>
<phase_done stamp='0.106'/>
</phase>
<phase_done stamp='0.106'/>
</phase>
<phase name='emit_lir' stamp='0.106'>
<phase name='lirGeneration' stamp='0.106'>
<phase_done stamp='0.106'/>
</phase>
<phase name='linearScan' stamp='0.106'>
<phase_done stamp='0.106'/>
</phase>
<phase_done stamp='0.106'/>
</phase>
<phase name='codeemit' stamp='0.106'>
<phase_done stamp='0.106'/>
</phase>
<phase name='codeinstall' stamp='0.106'>
<dependency type='no_finalizable_subclasses' ctxk='1192'/>
<phase_done stamp='0.106'/>
</phase>
<code_cache total_blobs='681' nmethods='284' adapters='311' free_code_cache='250094848'/>
<task_done success='1' nmsize='656' count='395' inlined_bytes='1' stamp='0.106'/>
</task>
<task compile_id='285' method='java.lang.StringBuilder toString ()Ljava/lang/String;' bytes='35' count='393' iicount='393' level='3' stamp='0.106'>
<phase name='setup' stamp='0.106'>
<phase_done stamp='0.106'/>
</phase>
<phase name='buildIR' stamp='0.106'>
<klass id='1120' name='java.lang.String' flags='17'/>
<klass id='1194' name='java.lang.StringBuilder' flags='17'/>
<method id='1249' holder='1194' name='toString' return='1120' flags='1' bytes='35' iicount='393'/>
<parse method='1249'  stamp='0.106'>
<phase name='parse_hir' stamp='0.106'>
<bc code='182' bci='1'/>
<type id='1106' name='boolean'/>
<klass id='1192' name='java.lang.AbstractStringBuilder' flags='1024'/>
<method id='1251' holder='1192' name='isLatin1' return='1106' flags='16' bytes='19' compile_id='214' compiler='c1' level='3' iicount='683'/>
<call method='1251' instr='invokevirtual'/>
<inline_success reason='inline'/>
<parse method='1251'>
<parse_done stamp='0.106'/>
</parse>
<bc code='184' bci='16'/>
<klass id='1241' name='[B' flags='1041'/>
<type id='1112' name='int'/>
<klass id='1254' name='java.lang.StringLatin1' flags='16'/>
<method id='1255' holder='1254' name='newString' return='1120' arguments='1241 1112 1112' flags='9' bytes='24' compile_id='213' compiler='c1' level='3' iicount='835'/>
<call method='1255' instr='invokestatic'/>
<inline_fail reason='callee uses too much stack'/>
<bc code='184' bci='31'/>
<klass id='1257' name='java.lang.StringUTF16' flags='16'/>
<method id='1258' holder='1257' name='newString' return='1120' arguments='1241 1112 1112' flags='9' bytes='58' iicount='1'/>
<call method='1258' instr='invokestatic'/>
<inline_fail reason='callee is too large'/>
<phase_done stamp='0.106'/>
</phase>
<parse_done stamp='0.106'/>
</parse>
<phase name='optimize_blocks' stamp='0.106'>
<phase_done stamp='0.106'/>
</phase>
<phase name='gvn' stamp='0.106'>
<phase_done stamp='0.106'/>
</phase>
<phase name='rangeCheckElimination' stamp='0.106'>
<phase_done stamp='0.106'/>
</phase>
<phase name='optimize_null_checks' stamp='0.106'>
<phase_done stamp='0.106'/>
</phase>
<phase_done stamp='0.106'/>
</phase>
<phase name='emit_lir' stamp='0.106'>
<phase name='lirGeneration' stamp='0.106'>
<phase_done stamp='0.106'/>
</phase>
<phase name='linearScan' stamp='0.106'>
<phase_done stamp='0.106'/>
</phase>
<phase_done stamp='0.106'/>
</phase>
<phase name='codeemit' stamp='0.106'>
<phase_done stamp='0.106'/>
</phase>
<phase name='codeinstall' stamp='0.106'>
<phase_done stamp='0.106'/>
</phase>
<code_cache total_blobs='683' nmethods='286' adapters='311' free_code_cache='250092672'/>
<task_done success='1' nmsize='688' count='397' inlined_bytes='19' stamp='0.106'/>
</task>
<task compile_id='287' method='java.lang.StringBuilder &lt;init&gt; ()V' bytes='7' count='380' iicount='380' level='3' stamp='0.106'>
<phase name='setup' stamp='0.106'>
<phase_done stamp='0.106'/>
</phase>
<phase name='buildIR' stamp='0.106'>
<type id='1114' name='void'/>
<klass id='1194' name='java.lang.StringBuilder' flags='17'/>
<method id='1249' holder='1194' name='&lt;init&gt;' return='1114' flags='1' bytes='7' iicount='380'/>
<parse method='1249'  stamp='0.106'>
<phase name='parse_hir' stamp='0.106'>
<bc code='183' bci='3'/>
<type id='1112' name='int'/>
<klass id='1192' name='java.lang.AbstractStringBuilder' flags='1024'/>
<method id='1251' holder='1192' name='&lt;init&gt;' return='1114' arguments='1112' flags='0' bytes='39' compile_id='284' compiler='c1' level='3' iicount='400'/>
<call method='1251' instr='invokespecial'/>
<inline_fail reason='callee is too large'/>
<phase_done stamp='0.106'/>
</phase>
<parse_done stamp='0.106'/>
</parse>
<phase name='optimize_blocks' stamp='0.106'>
<phase_done stamp='0.106'/>
</phase>
<phase name='gvn' stamp='0.106'>
<phase_done stamp='0.106'/>
</phase>
<phase name='rangeCheckElimination' stamp='0.106'>
<phase_done stamp='0.106'/>
</phase>
<phase name='optimize_null_checks' stamp='0.106'>
<phase_done stamp='0.106'/>
</phase>
<phase_done stamp='0.106'/>
</phase>
<phase name='emit_lir' stamp='0.106'>
<phase name='lirGeneration' stamp='0.106'>
<phase_done stamp='0.107'/>
</phase>
<phase name='linearScan' stamp='0.107'>
<phase_done stamp='0.107'/>
</phase>
<phase_done stamp='0.107'/>
</phase>
<phase name='codeemit' stamp='0.107'>
<phase_done stamp='0.107'/>
</phase>
<phase name='codeinstall' stamp='0.107'>
<phase_done stamp='0.107'/>
</phase>
<code_cache total_blobs='684' nmethods='287' adapters='311' free_code_cache='250091776'/>
<task_done success='1' nmsize='320' count='381' stamp='0.107'/>
</task>
<task compile_id='288' method='jdk.internal.org.objectweb.asm.Symbol &lt;init&gt; (IILjava/lang/String;Ljava/lang/String;Ljava/lang/String;J)V' bytes='38' count='293' iicount='293' level='3' stamp='0.107'>
<phase name='setup' stamp='0.107'>
<phase_done stamp='0.107'/>
</phase>
<phase name='buildIR' stamp='0.107'>
<type id='1114' name='void'/>
<type id='1112' name='int'/>
<klass id='1120' name='java.lang.String' flags='17'/>
<type id='1113' name='long'/>
<klass id='1249' name='jdk.internal.org.objectweb.asm.Symbol' flags='1024'/>
<method id='1250' holder='1249' name='&lt;init&gt;' return='1114' arguments='1112 1112 1120 1120 1120 1113' flags='0' bytes='38' iicount='293'/>
<parse method='1250'  stamp='0.107'>
<phase name='parse_hir' stamp='0.107'>
<bc code='183' bci='1'/>
<klass id='1119' name='java.lang.Object' flags='1'/>
<method id='1252' holder='1119' name='&lt;init&gt;' return='1114' flags='1' bytes='1' compile_id='13' compiler='c2' level='4' iicount='13177'/>
<call method='1252' instr='invokespecial'/>
<inline_success reason='inline'/>
<parse method='1252'>
<bc code='177' bci='0'/>
<dependency type='no_finalizable_subclasses' ctxk='1249'/>
<parse_done stamp='0.107'/>
</parse>
<phase_done stamp='0.107'/>
</phase>
<parse_done stamp='0.107'/>
</parse>
<phase name='optimize_blocks' stamp='0.107'>
<phase_done stamp='0.107'/>
</phase>
<phase name='gvn' stamp='0.107'>
<phase_done stamp='0.107'/>
</phase>
<phase name='rangeCheckElimination' stamp='0.107'>
<phase_done stamp='0.107'/>
</phase>
<phase name='optimize_null_checks' stamp='0.107'>
<phase_done stamp='0.107'/>
</phase>
<phase_done stamp='0.107'/>
</phase>
<phase name='emit_lir' stamp='0.107'>
<phase name='lirGeneration' stamp='0.107'>
<phase_done stamp='0.107'/>
</phase>
<phase name='linearScan' stamp='0.107'>
<phase_done stamp='0.107'/>
</phase>
<phase_done stamp='0.107'/>
</phase>
<phase name='codeemit' stamp='0.107'>
<phase_done stamp='0.107'/>
</phase>
<phase name='codeinstall' stamp='0.107'>
<dependency type='no_finalizable_subclasses' ctxk='1249'/>
<phase_done stamp='0.107'/>
</phase>
<code_cache total_blobs='687' nmethods='289' adapters='312' free_code_cache='250088832'/>
<task_done success='1' nmsize='688' count='293' inlined_bytes='1' stamp='0.107'/>
</task>
<task compile_id='289' method='jdk.internal.org.objectweb.asm.ByteVector putShort (I)Ljdk/internal/org/objectweb/asm/ByteVector;' bytes='52' count='258' iicount='258' level='3' stamp='0.107'>
<phase name='setup' stamp='0.107'>
<phase_done stamp='0.107'/>
</phase>
<phase name='buildIR' stamp='0.107'>
<klass id='1249' name='jdk.internal.org.objectweb.asm.ByteVector' flags='1'/>
<type id='1112' name='int'/>
<method id='1250' holder='1249' name='putShort' return='1249' arguments='1112' flags='1' bytes='52' iicount='258'/>
<parse method='1250'  stamp='0.107'>
<phase name='parse_hir' stamp='0.107'>
<bc code='182' bci='18'/>
<type id='1114' name='void'/>
<method id='1252' holder='1249' name='enlarge' return='1114' arguments='1112' flags='2' bytes='51' iicount='25'/>
<call method='1252' instr='invokevirtual'/>
<dependency type='leaf_type' ctxk='1249'/>
<inline_fail reason='callee is too large'/>
<phase_done stamp='0.107'/>
</phase>
<parse_done stamp='0.107'/>
</parse>
<phase name='optimize_blocks' stamp='0.107'>
<phase_done stamp='0.107'/>
</phase>
<phase name='gvn' stamp='0.107'>
<phase_done stamp='0.107'/>
</phase>
<phase name='rangeCheckElimination' stamp='0.107'>
<phase_done stamp='0.107'/>
</phase>
<phase name='optimize_null_checks' stamp='0.107'>
<phase_done stamp='0.107'/>
</phase>
<phase_done stamp='0.107'/>
</phase>
<phase name='emit_lir' stamp='0.107'>
<phase name='lirGeneration' stamp='0.107'>
<phase_done stamp='0.107'/>
</phase>
<phase name='linearScan' stamp='0.107'>
<phase_done stamp='0.107'/>
</phase>
<phase_done stamp='0.107'/>
</phase>
<phase name='codeemit' stamp='0.107'>
<phase_done stamp='0.107'/>
</phase>
<phase name='codeinstall' stamp='0.107'>
<dependency type='leaf_type' ctxk='1249'/>
<phase_done stamp='0.107'/>
</phase>
<code_cache total_blobs='689' nmethods='291' adapters='312' free_code_cache='250086784'/>
<task_done success='1' nmsize='512' count='258' stamp='0.107'/>
</task>
<task compile_id='292' method='java.lang.invoke.MethodType$ConcurrentWeakInternSet get (Ljava/lang/Object;)Ljava/lang/Object;' bytes='47' count='392' iicount='392' level='3' stamp='0.107'>
<phase name='setup' stamp='0.107'>
<phase_done stamp='0.107'/>
</phase>
<phase name='buildIR' stamp='0.107'>
<klass id='1119' name='java.lang.Object' flags='1'/>
<klass id='1249' name='java.lang.invoke.MethodType$ConcurrentWeakInternSet' flags='10'/>
<method id='1250' holder='1249' name='get' return='1119' arguments='1119' flags='1' bytes='47' iicount='392'/>
<parse method='1250'  stamp='0.107'>
<phase name='parse_hir' stamp='0.107'>
<bc code='183' bci='8'/>
<type id='1114' name='void'/>
<klass id='1245' name='java.lang.NullPointerException' flags='1'/>
<method id='1253' holder='1245' name='&lt;init&gt;' return='1114' flags='1' bytes='5' iicount='1'/>
<call method='1253' instr='invokespecial'/>
<inline_fail reason='don&apos;t inline Throwable constructors'/>
<bc code='182' bci='13'/>
<method id='1255' holder='1249' name='expungeStaleElements' return='1114' flags='2' bytes='27' compile_id='259' compiler='c1' level='3' iicount='540'/>
<call method='1255' instr='invokevirtual'/>
<dependency type='leaf_type' ctxk='1249'/>
<inline_success reason='inline'/>
<parse method='1255'>
<bc code='182' bci='4'/>
<klass id='1148' name='java.lang.ref.Reference' flags='1025'/>
<klass id='1257' name='java.lang.ref.ReferenceQueue' flags='1'/>
<method id='1258' holder='1257' name='poll' return='1148' flags='1' bytes='28' compile_id='60' compiler='c1' level='3' iicount='731'/>
<call method='1258' instr='invokevirtual'/>
<dependency type='unique_concrete_method_4' ctxk='1257' x='1258' x2='1257' x3='1258'/>
<inline_success reason='inline'/>
<parse method='1258'>
<bc code='182' bci='17'/>
<method id='1261' holder='1257' name='reallyPoll' return='1148' flags='2' bytes='65' iicount='2'/>
<call method='1261' instr='invokevirtual'/>
<inline_fail reason='callee is too large'/>
<parse_done stamp='0.107'/>
</parse>
<bc code='185' bci='17'/>
<klass id='1263' name='java.util.concurrent.ConcurrentMap' flags='1537'/>
<method id='1264' holder='1263' name='remove' return='1119' arguments='1119' flags='4161' bytes='10' iicount='1'/>
<call method='1264' instr='invokeinterface'/>
<inline_fail reason='no static binding'/>
<parse_done stamp='0.107'/>
</parse>
<bc code='185' bci='21'/>
<method id='1265' holder='1263' name='get' return='1119' arguments='1119' flags='4161' bytes='10' iicount='1'/>
<call method='1265' instr='invokeinterface'/>
<inline_fail reason='no static binding'/>
<bc code='192' bci='26'/>
<klass id='1252' name='java.lang.invoke.MethodType$ConcurrentWeakInternSet$WeakEntry' flags='10'/>
<dependency type='leaf_type' ctxk='1252'/>
<bc code='182' bci='35'/>
<method id='1266' holder='1148' name='get' return='1119' flags='1' bytes='5' iicount='1'/>
<call method='1266' instr='invokevirtual'/>
<dependency type='leaf_type' ctxk='1252'/>
<inline_success reason='intrinsic'/>
<phase_done stamp='0.107'/>
</phase>
<parse_done stamp='0.107'/>
</parse>
<phase name='optimize_blocks' stamp='0.107'>
<phase_done stamp='0.107'/>
</phase>
<phase name='gvn' stamp='0.107'>
<phase_done stamp='0.107'/>
</phase>
<phase name='rangeCheckElimination' stamp='0.107'>
<phase_done stamp='0.107'/>
</phase>
<phase name='optimize_null_checks' stamp='0.107'>
<phase_done stamp='0.107'/>
</phase>
<phase_done stamp='0.107'/>
</phase>
<phase name='emit_lir' stamp='0.107'>
<phase name='lirGeneration' stamp='0.107'>
<phase_done stamp='0.107'/>
</phase>
<phase name='linearScan' stamp='0.107'>
<phase_done stamp='0.107'/>
</phase>
<phase_done stamp='0.107'/>
</phase>
<phase name='codeemit' stamp='0.107'>
<phase_done stamp='0.107'/>
</phase>
<phase name='codeinstall' stamp='0.107'>
<dependency type='leaf_type' ctxk='1249'/>
<dependency type='leaf_type' ctxk='1252'/>
<dependency type='unique_concrete_method_4' ctxk='1257' x='1258' x2='1257' x3='1258'/>
<phase_done stamp='0.107'/>
</phase>
<code_cache total_blobs='691' nmethods='293' adapters='312' free_code_cache='250082304'/>
<task_done success='1' nmsize='2416' count='401' inlined_bytes='55' stamp='0.107'/>
</task>
<task compile_id='295' method='jdk.internal.org.objectweb.asm.SymbolTable$Entry &lt;init&gt; (IILjava/lang/String;I)V' bytes='17' count='276' iicount='276' level='3' stamp='0.107'>
<phase name='setup' stamp='0.107'>
<phase_done stamp='0.107'/>
</phase>
<phase name='buildIR' stamp='0.107'>
<type id='1114' name='void'/>
<type id='1112' name='int'/>
<klass id='1120' name='java.lang.String' flags='17'/>
<klass id='1249' name='jdk.internal.org.objectweb.asm.SymbolTable$Entry' flags='10'/>
<method id='1250' holder='1249' name='&lt;init&gt;' return='1114' arguments='1112 1112 1120 1112' flags='0' bytes='17' iicount='276'/>
<parse method='1250'  stamp='0.107'>
<phase name='parse_hir' stamp='0.107'>
<bc code='183' bci='7'/>
<type id='1113' name='long'/>
<klass id='1252' name='jdk.internal.org.objectweb.asm.Symbol' flags='1024'/>
<method id='1253' holder='1252' name='&lt;init&gt;' return='1114' arguments='1112 1112 1120 1120 1120 1113' flags='0' bytes='38' compile_id='288' compiler='c1' level='3' iicount='350'/>
<call method='1253' instr='invokespecial'/>
<dependency type='leaf_type' ctxk='1249'/>
<inline_fail reason='callee is too large'/>
<phase_done stamp='0.108'/>
</phase>
<parse_done stamp='0.108'/>
</parse>
<phase name='optimize_blocks' stamp='0.108'>
<phase_done stamp='0.108'/>
</phase>
<phase name='gvn' stamp='0.108'>
<phase_done stamp='0.108'/>
</phase>
<phase name='rangeCheckElimination' stamp='0.108'>
<phase_done stamp='0.108'/>
</phase>
<phase name='optimize_null_checks' stamp='0.108'>
<phase_done stamp='0.108'/>
</phase>
<phase_done stamp='0.108'/>
</phase>
<phase name='emit_lir' stamp='0.108'>
<phase name='lirGeneration' stamp='0.108'>
<phase_done stamp='0.108'/>
</phase>
<phase name='linearScan' stamp='0.108'>
<phase_done stamp='0.108'/>
</phase>
<phase_done stamp='0.108'/>
</phase>
<phase name='codeemit' stamp='0.108'>
<phase_done stamp='0.108'/>
</phase>
<phase name='codeinstall' stamp='0.108'>
<dependency type='leaf_type' ctxk='1249'/>
<phase_done stamp='0.108'/>
</phase>
<code_cache total_blobs='693' nmethods='295' adapters='312' free_code_cache='250080512'/>
<task_done success='1' nmsize='384' count='276' stamp='0.108'/>
</task>
<task compile_id='297' method='java.util.Arrays equals ([Ljava/lang/Object;[Ljava/lang/Object;)Z' bytes='57' count='257' backedge_count='509' iicount='257' level='3' stamp='0.108'>
<phase name='setup' stamp='0.108'>
<phase_done stamp='0.108'/>
</phase>
<phase name='buildIR' stamp='0.108'>
<type id='1106' name='boolean'/>
<klass id='1250' name='[Ljava.lang.Object;' flags='1041'/>
<klass id='1249' name='java.util.Arrays' flags='1'/>
<method id='1251' holder='1249' name='equals' return='1106' arguments='1250 1250' flags='9' bytes='57' iicount='259'/>
<parse method='1251'  stamp='0.108'>
<phase name='parse_hir' stamp='0.108'>
<bc code='184' bci='41'/>
<klass id='1119' name='java.lang.Object' flags='1'/>
<klass id='1253' name='java.util.Objects' flags='17'/>
<method id='1254' holder='1253' name='equals' return='1106' arguments='1119 1119' flags='9' bytes='23' compile_id='25' compiler='c1' level='3' iicount='1155'/>
<call method='1254' instr='invokestatic'/>
<inline_success reason='inline'/>
<parse method='1254'>
<bc code='182' bci='11'/>
<method id='1258' holder='1119' name='equals' return='1106' arguments='1119' flags='1' bytes='11' compile_id='99' compiler='c1' level='3' iicount='2385'/>
<call method='1258' instr='invokevirtual'/>
<inline_fail reason='no static binding'/>
<parse_done stamp='0.108'/>
</parse>
<phase_done stamp='0.108'/>
</phase>
<parse_done stamp='0.108'/>
</parse>
<phase name='optimize_blocks' stamp='0.108'>
<phase_done stamp='0.108'/>
</phase>
<phase name='gvn' stamp='0.108'>
<phase_done stamp='0.108'/>
</phase>
<phase name='rangeCheckElimination' stamp='0.108'>
<phase_done stamp='0.108'/>
</phase>
<phase name='optimize_null_checks' stamp='0.108'>
<phase_done stamp='0.108'/>
</phase>
<phase_done stamp='0.108'/>
</phase>
<phase name='emit_lir' stamp='0.108'>
<phase name='lirGeneration' stamp='0.108'>
<phase_done stamp='0.108'/>
</phase>
<phase name='linearScan' stamp='0.108'>
<phase_done stamp='0.108'/>
</phase>
<phase_done stamp='0.108'/>
</phase>
<phase name='codeemit' stamp='0.108'>
<phase_done stamp='0.108'/>
</phase>
<phase name='codeinstall' stamp='0.108'>
<phase_done stamp='0.108'/>
</phase>
<code_cache total_blobs='696' nmethods='298' adapters='312' free_code_cache='250076544'/>
<task_done success='1' nmsize='1440' count='271' backedge_count='531' inlined_bytes='23' stamp='0.108'/>
</task>
<task compile_id='291' method='java.lang.invoke.MethodType equals (Ljava/lang/Object;)Z' bytes='56' count='280' iicount='280' level='3' stamp='0.108'>
<phase name='setup' stamp='0.108'>
<phase_done stamp='0.108'/>
</phase>
<phase name='buildIR' stamp='0.108'>
<type id='1106' name='boolean'/>
<klass id='1119' name='java.lang.Object' flags='1'/>
<klass id='1183' name='java.lang.invoke.MethodType' flags='17'/>
<method id='1249' holder='1183' name='equals' return='1106' arguments='1119' flags='1' bytes='56' iicount='280'/>
<parse method='1249'  stamp='0.108'>
<phase name='parse_hir' stamp='0.108'>
<bc code='182' bci='19'/>
<method id='1251' holder='1183' name='equals' return='1106' arguments='1183' flags='2' bytes='31' iicount='265'/>
<call method='1251' instr='invokevirtual'/>
<inline_success reason='inline'/>
<parse method='1251'>
<bc code='184' bci='19'/>
<klass id='1255' name='[Ljava.lang.Object;' flags='1041'/>
<klass id='1254' name='java.util.Arrays' flags='1'/>
<method id='1256' holder='1254' name='equals' return='1106' arguments='1255 1255' flags='9' bytes='57' compile_id='297' compiler='c1' level='3' iicount='272'/>
<call method='1256' instr='invokestatic'/>
<inline_fail reason='callee is too large'/>
<parse_done stamp='0.108'/>
</parse>
<bc code='193' bci='24'/>
<klass id='1258' name='java.lang.invoke.MethodType$ConcurrentWeakInternSet$WeakEntry' flags='10'/>
<dependency type='leaf_type' ctxk='1258'/>
<bc code='192' bci='31'/>
<dependency type='leaf_type' ctxk='1258'/>
<bc code='182' bci='34'/>
<klass id='1148' name='java.lang.ref.Reference' flags='1025'/>
<method id='1259' holder='1148' name='get' return='1119' flags='1' bytes='5' iicount='1'/>
<call method='1259' instr='invokevirtual'/>
<dependency type='leaf_type' ctxk='1258'/>
<inline_success reason='intrinsic'/>
<bc code='182' bci='50'/>
<call method='1251' instr='invokevirtual'/>
<inline_success reason='inline'/>
<parse method='1251'>
<bc code='184' bci='19'/>
<call method='1256' instr='invokestatic'/>
<inline_fail reason='callee is too large'/>
<parse_done stamp='0.108'/>
</parse>
<phase_done stamp='0.108'/>
</phase>
<parse_done stamp='0.108'/>
</parse>
<phase name='optimize_blocks' stamp='0.108'>
<phase_done stamp='0.108'/>
</phase>
<phase name='gvn' stamp='0.108'>
<phase_done stamp='0.108'/>
</phase>
<phase name='rangeCheckElimination' stamp='0.108'>
<phase_done stamp='0.108'/>
</phase>
<phase name='optimize_null_checks' stamp='0.108'>
<phase_done stamp='0.108'/>
</phase>
<phase_done stamp='0.108'/>
</phase>
<phase name='emit_lir' stamp='0.108'>
<phase name='lirGeneration' stamp='0.108'>
<phase_done stamp='0.108'/>
</phase>
<phase name='linearScan' stamp='0.108'>
<phase_done stamp='0.108'/>
</phase>
<phase_done stamp='0.108'/>
</phase>
<phase name='codeemit' stamp='0.108'>
<phase_done stamp='0.108'/>
</phase>
<phase name='codeinstall' stamp='0.108'>
<dependency type='leaf_type' ctxk='1258'/>
<phase_done stamp='0.108'/>
</phase>
<code_cache total_blobs='698' nmethods='300' adapters='312' free_code_cache='250071680'/>
<task_done success='1' nmsize='2928' count='284' inlined_bytes='62' stamp='0.108'/>
</task>
<task compile_id='299' method='java.lang.invoke.MethodType checkSlotCount (I)V' bytes='33' count='403' iicount='403' level='3' stamp='0.108'>
<phase name='setup' stamp='0.108'>
<phase_done stamp='0.108'/>
</phase>
<phase name='buildIR' stamp='0.108'>
<type id='1114' name='void'/>
<type id='1112' name='int'/>
<klass id='1183' name='java.lang.invoke.MethodType' flags='17'/>
<method id='1249' holder='1183' name='checkSlotCount' return='1114' arguments='1112' flags='8' bytes='33' iicount='405'/>
<parse method='1249'  stamp='0.108'>
<phase name='parse_hir' stamp='0.108'>
<bc code='183' bci='13'/>
<klass id='1194' name='java.lang.StringBuilder' flags='17'/>
<method id='1251' holder='1194' name='&lt;init&gt;' return='1114' flags='1' bytes='7' compile_id='287' compiler='c1' level='3' iicount='399'/>
<call method='1251' instr='invokespecial'/>
<inline_success reason='inline'/>
<parse method='1251'>
<bc code='183' bci='3'/>
<klass id='1192' name='java.lang.AbstractStringBuilder' flags='1024'/>
<method id='1253' holder='1192' name='&lt;init&gt;' return='1114' arguments='1112' flags='0' bytes='39' compile_id='284' compiler='c1' level='3' iicount='419'/>
<call method='1253' instr='invokespecial'/>
<inline_fail reason='callee is too large'/>
<parse_done stamp='0.108'/>
</parse>
<bc code='182' bci='18'/>
<klass id='1120' name='java.lang.String' flags='17'/>
<method id='1256' holder='1194' name='append' return='1194' arguments='1120' flags='1' bytes='8' compile_id='182' compiler='c1' level='3' iicount='1108'/>
<call method='1256' instr='invokevirtual'/>
<inline_success reason='inline'/>
<parse method='1256'>
<bc code='183' bci='2'/>
<method id='1258' holder='1192' name='append' return='1192' arguments='1120' flags='1' bytes='45' compile_id='183' compiler='c1' level='3' iicount='1108'/>
<call method='1258' instr='invokespecial'/>
<inline_fail reason='callee is too large'/>
<parse_done stamp='0.108'/>
</parse>
<bc code='182' bci='22'/>
<method id='1260' holder='1194' name='append' return='1194' arguments='1112' flags='1' bytes='8' iicount='60'/>
<call method='1260' instr='invokevirtual'/>
<inline_success reason='inline'/>
<parse method='1260'>
<bc code='183' bci='2'/>
<method id='1262' holder='1192' name='append' return='1192' arguments='1112' flags='1' bytes='55' iicount='60'/>
<call method='1262' instr='invokespecial'/>
<inline_fail reason='callee is too large'/>
<parse_done stamp='0.108'/>
</parse>
<bc code='182' bci='25'/>
<method id='1264' holder='1194' name='toString' return='1120' flags='1' bytes='35' compile_id='285' compiler='c1' level='3' iicount='417'/>
<call method='1264' instr='invokevirtual'/>
<inline_success reason='inline'/>
<parse method='1264'>
<bc code='182' bci='1'/>
<type id='1106' name='boolean'/>
<method id='1266' holder='1192' name='isLatin1' return='1106' flags='16' bytes='19' compile_id='214' compiler='c1' level='3' iicount='738'/>
<call method='1266' instr='invokevirtual'/>
<inline_success reason='inline'/>
<parse method='1266'>
<parse_done stamp='0.108'/>
</parse>
<bc code='184' bci='16'/>
<klass id='1241' name='[B' flags='1041'/>
<klass id='1269' name='java.lang.StringLatin1' flags='16'/>
<method id='1270' holder='1269' name='newString' return='1120' arguments='1241 1112 1112' flags='9' bytes='24' compile_id='213' compiler='c1' level='3' iicount='894'/>
<call method='1270' instr='invokestatic'/>
<inline_fail reason='callee uses too much stack'/>
<bc code='184' bci='31'/>
<klass id='1272' name='java.lang.StringUTF16' flags='16'/>
<method id='1273' holder='1272' name='newString' return='1120' arguments='1241 1112 1112' flags='9' bytes='58' iicount='1'/>
<call method='1273' instr='invokestatic'/>
<inline_fail reason='callee is too large'/>
<parse_done stamp='0.109'/>
</parse>
<bc code='184' bci='28'/>
<klass id='1130' name='java.lang.RuntimeException' flags='1'/>
<klass id='1275' name='java.lang.invoke.MethodHandleStatics' flags='0'/>
<method id='1276' holder='1275' name='newIllegalArgumentException' return='1130' arguments='1120' flags='8' bytes='9' iicount='1'/>
<call method='1276' instr='invokestatic'/>
<inline_success reason='inline'/>
<parse method='1276'>
<bc code='183' bci='5'/>
<klass id='1278' name='java.lang.IllegalArgumentException' flags='1'/>
<method id='1279' holder='1278' name='&lt;init&gt;' return='1114' arguments='1120' flags='1' bytes='6' iicount='1'/>
<call method='1279' instr='invokespecial'/>
<inline_fail reason='don&apos;t inline Throwable constructors'/>
<parse_done stamp='0.109'/>
</parse>
<phase_done stamp='0.109'/>
</phase>
<parse_done stamp='0.109'/>
</parse>
<phase name='optimize_blocks' stamp='0.109'>
<phase_done stamp='0.109'/>
</phase>
<phase name='gvn' stamp='0.109'>
<phase_done stamp='0.109'/>
</phase>
<phase name='rangeCheckElimination' stamp='0.109'>
<phase_done stamp='0.109'/>
</phase>
<phase name='optimize_null_checks' stamp='0.109'>
<phase_done stamp='0.109'/>
</phase>
<phase_done stamp='0.109'/>
</phase>
<phase name='emit_lir' stamp='0.109'>
<phase name='lirGeneration' stamp='0.109'>
<phase_done stamp='0.109'/>
</phase>
<phase name='linearScan' stamp='0.109'>
<phase_done stamp='0.109'/>
</phase>
<phase_done stamp='0.109'/>
</phase>
<phase name='codeemit' stamp='0.109'>
<phase_done stamp='0.109'/>
</phase>
<phase name='codeinstall' stamp='0.109'>
<phase_done stamp='0.109'/>
</phase>
<code_cache total_blobs='700' nmethods='302' adapters='312' free_code_cache='250068096'/>
<task_done success='1' nmsize='1680' count='416' inlined_bytes='86' stamp='0.109'/>
</task>
<task compile_id='298' method='java.lang.invoke.LambdaForm$BasicType basicType (Ljava/lang/Class;)Ljava/lang/invoke/LambdaForm$BasicType;' bytes='19' count='286' iicount='286' level='3' stamp='0.109'>
<phase name='setup' stamp='0.109'>
<phase_done stamp='0.109'/>
</phase>
<phase name='buildIR' stamp='0.109'>
<klass id='1249' name='java.lang.invoke.LambdaForm$BasicType' flags='16408'/>
<klass id='1121' name='java.lang.Class' flags='17'/>
<method id='1250' holder='1249' name='basicType' return='1249' arguments='1121' flags='8' bytes='19' iicount='286'/>
<parse method='1250'  stamp='0.109'>
<phase name='parse_hir' stamp='0.109'>
<bc code='182' bci='1'/>
<type id='1106' name='boolean'/>
<method id='1252' holder='1121' name='isPrimitive' return='1106' flags='257' bytes='0' compile_id='38' compile_kind='c2n' compiler='' level='0' iicount='128'/>
<call method='1252' instr='invokevirtual'/>
<inline_success reason='intrinsic'/>
<bc code='184' bci='12'/>
<klass id='1256' name='sun.invoke.util.Wrapper' flags='16401'/>
<method id='1257' holder='1256' name='forPrimitiveType' return='1256' arguments='1121' flags='9' bytes='49' iicount='141'/>
<call method='1257' instr='invokestatic'/>
<inline_fail reason='callee is too large'/>
<bc code='184' bci='15'/>
<method id='1259' holder='1249' name='basicType' return='1249' arguments='1256' flags='8' bytes='10' iicount='50'/>
<call method='1259' instr='invokestatic'/>
<inline_success reason='inline'/>
<parse method='1259'>
<bc code='182' bci='1'/>
<type id='1107' name='char'/>
<method id='1261' holder='1256' name='basicTypeChar' return='1107' flags='1' bytes='5' iicount='125'/>
<call method='1261' instr='invokevirtual'/>
<inline_success reason='inline'/>
<parse method='1261'>
<parse_done stamp='0.109'/>
</parse>
<bc code='184' bci='6'/>
<method id='1263' holder='1249' name='basicType' return='1249' arguments='1107' flags='8' bytes='187' iicount='56'/>
<call method='1263' instr='invokestatic'/>
<inline_fail reason='callee is too large'/>
<parse_done stamp='0.109'/>
</parse>
<phase_done stamp='0.109'/>
</phase>
<parse_done stamp='0.109'/>
</parse>
<phase name='optimize_blocks' stamp='0.109'>
<phase_done stamp='0.109'/>
</phase>
<phase name='gvn' stamp='0.109'>
<phase_done stamp='0.109'/>
</phase>
<phase name='rangeCheckElimination' stamp='0.109'>
<phase_done stamp='0.109'/>
</phase>
<phase name='optimize_null_checks' stamp='0.109'>
<phase_done stamp='0.109'/>
</phase>
<phase_done stamp='0.109'/>
</phase>
<phase name='emit_lir' stamp='0.109'>
<phase name='lirGeneration' stamp='0.109'>
<phase_done stamp='0.109'/>
</phase>
<phase name='linearScan' stamp='0.109'>
<phase_done stamp='0.109'/>
</phase>
<phase_done stamp='0.109'/>
</phase>
<phase name='codeemit' stamp='0.109'>
<phase_done stamp='0.109'/>
</phase>
<phase name='codeinstall' stamp='0.109'>
<phase_done stamp='0.109'/>
</phase>
<code_cache total_blobs='703' nmethods='305' adapters='312' free_code_cache='250065152'/>
<task_done success='1' nmsize='592' count='298' inlined_bytes='15' stamp='0.109'/>
</task>
<task compile_id='300' method='java.lang.invoke.MethodTypeForm parameterSlotCount ()I' bytes='5' count='148' iicount='148' level='1' stamp='0.109'>
<phase name='setup' stamp='0.109'>
<phase_done stamp='0.109'/>
</phase>
<phase name='buildIR' stamp='0.109'>
<type id='1112' name='int'/>
<klass id='1249' name='java.lang.invoke.MethodTypeForm' flags='16'/>
<method id='1250' holder='1249' name='parameterSlotCount' return='1112' flags='1' bytes='5' iicount='148'/>
<parse method='1250'  stamp='0.109'>
<phase name='parse_hir' stamp='0.109'>
<phase_done stamp='0.109'/>
</phase>
<parse_done stamp='0.109'/>
</parse>
<phase name='optimize_blocks' stamp='0.109'>
<phase_done stamp='0.109'/>
</phase>
<phase name='gvn' stamp='0.109'>
<phase_done stamp='0.109'/>
</phase>
<phase name='rangeCheckElimination' stamp='0.109'>
<phase_done stamp='0.109'/>
</phase>
<phase name='optimize_null_checks' stamp='0.109'>
<phase_done stamp='0.109'/>
</phase>
<phase_done stamp='0.109'/>
</phase>
<phase name='emit_lir' stamp='0.109'>
<phase name='lirGeneration' stamp='0.109'>
<phase_done stamp='0.109'/>
</phase>
<phase name='linearScan' stamp='0.109'>
<phase_done stamp='0.109'/>
</phase>
<phase_done stamp='0.109'/>
</phase>
<phase name='codeemit' stamp='0.109'>
<phase_done stamp='0.109'/>
</phase>
<phase name='codeinstall' stamp='0.109'>
<phase_done stamp='0.109'/>
</phase>
<code_cache total_blobs='704' nmethods='306' adapters='312' free_code_cache='250064384'/>
<task_done success='1' nmsize='208' count='148' stamp='0.109'/>
</task>
<task compile_id='305' method='jdk.internal.org.objectweb.asm.SymbolTable put (Ljdk/internal/org/objectweb/asm/SymbolTable$Entry;)Ljdk/internal/org/objectweb/asm/SymbolTable$Entry;' bytes='150' count='413' iicount='413' level='3' stamp='0.109'>
<phase name='setup' stamp='0.109'>
<phase_done stamp='0.109'/>
</phase>
<phase name='buildIR' stamp='0.109'>
<klass id='1250' name='jdk.internal.org.objectweb.asm.SymbolTable$Entry' flags='10'/>
<klass id='1249' name='jdk.internal.org.objectweb.asm.SymbolTable' flags='16'/>
<method id='1251' holder='1249' name='put' return='1250' arguments='1250' flags='2' bytes='150' iicount='413'/>
<parse method='1251'  stamp='0.109'>
<phase name='parse_hir' stamp='0.109'>
<phase_done stamp='0.109'/>
</phase>
<parse_done stamp='0.109'/>
</parse>
<phase name='optimize_blocks' stamp='0.109'>
<phase_done stamp='0.109'/>
</phase>
<phase name='gvn' stamp='0.109'>
<phase_done stamp='0.109'/>
</phase>
<phase name='rangeCheckElimination' stamp='0.109'>
<phase_done stamp='0.109'/>
</phase>
<phase name='optimize_null_checks' stamp='0.109'>
<phase_done stamp='0.109'/>
</phase>
<phase_done stamp='0.109'/>
</phase>
<phase name='emit_lir' stamp='0.109'>
<phase name='lirGeneration' stamp='0.109'>
<phase_done stamp='0.109'/>
</phase>
<phase name='linearScan' stamp='0.109'>
<phase_done stamp='0.109'/>
</phase>
<phase_done stamp='0.109'/>
</phase>
<phase name='codeemit' stamp='0.109'>
<phase_done stamp='0.109'/>
</phase>
<phase name='codeinstall' stamp='0.109'>
<phase_done stamp='0.109'/>
</phase>
<code_cache total_blobs='707' nmethods='308' adapters='313' free_code_cache='250059392'/>
<task_done success='1' nmsize='2256' count='413' stamp='0.109'/>
</task>
<task compile_id='303' method='java.lang.invoke.MethodTypeForm erasedType ()Ljava/lang/invoke/MethodType;' bytes='5' count='139' iicount='139' level='1' stamp='0.109'>
<phase name='setup' stamp='0.109'>
<phase_done stamp='0.109'/>
</phase>
<phase name='buildIR' stamp='0.109'>
<klass id='1183' name='java.lang.invoke.MethodType' flags='17'/>
<klass id='1249' name='java.lang.invoke.MethodTypeForm' flags='16'/>
<method id='1250' holder='1249' name='erasedType' return='1183' flags='1' bytes='5' iicount='139'/>
<parse method='1250'  stamp='0.109'>
<phase name='parse_hir' stamp='0.109'>
<phase_done stamp='0.109'/>
</phase>
<parse_done stamp='0.109'/>
</parse>
<phase name='optimize_blocks' stamp='0.109'>
<phase_done stamp='0.109'/>
</phase>
<phase name='gvn' stamp='0.109'>
<phase_done stamp='0.109'/>
</phase>
<phase name='rangeCheckElimination' stamp='0.109'>
<phase_done stamp='0.109'/>
</phase>
<phase name='optimize_null_checks' stamp='0.109'>
<phase_done stamp='0.109'/>
</phase>
<phase_done stamp='0.109'/>
</phase>
<phase name='emit_lir' stamp='0.109'>
<phase name='lirGeneration' stamp='0.109'>
<phase_done stamp='0.109'/>
</phase>
<phase name='linearScan' stamp='0.109'>
<phase_done stamp='0.109'/>
</phase>
<phase_done stamp='0.109'/>
</phase>
<phase name='codeemit' stamp='0.109'>
<phase_done stamp='0.109'/>
</phase>
<phase name='codeinstall' stamp='0.109'>
<phase_done stamp='0.109'/>
</phase>
<code_cache total_blobs='708' nmethods='309' adapters='313' free_code_cache='250058624'/>
<task_done success='1' nmsize='208' count='140' stamp='0.109'/>
</task>
<task compile_id='311' method='sun.invoke.util.Wrapper basicTypeChar ()C' bytes='5' count='128' iicount='128' level='1' stamp='0.109'>
<phase name='setup' stamp='0.109'>
<phase_done stamp='0.109'/>
</phase>
<phase name='buildIR' stamp='0.109'>
<type id='1107' name='char'/>
<klass id='1249' name='sun.invoke.util.Wrapper' flags='16401'/>
<method id='1250' holder='1249' name='basicTypeChar' return='1107' flags='1' bytes='5' iicount='128'/>
<parse method='1250'  stamp='0.109'>
<phase name='parse_hir' stamp='0.109'>
<phase_done stamp='0.109'/>
</phase>
<parse_done stamp='0.109'/>
</parse>
<phase name='optimize_blocks' stamp='0.109'>
<phase_done stamp='0.109'/>
</phase>
<phase name='gvn' stamp='0.109'>
<phase_done stamp='0.109'/>
</phase>
<phase name='rangeCheckElimination' stamp='0.109'>
<phase_done stamp='0.109'/>
</phase>
<phase name='optimize_null_checks' stamp='0.110'>
<phase_done stamp='0.110'/>
</phase>
<phase_done stamp='0.110'/>
</phase>
<phase name='emit_lir' stamp='0.110'>
<phase name='lirGeneration' stamp='0.110'>
<phase_done stamp='0.110'/>
</phase>
<phase name='linearScan' stamp='0.110'>
<phase_done stamp='0.110'/>
</phase>
<phase_done stamp='0.110'/>
</phase>
<phase name='codeemit' stamp='0.110'>
<phase_done stamp='0.110'/>
</phase>
<phase name='codeinstall' stamp='0.110'>
<phase_done stamp='0.110'/>
</phase>
<code_cache total_blobs='711' nmethods='312' adapters='313' free_code_cache='250056064'/>
<task_done success='1' nmsize='208' count='128' stamp='0.110'/>
</task>
<task compile_id='314' method='java.lang.reflect.Modifier isStatic (I)Z' bytes='13' count='256' iicount='256' level='3' stamp='0.110'>
<phase name='setup' stamp='0.110'>
<phase_done stamp='0.110'/>
</phase>
<phase name='buildIR' stamp='0.110'>
<type id='1106' name='boolean'/>
<type id='1112' name='int'/>
<klass id='1249' name='java.lang.reflect.Modifier' flags='1'/>
<method id='1250' holder='1249' name='isStatic' return='1106' arguments='1112' flags='9' bytes='13' iicount='256'/>
<parse method='1250'  stamp='0.110'>
<phase name='parse_hir' stamp='0.110'>
<phase_done stamp='0.110'/>
</phase>
<parse_done stamp='0.110'/>
</parse>
<phase name='optimize_blocks' stamp='0.110'>
<phase_done stamp='0.110'/>
</phase>
<phase name='gvn' stamp='0.110'>
<phase_done stamp='0.110'/>
</phase>
<phase name='rangeCheckElimination' stamp='0.110'>
<phase_done stamp='0.110'/>
</phase>
<phase name='optimize_null_checks' stamp='0.110'>
<phase_done stamp='0.110'/>
</phase>
<phase_done stamp='0.110'/>
</phase>
<phase name='emit_lir' stamp='0.110'>
<phase name='lirGeneration' stamp='0.110'>
<phase_done stamp='0.110'/>
</phase>
<phase name='linearScan' stamp='0.110'>
<phase_done stamp='0.110'/>
</phase>
<phase_done stamp='0.110'/>
</phase>
<phase name='codeemit' stamp='0.110'>
<phase_done stamp='0.110'/>
</phase>
<phase name='codeinstall' stamp='0.110'>
<phase_done stamp='0.110'/>
</phase>
<code_cache total_blobs='714' nmethods='315' adapters='313' free_code_cache='250053632'/>
<task_done success='1' nmsize='304' count='258' stamp='0.110'/>
</task>
<task compile_id='315' method='java.lang.ref.WeakReference &lt;init&gt; (Ljava/lang/Object;Ljava/lang/ref/ReferenceQueue;)V' bytes='7' count='257' iicount='257' level='3' stamp='0.110'>
<phase name='setup' stamp='0.110'>
<phase_done stamp='0.110'/>
</phase>
<phase name='buildIR' stamp='0.110'>
<type id='1114' name='void'/>
<klass id='1119' name='java.lang.Object' flags='1'/>
<klass id='1249' name='java.lang.ref.ReferenceQueue' flags='1'/>
<klass id='1150' name='java.lang.ref.WeakReference' flags='1'/>
<method id='1250' holder='1150' name='&lt;init&gt;' return='1114' arguments='1119 1249' flags='1' bytes='7' iicount='257'/>
<parse method='1250'  stamp='0.110'>
<phase name='parse_hir' stamp='0.110'>
<bc code='183' bci='3'/>
<klass id='1148' name='java.lang.ref.Reference' flags='1025'/>
<method id='1252' holder='1148' name='&lt;init&gt;' return='1114' arguments='1119 1249' flags='0' bytes='25' compile_id='205' compiler='c1' level='3' iicount='538'/>
<call method='1252' instr='invokespecial'/>
<inline_success reason='inline'/>
<parse method='1252'>
<bc code='183' bci='1'/>
<method id='1254' holder='1119' name='&lt;init&gt;' return='1114' flags='1' bytes='1' compile_id='13' compiler='c2' level='4' iicount='13724'/>
<call method='1254' instr='invokespecial'/>
<inline_success reason='inline'/>
<parse method='1254'>
<bc code='177' bci='0'/>
<dependency type='no_finalizable_subclasses' ctxk='1150'/>
<parse_done stamp='0.110'/>
</parse>
<parse_done stamp='0.110'/>
</parse>
<phase_done stamp='0.110'/>
</phase>
<parse_done stamp='0.110'/>
</parse>
<phase name='optimize_blocks' stamp='0.110'>
<phase_done stamp='0.110'/>
</phase>
<phase name='gvn' stamp='0.110'>
<phase_done stamp='0.110'/>
</phase>
<phase name='rangeCheckElimination' stamp='0.110'>
<phase_done stamp='0.110'/>
</phase>
<phase name='optimize_null_checks' stamp='0.110'>
<phase_done stamp='0.110'/>
</phase>
<phase_done stamp='0.110'/>
</phase>
<phase name='emit_lir' stamp='0.110'>
<phase name='lirGeneration' stamp='0.110'>
<phase_done stamp='0.110'/>
</phase>
<phase name='linearScan' stamp='0.110'>
<phase_done stamp='0.110'/>
</phase>
<phase_done stamp='0.110'/>
</phase>
<phase name='codeemit' stamp='0.110'>
<phase_done stamp='0.110'/>
</phase>
<phase name='codeinstall' stamp='0.110'>
<dependency type='no_finalizable_subclasses' ctxk='1150'/>
<phase_done stamp='0.110'/>
</phase>
<code_cache total_blobs='715' nmethods='316' adapters='313' free_code_cache='250052224'/>
<task_done success='1' nmsize='720' count='257' inlined_bytes='26' stamp='0.110'/>
</task>
<task compile_id='317' method='java.lang.invoke.MemberName getMethodType ()Ljava/lang/invoke/MethodType;' bytes='211' count='260' iicount='260' level='3' stamp='0.110'>
<phase name='setup' stamp='0.110'>
<phase_done stamp='0.110'/>
</phase>
<phase name='buildIR' stamp='0.110'>
<klass id='1183' name='java.lang.invoke.MethodType' flags='17'/>
<klass id='1179' name='java.lang.invoke.MemberName' flags='16'/>
<method id='1249' holder='1179' name='getMethodType' return='1183' flags='1' bytes='211' iicount='261'/>
<parse method='1249'  stamp='0.110'>
<phase name='parse_hir' stamp='0.110'>
<bc code='182' bci='8'/>
<type id='1114' name='void'/>
<method id='1251' holder='1179' name='expandFromVM' return='1114' flags='2' bytes='21' iicount='1'/>
<call method='1251' instr='invokevirtual'/>
<inline_success reason='inline'/>
<parse method='1251'>
<bc code='182' bci='9'/>
<type id='1106' name='boolean'/>
<method id='1253' holder='1179' name='isResolved' return='1106' flags='1' bytes='13' iicount='231'/>
<call method='1253' instr='invokevirtual'/>
<inline_success reason='inline'/>
<parse method='1253'>
<parse_done stamp='0.111'/>
</parse>
<bc code='184' bci='17'/>
<klass id='1181' name='java.lang.invoke.MethodHandleNatives' flags='0'/>
<method id='1255' holder='1181' name='expand' return='1114' arguments='1179' flags='264' bytes='0' iicount='1'/>
<call method='1255' instr='invokestatic'/>
<inline_fail reason='native method'/>
<parse_done stamp='0.111'/>
</parse>
<bc code='182' bci='21'/>
<method id='1256' holder='1179' name='isInvocable' return='1106' flags='1' bytes='8' compile_id='252' compiler='c1' level='3' iicount='824'/>
<call method='1256' instr='invokevirtual'/>
<inline_success reason='inline'/>
<parse method='1256'>
<bc code='182' bci='4'/>
<type id='1112' name='int'/>
<method id='1258' holder='1179' name='testAnyFlags' return='1106' arguments='1112' flags='2' bytes='15' compile_id='253' compiler='c1' level='3' iicount='824'/>
<call method='1258' instr='invokevirtual'/>
<inline_success reason='inline'/>
<parse method='1258'>
<bc code='182' bci='3'/>
<method id='1260' holder='1179' name='testFlags' return='1106' arguments='1112 1112' flags='2' bytes='16' compile_id='55' compiler='c1' level='3' iicount='1274'/>
<call method='1260' instr='invokevirtual'/>
<inline_success reason='inline'/>
<parse method='1260'>
<parse_done stamp='0.111'/>
</parse>
<parse_done stamp='0.111'/>
</parse>
<parse_done stamp='0.111'/>
</parse>
<bc code='184' bci='29'/>
<klass id='1130' name='java.lang.RuntimeException' flags='1'/>
<klass id='1120' name='java.lang.String' flags='17'/>
<klass id='1263' name='java.lang.invoke.MethodHandleStatics' flags='0'/>
<method id='1264' holder='1263' name='newIllegalArgumentException' return='1130' arguments='1120' flags='8' bytes='9' iicount='1'/>
<call method='1264' instr='invokestatic'/>
<inline_success reason='inline'/>
<parse method='1264'>
<bc code='183' bci='5'/>
<klass id='1266' name='java.lang.IllegalArgumentException' flags='1'/>
<method id='1267' holder='1266' name='&lt;init&gt;' return='1114' arguments='1120' flags='1' bytes='6' iicount='1'/>
<call method='1267' instr='invokespecial'/>
<inline_fail reason='don&apos;t inline Throwable constructors'/>
<parse_done stamp='0.111'/>
</parse>
<bc code='182' bci='76'/>
<klass id='1123' name='java.lang.ClassLoader' flags='1025'/>
<method id='1269' holder='1179' name='getClassLoader' return='1123' flags='1' bytes='8' iicount='1'/>
<call method='1269' instr='invokevirtual'/>
<inline_success reason='inline'/>
<parse method='1269'>
<bc code='182' bci='4'/>
<klass id='1121' name='java.lang.Class' flags='17'/>
<method id='1271' holder='1121' name='getClassLoader' return='1123' flags='1' bytes='28' compile_id='260' compiler='c1' level='3' iicount='526'/>
<call method='1271' instr='invokevirtual'/>
<inline_success reason='force inline by annotation'/>
<parse method='1271'>
<bc code='182' bci='1'/>
<method id='1273' holder='1121' name='getClassLoader0' return='1123' flags='0' bytes='5' compile_id='45' compiler='c1' level='1' iicount='175'/>
<call method='1273' instr='invokevirtual'/>
<inline_success reason='inline'/>
<parse method='1273'>
<parse_done stamp='0.111'/>
</parse>
<bc code='184' bci='11'/>
<klass id='1131' name='java.lang.SecurityManager' flags='1'/>
<klass id='1125' name='java.lang.System' flags='17'/>
<method id='1275' holder='1125' name='getSecurityManager' return='1131' flags='9' bytes='12' compile_id='174' compiler='c1' level='3' iicount='634'/>
<call method='1275' instr='invokestatic'/>
<inline_success reason='inline'/>
<parse method='1275'>
<bc code='184' bci='0'/>
<method id='1277' holder='1125' name='allowSecurityManager' return='1106' flags='10' bytes='13' iicount='634'/>
<call method='1277' instr='invokestatic'/>
<inline_success reason='inline'/>
<parse method='1277'>
<parse_done stamp='0.111'/>
</parse>
<parse_done stamp='0.111'/>
</parse>
<bc code='184' bci='20'/>
<klass id='1280' name='jdk.internal.reflect.Reflection' flags='1'/>
<method id='1281' holder='1280' name='getCallerClass' return='1121' flags='265' bytes='0' compile_id='254' compile_kind='c2n' compiler='' level='0' iicount='128'/>
<call method='1281' instr='invokestatic'/>
<inline_fail reason='native method'/>
<bc code='184' bci='23'/>
<method id='1282' holder='1123' name='checkClassLoaderPermission' return='1114' arguments='1123 1121' flags='8' bytes='29' iicount='1'/>
<call method='1282' instr='invokestatic'/>
<inline_fail reason='callee is too large'/>
<parse_done stamp='0.111'/>
</parse>
<parse_done stamp='0.111'/>
</parse>
<bc code='184' bci='79'/>
<method id='1284' holder='1183' name='fromDescriptor' return='1183' arguments='1120 1123' flags='8' bytes='90' iicount='1'/>
<call method='1284' instr='invokestatic'/>
<inline_fail reason='callee is too large'/>
<bc code='184' bci='134'/>
<klass id='1287' name='[Ljava.lang.Class;' flags='1041'/>
<method id='1288' holder='1183' name='makeImpl' return='1183' arguments='1121 1287 1106' flags='8' bytes='109' compile_id='72' compiler='c1' level='3' iicount='510'/>
<call method='1288' instr='invokestatic'/>
<inline_fail reason='callee is too large'/>
<phase_done stamp='0.111'/>
</phase>
<parse_done stamp='0.111'/>
</parse>
<phase name='optimize_blocks' stamp='0.111'>
<phase_done stamp='0.111'/>
</phase>
<phase name='gvn' stamp='0.111'>
<phase_done stamp='0.111'/>
</phase>
<phase name='rangeCheckElimination' stamp='0.111'>
<phase_done stamp='0.111'/>
</phase>
<phase name='optimize_null_checks' stamp='0.111'>
<phase_done stamp='0.111'/>
</phase>
<phase_done stamp='0.111'/>
</phase>
<phase name='emit_lir' stamp='0.111'>
<phase name='lirGeneration' stamp='0.111'>
<phase_done stamp='0.111'/>
</phase>
<phase name='linearScan' stamp='0.111'>
<phase_done stamp='0.111'/>
</phase>
<phase_done stamp='0.111'/>
</phase>
<phase name='codeemit' stamp='0.111'>
<phase_done stamp='0.111'/>
</phase>
<phase name='codeinstall' stamp='0.111'>
<phase_done stamp='0.111'/>
</phase>
<code_cache total_blobs='716' nmethods='317' adapters='313' free_code_cache='250044416'/>
<task_done success='1' nmsize='5552' count='266' inlined_bytes='121' stamp='0.111'/>
</task>
<fragment>
<![CDATA[
<task compile_id='318' method='jdk.internal.org.objectweb.asm.ByteVector putByte (I)Ljdk/internal/org/objectweb/asm/ByteVector;' bytes='39' count='390' iicount='390' level='3' stamp='0.111'>
<phase name='setup' stamp='0.111'>
<phase_done stamp='0.111'/>
</phase>
]]>
</fragment>
</compilation_log>
<compilation_log thread='40260'>
<start_compile_thread name='C2 CompilerThread0' thread='40260' process='40238' stamp='0.017'/>
<task compile_id='13' method='java.lang.Object &lt;init&gt; ()V' bytes='1' count='1292' iicount='1292' stamp='0.021'>
<type id='1114' name='void'/>
<klass id='1119' name='java.lang.Object' flags='1'/>
<method id='1249' holder='1119' name='&lt;init&gt;' return='1114' flags='1' bytes='1' compile_id='1' compiler='c1' level='3' iicount='1329'/>
<parse method='1249' uses='1329.000000' stamp='0.021'>
<bc code='177' bci='0'/>
<dependency type='no_finalizable_subclasses' ctxk='1119'/>
<parse_done stamp='0.021'/>
</parse>
<regalloc attempts='0' success='1'/>
<dependency type='no_finalizable_subclasses' ctxk='1119'/>
<code_cache total_blobs='290' nmethods='11' adapters='192' free_code_cache='250580608'/>
<task_done success='1' nmsize='120' count='1511' stamp='0.021'/>
</task>
<task compile_id='98' method='java.util.HashMap afterNodeInsertion (Z)V' bytes='1' count='1542' iicount='1543' stamp='0.037'>
<type id='1114' name='void'/>
<type id='1106' name='boolean'/>
<klass id='1249' name='java.util.HashMap' flags='1'/>
<method id='1250' holder='1249' name='afterNodeInsertion' return='1114' arguments='1106' flags='0' bytes='1' compile_id='85' compiler='c1' level='3' iicount='1558'/>
<parse method='1250' uses='1558.000000' stamp='0.037'>
<parse_done stamp='0.037'/>
</parse>
<regalloc attempts='0' success='1'/>
<code_cache total_blobs='421' nmethods='90' adapters='244' free_code_cache='250429440'/>
<task_done success='1' nmsize='120' count='1680' stamp='0.037'/>
</task>
<task compile_id='102' method='java.lang.String hashCode ()I' bytes='60' count='5637' iicount='5637' stamp='0.038'>
<type id='1112' name='int'/>
<klass id='1120' name='java.lang.String' flags='17'/>
<method id='1249' holder='1120' name='hashCode' return='1112' flags='1' bytes='60' compile_id='8' compiler='c1' level='3' iicount='5672'/>
<klass id='1252' name='java.lang.StringUTF16' unloaded='1'/>
<uncommon_trap method='1249' bci='37' reason='unloaded' action='reinterpret' index='45' debug_id='0' klass='1252'/>
<parse method='1249' uses='5672.000000' stamp='0.038'>
<bc code='154' bci='6'/>
<branch target_bci='58' taken='5514' not_taken='157' cnt='5671.000000' prob='                0.97'/>
<bc code='154' bci='13'/>
<branch target_bci='58' taken='4' not_taken='153' cnt='157.000000' prob='                0.03'/>
<bc code='182' bci='17'/>
<type id='1106' name='boolean'/>
<method id='1251' holder='1120' name='isLatin1' return='1106' flags='0' bytes='19' compile_id='2' compiler='c1' level='3' iicount='5260'/>
<call method='1251' count='139' prof_factor='1.000000' inline='1'/>
<inline_success reason='inline (hot)'/>
<predicted_call bci='17' exact='0' klass='1120'/>
<parse method='1251' uses='153.000000' stamp='0.038'>
<bc code='153' bci='3'/>
<branch target_bci='17' taken='0' not_taken='5260' cnt='5260.000000' prob='never'/>
<bc code='154' bci='10'/>
<branch target_bci='17' taken='0' not_taken='5260' cnt='5260.000000' prob='never'/>
<uncommon_trap bci='10' reason='unstable_if' action='reinterpret' debug_id='0' comment='taken never'/>
<parse_done stamp='0.038'/>
</parse>
<bc code='153' bci='20'/>
<branch target_bci='33' taken='0' not_taken='153' cnt='153.000000' prob='never'/>
<bc code='184' bci='27'/>
<klass id='1241' name='[B' flags='1041'/>
<klass id='1254' name='java.lang.StringLatin1' flags='16'/>
<method id='1255' holder='1254' name='hashCode' return='1112' arguments='1241' flags='9' bytes='42' iicount='170'/>
<call method='1255' count='139' prof_factor='1.000000' inline='1'/>
<inline_fail reason='executed &lt; MinInliningThreshold times'/>
<direct_call bci='27'/>
<bc code='154' bci='42'/>
<branch target_bci='53' taken='153' not_taken='0' cnt='153.000000' prob='always'/>
<uncommon_trap bci='42' reason='unstable_if' action='reinterpret' debug_id='0' comment='taken always'/>
<parse_done stamp='0.038'/>
</parse>
<regalloc attempts='1' success='1'/>
<code_cache total_blobs='431' nmethods='100' adapters='244' free_code_cache='250412544'/>
<task_done success='1' nmsize='232' count='8507' inlined_bytes='19' stamp='0.039'/>
</task>
<task compile_id='111' method='java.util.ImmutableCollections$SetN$SetNIterator next ()Ljava/lang/Object;' bytes='90' count='7009' backedge_count='6818' iicount='7009' stamp='0.039'>
<klass id='1119' name='java.lang.Object' flags='1'/>
<klass id='1249' name='java.util.ImmutableCollections$SetN$SetNIterator' flags='18'/>
<method id='1250' holder='1249' name='next' return='1119' flags='1' bytes='90' compile_id='76' compiler='c1' level='3' iicount='7190'/>
<klass id='1252' name='java.util.NoSuchElementException' unloaded='1'/>
<uncommon_trap method='1250' bci='82' reason='unloaded' action='reinterpret' index='39' debug_id='0' klass='1252'/>
<parse method='1250' uses='7190.000000' stamp='0.040'>
<bc code='158' bci='4'/>
<branch target_bci='82' taken='0' not_taken='7184' cnt='7184.000000' prob='never'/>
<uncommon_trap bci='4' reason='unstable_if' action='reinterpret' debug_id='0' comment='taken never'/>
<bc code='180' bci='16'/>
<uncommon_trap bci='16' reason='null_check' action='maybe_recompile' debug_id='0'/>
<bc code='190' bci='19'/>
<uncommon_trap bci='19' reason='null_check' action='maybe_recompile' debug_id='0'/>
<uncommon_trap bci='21' reason='predicate' action='maybe_recompile' debug_id='0'/>
<uncommon_trap bci='21' reason='profile_predicate' action='maybe_recompile' debug_id='0'/>
<uncommon_trap bci='21' reason='loop_limit_check' action='maybe_recompile' debug_id='0'/>
<bc code='153' bci='24'/>
<branch target_bci='40' taken='14186' not_taken='0' cnt='14186.000000' prob='always'/>
<bc code='156' bci='44'/>
<branch target_bci='51' taken='13986' not_taken='200' cnt='14186.000000' prob='                0.99'/>
<bc code='180' bci='55'/>
<uncommon_trap bci='55' reason='null_check' action='maybe_recompile' debug_id='0'/>
<bc code='50' bci='59'/>
<uncommon_trap bci='59' reason='null_check' action='maybe_recompile' debug_id='0'/>
<uncommon_trap bci='59' reason='range_check' action='make_not_entrant' debug_id='0' comment='range_check'/>
<bc code='198' bci='62'/>
<branch target_bci='21' taken='7002' not_taken='7184' cnt='14186.000000' prob='                0.49'/>
<parse_done stamp='0.040'/>
</parse>
<loop_tree>
<loop idx='237' inner_loop='1' >
</loop>
</loop_tree>
<loop_tree>
<loop idx='237' inner_loop='1' >
</loop>
</loop_tree>
<loop_tree>
<loop idx='237' inner_loop='1' >
</loop>
</loop_tree>
<loop_tree>
<loop idx='237' inner_loop='1' >
</loop>
</loop_tree>
<loop_tree>
<loop idx='237' inner_loop='1' >
</loop>
</loop_tree>
<regalloc attempts='0' success='1'/>
<code_cache total_blobs='441' nmethods='110' adapters='244' free_code_cache='250402304'/>
<task_done success='1' nmsize='280' count='9741' backedge_count='9505' stamp='0.041'/>
</task>
<task compile_id='110' method='java.util.ImmutableCollections$SetN$SetNIterator hasNext ()Z' bytes='13' count='10262' iicount='10262' stamp='0.041'>
<type id='1106' name='boolean'/>
<klass id='1249' name='java.util.ImmutableCollections$SetN$SetNIterator' flags='18'/>
<method id='1250' holder='1249' name='hasNext' return='1106' flags='1' bytes='13' compile_id='27' compiler='c1' level='3' iicount='10262'/>
<parse method='1250' uses='10262.000000' stamp='0.041'>
<bc code='158' bci='4'/>
<branch target_bci='11' taken='336' not_taken='9926' cnt='10262.000000' prob='                0.03'/>
<parse_done stamp='0.041'/>
</parse>
<regalloc attempts='0' success='1'/>
<code_cache total_blobs='443' nmethods='112' adapters='244' free_code_cache='250400384'/>
<task_done success='1' nmsize='152' count='10325' stamp='0.041'/>
</task>
<task compile_id='113' method='java.lang.module.ModuleDescriptor$Exports isQualified ()Z' bytes='18' count='8210' iicount='8210' stamp='0.041'>
<type id='1106' name='boolean'/>
<klass id='1249' name='java.lang.module.ModuleDescriptor$Exports' flags='25'/>
<method id='1250' holder='1249' name='isQualified' return='1106' flags='1' bytes='18' compile_id='96' compiler='c1' level='3' iicount='8210'/>
<parse method='1250' uses='8210.000000' stamp='0.041'>
<bc code='185' bci='4'/>
<klass id='1252' name='java.util.ImmutableCollections$SetN' flags='24'/>
<klass id='1253' name='java.util.ImmutableCollections$Set12' flags='24'/>
<klass id='1254' name='java.util.Set' flags='1537'/>
<method id='1255' holder='1254' name='isEmpty' return='1106' flags='1025' bytes='0' iicount='1'/>
<call method='1255' count='7699' prof_factor='1.000000' virtual='1' inline='1' receiver='1252' receiver_count='4851' receiver2='1253' receiver2_count='2848'/>
<method id='1256' holder='1252' name='isEmpty' return='1106' flags='1' bytes='13' compile_id='97' compiler='c1' level='3' iicount='5276'/>
<call method='1256' count='7699' prof_factor='1.000000' inline='1'/>
<inline_success reason='inline (hot)'/>
<method id='1257' holder='1253' name='isEmpty' return='1106' flags='1' bytes='2' compile_id='93' compiler='c1' level='1' iicount='468'/>
<call method='1257' count='7699' prof_factor='1.000000' inline='1'/>
<inline_success reason='inline (hot)'/>
<predicted_call bci='4' exact='1' klass='1252'/>
<uncommon_trap bci='4' reason='null_check' action='maybe_recompile' debug_id='0'/>
<predicted_call bci='4' exact='1' klass='1253'/>
<uncommon_trap bci='4' reason='bimorphic_or_optimized_type_check' action='maybe_recompile' debug_id='0'/>
<predicted_call bci='4' exact='0' klass='1253'/>
<parse method='1257' uses='8211.000000' stamp='0.041'>
<parse_done stamp='0.041'/>
</parse>
<predicted_call bci='4' exact='0' klass='1252'/>
<parse method='1256' uses='8211.000000' stamp='0.041'>
<bc code='154' bci='4'/>
<branch target_bci='11' taken='1228' not_taken='4049' cnt='5277.000000' prob='                0.23'/>
<parse_done stamp='0.041'/>
</parse>
<bc code='154' bci='9'/>
<branch target_bci='16' taken='3966' not_taken='4245' cnt='8211.000000' prob='                0.48'/>
<parse_done stamp='0.041'/>
</parse>
<regalloc attempts='0' success='1'/>
<code_cache total_blobs='447' nmethods='116' adapters='244' free_code_cache='250395392'/>
<task_done success='1' nmsize='216' count='8210' stamp='0.042'/>
</task>
<task compile_id='124' method='java.lang.String equals (Ljava/lang/Object;)Z' bytes='56' count='6707' iicount='6707' stamp='0.042'>
<type id='1106' name='boolean'/>
<klass id='1119' name='java.lang.Object' flags='1'/>
<klass id='1120' name='java.lang.String' flags='17'/>
<method id='1249' holder='1120' name='equals' return='1106' arguments='1119' flags='1' bytes='56' compile_id='10' compiler='c1' level='3' iicount='6707'/>
<parse method='1249' uses='6707.000000' stamp='0.042'>
<bc code='166' bci='2'/>
<branch target_bci='7' taken='5991' not_taken='717' cnt='6708.000000' prob='                0.89'/>
<bc code='193' bci='8'/>
<uncommon_trap bci='8' reason='null_check' action='make_not_entrant' debug_id='0'/>
<uncommon_trap bci='8' reason='class_check' action='maybe_recompile' debug_id='0'/>
<bc code='153' bci='11'/>
<branch target_bci='54' taken='0' not_taken='5991' cnt='5991.000000' prob='never'/>
<bc code='153' bci='22'/>
<branch target_bci='36' taken='0' not_taken='5991' cnt='5991.000000' prob='never'/>
<bc code='160' bci='33'/>
<branch target_bci='54' taken='0' not_taken='5991' cnt='5991.000000' prob='never'/>
<uncommon_trap bci='33' reason='unstable_if' action='reinterpret' debug_id='0' comment='taken never'/>
<bc code='184' bci='44'/>
<klass id='1241' name='[B' flags='1041'/>
<klass id='1251' name='java.lang.StringLatin1' flags='16'/>
<method id='1252' holder='1251' name='equals' return='1106' arguments='1241 1241' flags='9' bytes='36' compile_id='12' compiler='c1' level='3' iicount='5960'/>
<call method='1252' count='5534' prof_factor='1.000000' inline='1'/>
<intrinsic id='_equalsL' nodes='33'/>
<bc code='153' bci='47'/>
<branch target_bci='54' taken='5815' not_taken='176' cnt='5991.000000' prob='                0.97'/>
<parse_done stamp='0.042'/>
</parse>
<regalloc attempts='1' success='1'/>
<code_cache total_blobs='453' nmethods='122' adapters='244' free_code_cache='250390016'/>
<task_done success='1' nmsize='472' count='6727' inlined_bytes='36' stamp='0.043'/>
</task>
<task compile_id='134' method='java.util.HashMap putVal (ILjava/lang/Object;Ljava/lang/Object;ZZ)Ljava/lang/Object;' bytes='300' count='6661' backedge_count='676' iicount='6661' stamp='0.044'>
<klass id='1119' name='java.lang.Object' flags='1'/>
<type id='1112' name='int'/>
<type id='1106' name='boolean'/>
<klass id='1249' name='java.util.HashMap' flags='1'/>
<method id='1250' holder='1249' name='putVal' return='1119' arguments='1112 1119 1119 1106 1106' flags='16' bytes='300' compile_id='84' compiler='c1' level='3' iicount='6670'/>
<parse method='1250' uses='6670.000000' stamp='0.044'>
<bc code='198' bci='7'/>
<branch target_bci='19' taken='402' not_taken='6262' cnt='6664.000000' prob='                0.06'/>
<bc code='154' bci='16'/>
<branch target_bci='29' taken='6262' not_taken='0' cnt='6262.000000' prob='always'/>
<uncommon_trap bci='16' reason='unstable_if' action='reinterpret' debug_id='0' comment='taken always'/>
<bc code='182' bci='20'/>
<klass id='1255' name='[Ljava.util.HashMap$Node;' flags='1040'/>
<method id='1256' holder='1249' name='resize' return='1255' flags='16' bytes='356' compile_id='106' compiler='c1' level='3' iicount='655'/>
<call method='1256' count='372' prof_factor='1.000000' inline='1'/>
<inline_fail reason='hot method too big'/>
<predicted_call bci='20' exact='0' klass='1249'/>
<direct_call bci='20'/>
<bc code='190' bci='26'/>
<uncommon_trap bci='26' reason='null_check' action='maybe_recompile' debug_id='0'/>
<bc code='50' bci='40'/>
<uncommon_trap bci='40' reason='range_check' action='make_not_entrant' debug_id='0' comment='range_check'/>
<bc code='199' bci='44'/>
<branch target_bci='63' taken='2445' not_taken='4220' cnt='6665.000000' prob='                0.37'/>
<bc code='182' bci='56'/>
<klass id='1252' name='java.util.LinkedHashMap' flags='1'/>
<klass id='1253' name='java.util.HashMap$Node' flags='8'/>
<method id='1261' holder='1249' name='newNode' return='1253' arguments='1112 1119 1119 1253' flags='0' bytes='13' compile_id='80' compiler='c1' level='3' iicount='6634'/>
<call method='1261' count='3903' prof_factor='1.000000' virtual='1' inline='1' receiver='1249' receiver_count='3850' receiver2='1252' receiver2_count='53'/>
<call method='1261' count='3903' prof_factor='1.000000' inline='1'/>
<inline_success reason='inline (hot)'/>
<method id='1267' holder='1252' name='newNode' return='1253' arguments='1112 1119 1119 1253' flags='0' bytes='23' iicount='62'/>
<call method='1267' count='3903' prof_factor='1.000000' inline='1'/>
<inline_fail reason='executed &lt; MinInliningThreshold times'/>
<predicted_call bci='56' exact='1' klass='1249'/>
<virtual_call bci='56'/>
<predicted_call bci='56' exact='0' klass='1249'/>
<parse method='1261' uses='4220.000000' stamp='0.044'>
<bc code='183' bci='9'/>
<type id='1114' name='void'/>
<method id='1266' holder='1253' name='&lt;init&gt;' return='1114' arguments='1112 1119 1119 1253' flags='0' bytes='26' iicount='6840'/>
<call method='1266' count='6288' prof_factor='0.636117' inline='1'/>
<inline_success reason='inline (hot)'/>
<parse method='1266' uses='4220.000000' stamp='0.044'>
<bc code='183' bci='1'/>
<method id='1271' holder='1119' name='&lt;init&gt;' return='1114' flags='1' bytes='1' compile_id='13' compiler='c2' level='4' iicount='9695'/>
<call method='1271' count='6367' prof_factor='0.616959' inline='1'/>
<inline_success reason='inline (hot)'/>
<parse method='1271' uses='4220.000000' stamp='0.044'>
<parse_done stamp='0.044'/>
</parse>
<parse_done stamp='0.044'/>
</parse>
<parse_done stamp='0.044'/>
</parse>
<bc code='83' bci='59'/>
<uncommon_trap bci='59' reason='range_check' action='make_not_entrant' debug_id='0' comment='range_check'/>
<uncommon_trap bci='59' reason='array_check' action='maybe_recompile' debug_id='0' klass='1255'/>
<cast_up reason='monomorphic_array' from='1255' to='(exact)'/>
<bc code='160' bci='69'/>
<branch target_bci='104' taken='2425' not_taken='19' cnt='2444.000000' prob='                0.99'/>
<bc code='165' bci='81'/>
<branch target_bci='97' taken='19' not_taken='0'/>
<bc code='198' bci='85'/>
<branch target_bci='104' taken='0' not_taken='0'/>
<bc code='182' bci='91'/>
<method id='1260' holder='1119' name='equals' return='1106' arguments='1119' flags='1' bytes='11' compile_id='99' compiler='c1' level='3' iicount='2364'/>
<call method='1260' count='0' prof_factor='1.000000' virtual='1' inline='1'/>
<inline_fail reason='virtual call'/>
<virtual_call bci='91'/>
<bc code='153' bci='94'/>
<branch target_bci='104' taken='0' not_taken='0'/>
<bc code='153' bci='109'/>
<branch target_bci='131' taken='2425' not_taken='0' cnt='2425.000000' prob='always'/>
<uncommon_trap bci='109' reason='unstable_if' action='reinterpret' debug_id='0' comment='taken always'/>
<bc code='199' bci='142'/>
<branch target_bci='175' taken='677' not_taken='2425' cnt='3102.000000' prob='                0.22'/>
<uncommon_trap bci='142' reason='predicate' action='maybe_recompile' debug_id='0'/>
<uncommon_trap bci='142' reason='profile_predicate' action='maybe_recompile' debug_id='0'/>
<uncommon_trap bci='142' reason='loop_limit_check' action='maybe_recompile' debug_id='0'/>
<bc code='180' bci='177'/>
<uncommon_trap bci='177' reason='null_check' action='maybe_recompile' debug_id='0'/>
<bc code='160' bci='181'/>
<branch target_bci='212' taken='677' not_taken='0' cnt='677.000000' prob='always'/>
<uncommon_trap bci='181' reason='unstable_if' action='reinterpret' debug_id='0' comment='taken always'/>
<bc code='199' bci='142'/>
<branch target_bci='175' taken='677' not_taken='2425' cnt='677.000000' prob='                0.22'/>
<bc code='182' bci='152'/>
<call method='1261' count='2243' prof_factor='1.000000' virtual='1' inline='1' receiver='1249' receiver_count='2241' receiver2='1252' receiver2_count='2'/>
<call method='1261' count='2243' prof_factor='1.000000' inline='1'/>
<inline_success reason='inline (hot)'/>
<call method='1267' count='2243' prof_factor='1.000000' inline='1'/>
<inline_fail reason='executed &lt; MinInliningThreshold times'/>
<predicted_call bci='152' exact='1' klass='1249'/>
<virtual_call bci='152'/>
<predicted_call bci='152' exact='0' klass='1249'/>
<parse method='1261' uses='2425.000000' stamp='0.045'>
<bc code='183' bci='9'/>
<call method='1266' count='6288' prof_factor='0.365541' inline='1'/>
<inline_success reason='inline (hot)'/>
<parse method='1266' uses='2425.000000' stamp='0.045'>
<bc code='183' bci='1'/>
<call method='1271' count='6367' prof_factor='0.354532' inline='1'/>
<inline_success reason='inline (hot)'/>
<parse method='1271' uses='2425.000000' stamp='0.045'>
<parse_done stamp='0.045'/>
</parse>
<parse_done stamp='0.045'/>
</parse>
<parse_done stamp='0.045'/>
</parse>
<bc code='161' bci='162'/>
<branch target_bci='222' taken='2425' not_taken='0' cnt='2425.000000' prob='always'/>
<uncommon_trap bci='162' reason='unstable_if' action='reinterpret' debug_id='0' comment='taken always'/>
<bc code='198' bci='224'/>
<branch target_bci='259' taken='2425' not_taken='19' cnt='2444.000000' prob='                0.99'/>
<bc code='153' bci='236'/>
<branch target_bci='244' taken='19' not_taken='0'/>
<bc code='199' bci='241'/>
<branch target_bci='250' taken='0' not_taken='0'/>
<bc code='182' bci='253'/>
<method id='1259' holder='1249' name='afterNodeAccess' return='1114' arguments='1253' flags='0' bytes='1' iicount='20'/>
<call method='1259' count='18' prof_factor='1.000000' virtual='1' inline='1' receiver='1249' receiver_count='18'/>
<call method='1259' count='18' prof_factor='1.000000' inline='1'/>
<inline_success reason='inline (hot)'/>
<predicted_call bci='253' exact='1' klass='1249'/>
<uncommon_trap bci='253' reason='null_check' action='maybe_recompile' debug_id='0'/>
<uncommon_trap bci='253' reason='class_check' action='maybe_recompile' debug_id='0' comment='monomorphic vcall checkcast'/>
<predicted_call bci='253' exact='0' klass='1249'/>
<parse method='1259' uses='19.000000' stamp='0.045'>
<parse_done stamp='0.045'/>
</parse>
<bc code='180' bci='261'/>
<uncommon_trap bci='261' reason='null_check' action='maybe_recompile' debug_id='0'/>
<bc code='164' bci='284'/>
<branch target_bci='292' taken='6420' not_taken='225' cnt='6645.000000' prob='                0.97'/>
<bc code='182' bci='288'/>
<call method='1256' count='208' prof_factor='1.000000' inline='1'/>
<inline_fail reason='hot method too big'/>
<predicted_call bci='288' exact='0' klass='1249'/>
<direct_call bci='288'/>
<bc code='182' bci='295'/>
<method id='1258' holder='1249' name='afterNodeInsertion' return='1114' arguments='1106' flags='0' bytes='1' compile_id='98' compiler='c2' level='4' iicount='1680'/>
<call method='1258' count='6146' prof_factor='1.000000' virtual='1' inline='1' receiver='1249' receiver_count='6091' receiver2='1252' receiver2_count='55'/>
<call method='1258' count='6146' prof_factor='1.000000' inline='1'/>
<inline_success reason='inline (hot)'/>
<method id='1275' holder='1252' name='afterNodeInsertion' return='1114' arguments='1106' flags='0' bytes='40' iicount='62'/>
<call method='1275' count='6146' prof_factor='1.000000' inline='1'/>
<inline_fail reason='executed &lt; MinInliningThreshold times'/>
<predicted_call bci='295' exact='1' klass='1249'/>
<virtual_call bci='295'/>
<predicted_call bci='295' exact='0' klass='1249'/>
<parse method='1258' uses='6645.000000' stamp='0.045'>
<parse_done stamp='0.045'/>
</parse>
<parse_done stamp='0.045'/>
</parse>
<loop_tree>
<loop idx='1428' inner_loop='1' >
</loop>
</loop_tree>
<loop_tree>
<loop idx='1428' inner_loop='1' >
</loop>
</loop_tree>
<loop_tree>
<loop idx='1428' inner_loop='1' >
</loop>
</loop_tree>
<loop_tree>
<loop idx='1428' inner_loop='1' >
</loop>
</loop_tree>
<loop_tree>
<loop idx='1428' inner_loop='1' >
</loop>
</loop_tree>
<loop_tree>
<loop idx='1428' inner_loop='1' >
</loop>
</loop_tree>
<regalloc attempts='2' success='1'/>
<code_cache total_blobs='514' nmethods='155' adapters='272' free_code_cache='250315008'/>
<task_done success='1' nmsize='2424' count='7182' backedge_count='697' inlined_bytes='82' stamp='0.053'/>
</task>
<task compile_id='145' method='java.util.concurrent.ConcurrentHashMap spread (I)I' bytes='10' count='1398' iicount='1398' stamp='0.053'>
<type id='1112' name='int'/>
<klass id='1208' name='java.util.concurrent.ConcurrentHashMap' flags='1'/>
<method id='1249' holder='1208' name='spread' return='1112' arguments='1112' flags='24' bytes='10' compile_id='33' compiler='c1' level='3' iicount='1398'/>
<parse method='1249' uses='1398.000000' stamp='0.053'>
<parse_done stamp='0.053'/>
</parse>
<regalloc attempts='0' success='1'/>
<code_cache total_blobs='515' nmethods='156' adapters='272' free_code_cache='250314240'/>
<task_done success='1' nmsize='120' count='1398' stamp='0.053'/>
</task>
<task compile_id='165' method='java.lang.String equals (Ljava/lang/Object;)Z' bytes='56' count='6788' iicount='6788' decompiles='1' null_check_traps='1' stamp='0.054'>
<type id='1106' name='boolean'/>
<klass id='1119' name='java.lang.Object' flags='1'/>
<klass id='1120' name='java.lang.String' flags='17'/>
<method id='1249' holder='1120' name='equals' return='1106' arguments='1119' flags='1' bytes='56' iicount='6788'/>
<parse method='1249' uses='6788.000000' stamp='0.054'>
<observe trap='null_check' count='1' total='1'/>
<bc code='166' bci='2'/>
<branch target_bci='7' taken='6053' not_taken='737' cnt='6790.000000' prob='                0.89'/>
<bc code='193' bci='8'/>
<observe trap='null_check' count='1'/>
<uncommon_trap bci='8' reason='class_check' action='maybe_recompile' debug_id='0'/>
<bc code='153' bci='11'/>
<branch target_bci='54' taken='1' not_taken='6053' cnt='6054.000000' prob='                0.00'/>
<bc code='192' bci='15'/>
<uncommon_trap bci='15' reason='null_check' action='make_not_entrant' debug_id='0'/>
<uncommon_trap bci='15' reason='speculate_class_check' action='maybe_recompile' debug_id='0'/>
<bc code='153' bci='22'/>
<branch target_bci='36' taken='0' not_taken='6053' cnt='6053.000000' prob='never'/>
<bc code='160' bci='33'/>
<branch target_bci='54' taken='0' not_taken='6053' cnt='6053.000000' prob='never'/>
<uncommon_trap bci='33' reason='unstable_if' action='reinterpret' debug_id='0' comment='taken never'/>
<bc code='184' bci='44'/>
<klass id='1241' name='[B' flags='1041'/>
<klass id='1251' name='java.lang.StringLatin1' flags='16'/>
<method id='1252' holder='1251' name='equals' return='1106' arguments='1241 1241' flags='9' bytes='36' compile_id='12' compiler='c1' level='3' iicount='6022'/>
<call method='1252' count='5596' prof_factor='1.000000' inline='1'/>
<intrinsic id='_equalsL' nodes='33'/>
<bc code='153' bci='47'/>
<branch target_bci='54' taken='5862' not_taken='190' cnt='6052.000000' prob='                0.97'/>
<parse_done stamp='0.054'/>
</parse>
<regalloc attempts='1' success='1'/>
<code_cache total_blobs='525' nmethods='161' adapters='277' free_code_cache='250301440'/>
<task_done success='1' nmsize='504' count='6788' inlined_bytes='36' stamp='0.054'/>
</task>
<task compile_id='135' method='java.util.HashMap newNode (ILjava/lang/Object;Ljava/lang/Object;Ljava/util/HashMap$Node;)Ljava/util/HashMap$Node;' bytes='13' count='7100' iicount='7100' stamp='0.054'>
<klass id='1250' name='java.util.HashMap$Node' flags='8'/>
<type id='1112' name='int'/>
<klass id='1119' name='java.lang.Object' flags='1'/>
<klass id='1249' name='java.util.HashMap' flags='1'/>
<method id='1251' holder='1249' name='newNode' return='1250' arguments='1112 1119 1119 1250' flags='0' bytes='13' compile_id='80' compiler='c1' level='3' iicount='7100'/>
<parse method='1251' uses='7100.000000' stamp='0.055'>
<bc code='183' bci='9'/>
<type id='1114' name='void'/>
<method id='1253' holder='1250' name='&lt;init&gt;' return='1114' arguments='1112 1119 1119 1250' flags='0' bytes='26' iicount='7179'/>
<call method='1253' count='6603' prof_factor='1.000000' inline='1'/>
<inline_success reason='inline (hot)'/>
<parse method='1253' uses='7100.000000' stamp='0.055'>
<bc code='183' bci='1'/>
<method id='1254' holder='1119' name='&lt;init&gt;' return='1114' flags='1' bytes='1' compile_id='13' compiler='c2' level='4' iicount='10346'/>
<call method='1254' count='6682' prof_factor='0.988996' inline='1'/>
<inline_success reason='inline (hot)'/>
<parse method='1254' uses='7100.000000' stamp='0.055'>
<parse_done stamp='0.055'/>
</parse>
<parse_done stamp='0.055'/>
</parse>
<parse_done stamp='0.055'/>
</parse>
<regalloc attempts='0' success='1'/>
<code_cache total_blobs='530' nmethods='166' adapters='277' free_code_cache='250295680'/>
<task_done success='1' nmsize='280' count='7100' inlined_bytes='27' stamp='0.055'/>
</task>
<task compile_id='169' compile_kind='osr' method='java.util.zip.ZipCoder$UTF8ZipCoder checkedHash ([BII)I' bytes='91' count='1122' backedge_count='52442' iicount='1125' osr_bci='14' stamp='0.055'>
<type id='1112' name='int'/>
<klass id='1241' name='[B' flags='1041'/>
<klass id='1249' name='java.util.zip.ZipCoder$UTF8ZipCoder' flags='24'/>
<method id='1250' holder='1249' name='checkedHash' return='1112' arguments='1241 1112 1112' flags='0' bytes='91' compile_id='153' compiler='c1' level='3' iicount='1236'/>
<parse method='1250' uses='1236.000000' osr_bci='14' stamp='0.055'>
<uncommon_trap bci='14' reason='constraint' action='reinterpret' debug_id='0'/>
<uncommon_trap bci='14' reason='predicate' action='maybe_recompile' debug_id='0'/>
<uncommon_trap bci='14' reason='profile_predicate' action='maybe_recompile' debug_id='0'/>
<uncommon_trap bci='14' reason='loop_limit_check' action='maybe_recompile' debug_id='0'/>
<bc code='162' bci='17'/>
<branch target_bci='67' taken='1058' not_taken='51682' cnt='52740.000000' prob='                0.02'/>
<bc code='51' bci='22'/>
<uncommon_trap bci='22' reason='null_check' action='maybe_recompile' debug_id='0'/>
<uncommon_trap bci='22' reason='range_check' action='make_not_entrant' debug_id='0' comment='range_check'/>
<bc code='155' bci='27'/>
<branch target_bci='46' taken='0' not_taken='51682' cnt='51682.000000' prob='never'/>
<uncommon_trap bci='27' reason='unstable_if' action='reinterpret' debug_id='0' comment='taken never'/>
<bc code='51' bci='72'/>
<uncommon_trap bci='72' reason='null_check' action='maybe_recompile' debug_id='0'/>
<uncommon_trap bci='72' reason='range_check' action='make_not_entrant' debug_id='0' comment='range_check'/>
<bc code='159' bci='75'/>
<branch target_bci='88' taken='13' not_taken='1045' cnt='1058.000000' prob='                0.01'/>
<parse_done stamp='0.056'/>
</parse>
<loop_tree>
<loop idx='259' inner_loop='1' >
</loop>
</loop_tree>
<loop_tree>
<loop idx='259' inner_loop='1' >
</loop>
</loop_tree>
<loop_tree>
<loop idx='342' >
<loop idx='546' >
</loop>
</loop>
</loop_tree>
<loop_tree>
<loop idx='417' inner_loop='1' >
</loop>
<loop idx='342' >
<loop idx='546' inner_loop='1' >
</loop>
</loop>
<loop idx='367' inner_loop='1' >
</loop>
</loop_tree>
<loop_tree>
<loop idx='417' inner_loop='1' >
</loop>
<loop idx='342' >
<loop idx='645' inner_loop='1' >
</loop>
</loop>
<loop idx='367' inner_loop='1' >
</loop>
</loop_tree>
<loop_tree>
<loop idx='417' inner_loop='1' >
</loop>
<loop idx='342' >
<loop idx='645' inner_loop='1' >
</loop>
</loop>
<loop idx='367' inner_loop='1' >
</loop>
</loop_tree>
<regalloc attempts='1' success='1'/>
<code_cache total_blobs='536' nmethods='172' adapters='277' free_code_cache='250281216'/>
<task_done success='1' nmsize='728' count='2543' backedge_count='128993' stamp='0.059'/>
</task>
<task compile_id='175' method='java.lang.String charAt (I)C' bytes='25' count='5682' iicount='5682' stamp='0.059'>
<type id='1107' name='char'/>
<type id='1112' name='int'/>
<klass id='1120' name='java.lang.String' flags='17'/>
<method id='1249' holder='1120' name='charAt' return='1107' arguments='1112' flags='1' bytes='25' compile_id='3' compiler='c1' level='3' iicount='5685'/>
<parse method='1249' uses='5685.000000' stamp='0.059'>
<bc code='182' bci='1'/>
<type id='1106' name='boolean'/>
<method id='1251' holder='1120' name='isLatin1' return='1106' flags='0' bytes='19' compile_id='2' compiler='c1' level='3' iicount='6735'/>
<call method='1251' count='5174' prof_factor='1.000000' inline='1'/>
<inline_success reason='inline (hot)'/>
<predicted_call bci='1' exact='0' klass='1120'/>
<parse method='1251' uses='5686.000000' stamp='0.059'>
<bc code='153' bci='3'/>
<branch target_bci='17' taken='0' not_taken='6735' cnt='6735.000000' prob='never'/>
<bc code='154' bci='10'/>
<branch target_bci='17' taken='0' not_taken='6735' cnt='6735.000000' prob='never'/>
<uncommon_trap bci='10' reason='unstable_if' action='reinterpret' debug_id='0' comment='taken never'/>
<parse_done stamp='0.059'/>
</parse>
<bc code='153' bci='4'/>
<branch target_bci='16' taken='0' not_taken='5686' cnt='5686.000000' prob='never'/>
<bc code='184' bci='12'/>
<klass id='1241' name='[B' flags='1041'/>
<klass id='1254' name='java.lang.StringLatin1' flags='16'/>
<method id='1255' holder='1254' name='charAt' return='1107' arguments='1241 1112' flags='9' bytes='28' compile_id='4' compiler='c1' level='3' iicount='5686'/>
<call method='1255' count='5174' prof_factor='1.000000' inline='1'/>
<klass id='1258' name='java.lang.StringIndexOutOfBoundsException' unloaded='1'/>
<uncommon_trap method='1255' bci='10' reason='unloaded' action='reinterpret' index='9' debug_id='0' klass='1258'/>
<inline_success reason='inline (hot)'/>
<parse method='1255' uses='5686.000000' stamp='0.059'>
<bc code='155' bci='1'/>
<branch target_bci='10' taken='0' not_taken='5687' cnt='5687.000000' prob='never'/>
<uncommon_trap bci='1' reason='unstable_if' action='reinterpret' debug_id='0' comment='taken never'/>
<bc code='190' bci='6'/>
<uncommon_trap bci='6' reason='null_check' action='maybe_recompile' debug_id='0'/>
<bc code='161' bci='7'/>
<branch target_bci='19' taken='5687' not_taken='0' cnt='5687.000000' prob='always'/>
<uncommon_trap bci='7' reason='unstable_if' action='reinterpret' debug_id='0' comment='taken always'/>
<bc code='51' bci='21'/>
<uncommon_trap bci='21' reason='range_check' action='make_not_entrant' debug_id='0' comment='range_check'/>
<parse_done stamp='0.059'/>
</parse>
<parse_done stamp='0.059'/>
</parse>
<regalloc attempts='1' success='1'/>
<code_cache total_blobs='539' nmethods='175' adapters='277' free_code_cache='250276992'/>
<task_done success='1' nmsize='216' count='5786' inlined_bytes='47' stamp='0.060'/>
</task>
<task compile_id='176' method='java.util.zip.ZipCoder$UTF8ZipCoder checkedHash ([BII)I' bytes='91' count='2793' backedge_count='142250' iicount='2793' stamp='0.060'>
<type id='1112' name='int'/>
<klass id='1241' name='[B' flags='1041'/>
<klass id='1249' name='java.util.zip.ZipCoder$UTF8ZipCoder' flags='24'/>
<method id='1250' holder='1249' name='checkedHash' return='1112' arguments='1241 1112 1112' flags='0' bytes='91' compile_id='153' compiler='c1' level='3' iicount='2793'/>
<parse method='1250' uses='2793.000000' stamp='0.060'>
<bc code='154' bci='1'/>
<branch target_bci='6' taken='2596' not_taken='0' cnt='2596.000000' prob='always'/>
<uncommon_trap bci='1' reason='unstable_if' action='reinterpret' debug_id='0' comment='taken always'/>
<bc code='162' bci='17'/>
<branch target_bci='67' taken='2596' not_taken='134758' cnt='137354.000000' prob='                0.02'/>
<uncommon_trap bci='17' reason='predicate' action='maybe_recompile' debug_id='0'/>
<uncommon_trap bci='17' reason='profile_predicate' action='maybe_recompile' debug_id='0'/>
<uncommon_trap bci='17' reason='loop_limit_check' action='maybe_recompile' debug_id='0'/>
<bc code='51' bci='22'/>
<uncommon_trap bci='22' reason='null_check' action='maybe_recompile' debug_id='0'/>
<uncommon_trap bci='22' reason='range_check' action='make_not_entrant' debug_id='0' comment='range_check'/>
<bc code='155' bci='27'/>
<branch target_bci='46' taken='0' not_taken='134758' cnt='134758.000000' prob='never'/>
<uncommon_trap bci='27' reason='unstable_if' action='reinterpret' debug_id='0' comment='taken never'/>
<bc code='162' bci='17'/>
<branch target_bci='67' taken='2596' not_taken='134758' cnt='134758.000000' prob='                0.02'/>
<bc code='51' bci='72'/>
<uncommon_trap bci='72' reason='null_check' action='maybe_recompile' debug_id='0'/>
<uncommon_trap bci='72' reason='range_check' action='make_not_entrant' debug_id='0' comment='range_check'/>
<bc code='159' bci='75'/>
<branch target_bci='88' taken='116' not_taken='2480' cnt='2596.000000' prob='                0.04'/>
<parse_done stamp='0.060'/>
</parse>
<loop_tree>
<loop idx='250' >
<loop idx='251' >
</loop>
</loop>
</loop_tree>
<loop_tree>
<loop idx='250' >
<loop idx='472' inner_loop='1' >
</loop>
</loop>
</loop_tree>
<loop_tree>
<loop idx='345' inner_loop='1' >
</loop>
<loop idx='250' >
<loop idx='545' inner_loop='1' >
</loop>
</loop>
<loop idx='306' inner_loop='1' >
</loop>
</loop_tree>
<loop_tree>
<loop idx='345' inner_loop='1' >
</loop>
<loop idx='250' >
<loop idx='545' inner_loop='1' >
</loop>
</loop>
<loop idx='306' inner_loop='1' >
</loop>
</loop_tree>
<loop_tree>
<loop idx='345' inner_loop='1' >
</loop>
<loop idx='250' >
<loop idx='545' inner_loop='1' >
</loop>
</loop>
<loop idx='306' inner_loop='1' >
</loop>
</loop_tree>
<loop_tree>
<loop idx='345' inner_loop='1' >
</loop>
<loop idx='250' >
<loop idx='545' inner_loop='1' >
</loop>
</loop>
<loop idx='306' inner_loop='1' >
</loop>
</loop_tree>
<regalloc attempts='1' success='1'/>
<code_cache total_blobs='550' nmethods='186' adapters='277' free_code_cache='250258560'/>
<task_done success='1' nmsize='664' count='3379' backedge_count='177443' stamp='0.063'/>
</task>
<task compile_id='195' method='java.lang.StringLatin1 hashCode ([B)I' bytes='42' count='631' backedge_count='16971' iicount='631' stamp='0.064'>
<type id='1112' name='int'/>
<klass id='1241' name='[B' flags='1041'/>
<klass id='1249' name='java.lang.StringLatin1' flags='16'/>
<method id='1250' holder='1249' name='hashCode' return='1112' arguments='1241' flags='9' bytes='42' compile_id='114' compiler='c1' level='3' iicount='631'/>
<parse method='1250' uses='631.000000' stamp='0.064'>
<bc code='190' bci='5'/>
<uncommon_trap bci='5' reason='null_check' action='maybe_recompile' debug_id='0'/>
<bc code='162' bci='13'/>
<branch target_bci='40' taken='600' not_taken='16394' cnt='16994.000000' prob='                0.04'/>
<uncommon_trap bci='13' reason='predicate' action='maybe_recompile' debug_id='0'/>
<uncommon_trap bci='13' reason='profile_predicate' action='maybe_recompile' debug_id='0'/>
<uncommon_trap bci='13' reason='loop_limit_check' action='maybe_recompile' debug_id='0'/>
<bc code='51' bci='19'/>
<uncommon_trap bci='19' reason='range_check' action='make_not_entrant' debug_id='0' comment='range_check'/>
<bc code='162' bci='13'/>
<branch target_bci='40' taken='600' not_taken='16394' cnt='16394.000000' prob='                0.04'/>
<parse_done stamp='0.064'/>
</parse>
<loop_tree>
<loop idx='165' >
<loop idx='166' >
</loop>
</loop>
</loop_tree>
<loop_tree>
<loop idx='165' >
<loop idx='367' inner_loop='1' >
</loop>
</loop>
</loop_tree>
<loop_tree>
<loop idx='245' inner_loop='1' >
</loop>
<loop idx='165' >
<loop idx='435' inner_loop='1' >
</loop>
</loop>
<loop idx='217' inner_loop='1' >
</loop>
</loop_tree>
<loop_tree>
<loop idx='245' inner_loop='1' >
</loop>
<loop idx='165' >
<loop idx='435' inner_loop='1' >
</loop>
</loop>
<loop idx='217' inner_loop='1' >
</loop>
</loop_tree>
<loop_tree>
<loop idx='245' inner_loop='1' >
</loop>
<loop idx='165' >
<loop idx='435' inner_loop='1' >
</loop>
</loop>
<loop idx='217' inner_loop='1' >
</loop>
</loop_tree>
<loop_tree>
<loop idx='245' inner_loop='1' >
</loop>
<loop idx='165' >
<loop idx='435' inner_loop='1' >
</loop>
</loop>
<loop idx='217' inner_loop='1' >
</loop>
</loop_tree>
<loop_tree>
<loop idx='245' inner_loop='1' >
</loop>
<loop idx='165' >
<loop idx='435' inner_loop='1' >
</loop>
</loop>
<loop idx='217' inner_loop='1' >
</loop>
</loop_tree>
<regalloc attempts='2' success='1'/>
<code_cache total_blobs='563' nmethods='199' adapters='277' free_code_cache='250235520'/>
<task_done success='1' nmsize='376' count='678' backedge_count='18701' stamp='0.066'/>
</task>
<task compile_id='203' method='java.lang.Math max (II)I' bytes='11' count='6073' iicount='6073' stamp='0.066'>
<type id='1112' name='int'/>
<klass id='1249' name='java.lang.Math' flags='17'/>
<method id='1250' holder='1249' name='max' return='1112' arguments='1112 1112' flags='9' bytes='11' compile_id='170' compiler='c1' level='3' iicount='6073'/>
<parse method='1250' uses='6073.000000' stamp='0.066'>
<bc code='161' bci='2'/>
<branch target_bci='9' taken='169' not_taken='5905' cnt='6074.000000' prob='                0.03'/>
<parse_done stamp='0.066'/>
</parse>
<regalloc attempts='0' success='1'/>
<code_cache total_blobs='566' nmethods='202' adapters='277' free_code_cache='250230144'/>
<task_done success='1' nmsize='88' count='6074' stamp='0.066'/>
</task>
<task compile_id='219' method='java.util.zip.ZipFile$Source zipCoderForPos (I)Ljava/util/zip/ZipCoder;' bytes='39' count='5650' iicount='5650' stamp='0.070'>
<klass id='1250' name='java.util.zip.ZipCoder' flags='0'/>
<type id='1112' name='int'/>
<klass id='1249' name='java.util.zip.ZipFile$Source' flags='10'/>
<method id='1251' holder='1249' name='zipCoderForPos' return='1250' arguments='1112' flags='2' bytes='39' compile_id='161' compiler='c1' level='3' iicount='5650'/>
<parse method='1251' uses='5650.000000' stamp='0.070'>
<bc code='182' bci='4'/>
<klass id='1253' name='java.util.zip.ZipCoder$UTF8ZipCoder' flags='24'/>
<type id='1106' name='boolean'/>
<method id='1254' holder='1250' name='isUTF8' return='1106' flags='0' bytes='2' iicount='1'/>
<call method='1254' count='5140' prof_factor='1.000000' virtual='1' inline='1' receiver='1253' receiver_count='5140'/>
<method id='1257' holder='1253' name='isUTF8' return='1106' flags='0' bytes='2' compile_id='152' compiler='c1' level='1' iicount='327'/>
<call method='1257' count='5140' prof_factor='1.000000' inline='1'/>
<inline_success reason='inline (hot)'/>
<predicted_call bci='4' exact='1' klass='1253'/>
<uncommon_trap bci='4' reason='null_check' action='maybe_recompile' debug_id='0'/>
<uncommon_trap bci='4' reason='class_check' action='maybe_recompile' debug_id='0' comment='monomorphic vcall checkcast'/>
<predicted_call bci='4' exact='0' klass='1253'/>
<parse method='1257' uses='5651.000000' stamp='0.070'>
<parse_done stamp='0.070'/>
</parse>
<bc code='153' bci='7'/>
<branch target_bci='15' taken='0' not_taken='5651' cnt='5651.000000' prob='never'/>
<parse_done stamp='0.070'/>
</parse>
<regalloc attempts='1' success='1'/>
<code_cache total_blobs='583' nmethods='219' adapters='277' free_code_cache='250207104'/>
<task_done success='1' nmsize='184' count='5655' inlined_bytes='2' stamp='0.070'/>
</task>
<task compile_id='222' method='java.util.zip.ZipFile$Source checkAndAddEntry (II)I' bytes='262' count='5641' iicount='5642' stamp='0.071'>
<type id='1112' name='int'/>
<klass id='1249' name='java.util.zip.ZipFile$Source' flags='10'/>
<method id='1250' holder='1249' name='checkAndAddEntry' return='1112' arguments='1112 1112' flags='2' bytes='262' compile_id='156' compiler='c1' level='3' iicount='5659'/>
<klass id='1194' name='java.lang.StringBuilder' flags='17'/>
<uncommon_trap method='1250' bci='60' reason='unloaded' action='reinterpret' index='36' debug_id='0' klass='1194'/>
<parse method='1250' uses='5659.000000' stamp='0.071'>
<observe that='has_exception_handlers'/>
<bc code='184' bci='7'/>
<type id='1113' name='long'/>
<klass id='1241' name='[B' flags='1041'/>
<klass id='1253' name='java.util.zip.ZipUtils' flags='0'/>
<method id='1254' holder='1253' name='CENSIG' return='1113' arguments='1241 1112' flags='24' bytes='8' compile_id='157' compiler='c1' level='3' iicount='5702'/>
<call method='1254' count='5148' prof_factor='1.000000' inline='1'/>
<inline_success reason='inline (hot)'/>
<parse method='1254' uses='5656.000000' stamp='0.071'>
<bc code='184' bci='4'/>
<method id='1270' holder='1253' name='LG' return='1113' arguments='1241 1112' flags='24' bytes='22' compile_id='155' compiler='c1' level='3' iicount='6426'/>
<call method='1270' count='5403' prof_factor='0.991933' inline='1'/>
<inline_success reason='inline (hot)'/>
<parse method='1270' uses='5656.000000' stamp='0.071'>
<bc code='184' bci='2'/>
<method id='1272' holder='1253' name='SH' return='1112' arguments='1241 1112' flags='24' bytes='21' compile_id='151' compiler='c1' level='3' iicount='49182'/>
<call method='1272' count='6032' prof_factor='0.880174' inline='1'/>
<inline_success reason='inline (hot)'/>
<parse method='1272' uses='5656.000000' stamp='0.071'>
<bc code='51' bci='2'/>
<uncommon_trap bci='2' reason='null_check' action='maybe_recompile' debug_id='0'/>
<uncommon_trap bci='2' reason='range_check' action='make_not_entrant' debug_id='0' comment='range_check'/>
<bc code='51' bci='11'/>
<uncommon_trap bci='11' reason='range_check' action='make_not_entrant' debug_id='0' comment='range_check'/>
<parse_done stamp='0.071'/>
</parse>
<bc code='184' bci='9'/>
<call method='1272' count='6032' prof_factor='0.880174' inline='1'/>
<inline_success reason='inline (hot)'/>
<parse method='1272' uses='5656.000000' stamp='0.071'>
<bc code='51' bci='2'/>
<uncommon_trap bci='2' reason='range_check' action='make_not_entrant' debug_id='0' comment='range_check'/>
<bc code='51' bci='11'/>
<uncommon_trap bci='11' reason='range_check' action='make_not_entrant' debug_id='0' comment='range_check'/>
<parse_done stamp='0.071'/>
</parse>
<parse_done stamp='0.071'/>
</parse>
<parse_done stamp='0.071'/>
</parse>
<bc code='153' bci='14'/>
<branch target_bci='22' taken='5656' not_taken='0' cnt='5656.000000' prob='always'/>
<uncommon_trap bci='14' reason='unstable_if' action='reinterpret' debug_id='0' comment='taken always'/>
<bc code='184' bci='24'/>
<method id='1255' holder='1253' name='CENHOW' return='1112' arguments='1241 1112' flags='24' bytes='9' compile_id='158' compiler='c1' level='3' iicount='5803'/>
<call method='1255' count='5148' prof_factor='1.000000' inline='1'/>
<inline_success reason='inline (hot)'/>
<parse method='1255' uses='5656.000000' stamp='0.071'>
<bc code='184' bci='5'/>
<call method='1272' count='5897' prof_factor='0.974668' inline='1'/>
<inline_success reason='inline (hot)'/>
<parse method='1272' uses='5748.000000' stamp='0.071'>
<bc code='51' bci='2'/>
<uncommon_trap bci='2' reason='range_check' action='make_not_entrant' debug_id='0' comment='range_check'/>
<bc code='51' bci='11'/>
<uncommon_trap bci='11' reason='range_check' action='make_not_entrant' debug_id='0' comment='range_check'/>
<parse_done stamp='0.071'/>
</parse>
<parse_done stamp='0.071'/>
</parse>
<bc code='184' bci='31'/>
<method id='1256' holder='1253' name='CENFLG' return='1112' arguments='1241 1112' flags='24' bytes='9' compile_id='159' compiler='c1' level='3' iicount='5758'/>
<call method='1256' count='5148' prof_factor='1.000000' inline='1'/>
<inline_success reason='inline (hot)'/>
<parse method='1256' uses='5656.000000' stamp='0.071'>
<bc code='184' bci='5'/>
<call method='1272' count='5919' prof_factor='0.982285' inline='1'/>
<inline_success reason='inline (hot)'/>
<parse method='1272' uses='5814.000000' stamp='0.071'>
<bc code='51' bci='2'/>
<uncommon_trap bci='2' reason='range_check' action='make_not_entrant' debug_id='0' comment='range_check'/>
<bc code='51' bci='11'/>
<uncommon_trap bci='11' reason='range_check' action='make_not_entrant' debug_id='0' comment='range_check'/>
<parse_done stamp='0.071'/>
</parse>
<parse_done stamp='0.071'/>
</parse>
<bc code='153' bci='40'/>
<branch target_bci='48' taken='5656' not_taken='0' cnt='5656.000000' prob='always'/>
<uncommon_trap bci='40' reason='unstable_if' action='reinterpret' debug_id='0' comment='taken always'/>
<bc code='153' bci='50'/>
<branch target_bci='88' taken='449' not_taken='5206' cnt='5655.000000' prob='                0.08'/>
<bc code='159' bci='57'/>
<branch target_bci='88' taken='5206' not_taken='0' cnt='5206.000000' prob='always'/>
<uncommon_trap bci='57' reason='unstable_if' action='reinterpret' debug_id='0' comment='taken always'/>
<bc code='184' bci='96'/>
<method id='1257' holder='1253' name='CENNAM' return='1112' arguments='1241 1112' flags='24' bytes='9' compile_id='160' compiler='c1' level='3' iicount='5835'/>
<call method='1257' count='5148' prof_factor='1.000000' inline='1'/>
<inline_success reason='inline (hot)'/>
<parse method='1257' uses='5656.000000' stamp='0.071'>
<bc code='184' bci='5'/>
<call method='1272' count='5994' prof_factor='0.969323' inline='1'/>
<inline_success reason='inline (hot)'/>
<parse method='1272' uses='5810.000000' stamp='0.071'>
<bc code='51' bci='2'/>
<uncommon_trap bci='2' reason='range_check' action='make_not_entrant' debug_id='0' comment='range_check'/>
<bc code='51' bci='11'/>
<uncommon_trap bci='11' reason='range_check' action='make_not_entrant' debug_id='0' comment='range_check'/>
<parse_done stamp='0.071'/>
</parse>
<parse_done stamp='0.071'/>
</parse>
<bc code='164' bci='111'/>
<branch target_bci='119' taken='5656' not_taken='0' cnt='5656.000000' prob='always'/>
<uncommon_trap bci='111' reason='unstable_if' action='reinterpret' debug_id='0' comment='taken always'/>
<bc code='184' bci='121'/>
<method id='1258' holder='1253' name='CENEXT' return='1112' arguments='1241 1112' flags='24' bytes='9' compile_id='154' compiler='c1' level='3' iicount='11486'/>
<call method='1258' count='5148' prof_factor='1.000000' inline='1'/>
<inline_success reason='inline (hot)'/>
<parse method='1258' uses='5656.000000' stamp='0.071'>
<bc code='184' bci='5'/>
<call method='1272' count='12303' prof_factor='0.492426' inline='1'/>
<inline_success reason='inline (hot)'/>
<parse method='1272' uses='6058.000000' stamp='0.071'>
<bc code='51' bci='2'/>
<uncommon_trap bci='2' reason='range_check' action='make_not_entrant' debug_id='0' comment='range_check'/>
<bc code='51' bci='11'/>
<uncommon_trap bci='11' reason='range_check' action='make_not_entrant' debug_id='0' comment='range_check'/>
<parse_done stamp='0.071'/>
</parse>
<parse_done stamp='0.071'/>
</parse>
<bc code='158' bci='128'/>
<branch target_bci='172' taken='5515' not_taken='141' cnt='5656.000000' prob='                0.98'/>
<bc code='154' bci='134'/>
<branch target_bci='172' taken='0' not_taken='141' cnt='141.000000' prob='never'/>
<bc code='153' bci='154'/>
<branch target_bci='162' taken='141' not_taken='0' cnt='141.000000' prob='always'/>
<bc code='182' bci='169'/>
<type id='1114' name='void'/>
<method id='1265' holder='1249' name='checkExtraFields' return='1114' arguments='1112 1112 1112' flags='2' bytes='161' iicount='238'/>
<call method='1265' count='128' prof_factor='1.000000' inline='1'/>
<inline_success reason='inline (hot)'/>
<predicted_call bci='169' exact='0' klass='1249'/>
<parse method='1265' uses='141.000000' stamp='0.071'>
<bc code='184' bci='8'/>
<klass id='1120' name='java.lang.String' flags='17'/>
<method id='1263' holder='1249' name='zerror' return='1114' arguments='1120' flags='10' bytes='9' iicount='1'/>
<call method='1263' count='-1' prof_factor='0.592437' inline='1'/>
<klass id='1291' name='java.util.zip.ZipException' unloaded='1'/>
<uncommon_trap method='1263' bci='0' reason='unloaded' action='reinterpret' index='386' debug_id='0' klass='1291'/>
<inline_fail reason='never executed'/>
<direct_call bci='8'/>
<bc code='190' bci='22'/>
<uncommon_trap bci='22' reason='null_check' action='maybe_recompile' debug_id='0'/>
<bc code='184' bci='28'/>
<call method='1263' count='-1' prof_factor='0.592437' inline='1'/>
<inline_fail reason='never executed'/>
<direct_call bci='28'/>
<bc code='163' bci='40'/>
<uncommon_trap bci='40' reason='predicate' action='maybe_recompile' debug_id='0'/>
<uncommon_trap bci='40' reason='profile_predicate' action='maybe_recompile' debug_id='0'/>
<uncommon_trap bci='40' reason='loop_limit_check' action='maybe_recompile' debug_id='0'/>
<bc code='184' bci='49'/>
<method id='1280' holder='1253' name='get16' return='1112' arguments='1241 1112' flags='25' bytes='21' compile_id='223' compiler='c1' level='3' iicount='1708'/>
<call method='1280' count='-1' prof_factor='0.592437' inline='1'/>
<inline_success reason='inline (hot)'/>
<parse method='1280' uses='-1.000000' stamp='0.072'>
<bc code='51' bci='2'/>
<uncommon_trap bci='2' reason='null_check' action='maybe_recompile' debug_id='0'/>
<uncommon_trap bci='2' reason='range_check' action='make_not_entrant' debug_id='0' comment='range_check'/>
<bc code='51' bci='11'/>
<uncommon_trap bci='11' reason='range_check' action='make_not_entrant' debug_id='0' comment='range_check'/>
<parse_done stamp='0.072'/>
</parse>
<bc code='184' bci='63'/>
<call method='1280' count='-1' prof_factor='0.592437' inline='1'/>
<inline_success reason='inline (hot)'/>
<parse method='1280' uses='-1.000000' stamp='0.072'>
<bc code='51' bci='2'/>
<uncommon_trap bci='2' reason='range_check' action='make_not_entrant' debug_id='0' comment='range_check'/>
<bc code='51' bci='11'/>
<uncommon_trap bci='11' reason='range_check' action='make_not_entrant' debug_id='0' comment='range_check'/>
<parse_done stamp='0.072'/>
</parse>
<bc code='184' bci='95'/>
<klass id='1226' name='java.lang.Integer' flags='17'/>
<method id='1286' holder='1226' name='valueOf' return='1226' arguments='1112' flags='9' bytes='32' iicount='82'/>
<call method='1286' count='-1' prof_factor='0.592437' inline='1'/>
<inline_success reason='inline (hot)'/>
<inline_id id='1906965480359'/>
<direct_call bci='95'/>
<bc code='83' bci='98'/>
<observe that='!need_range_check'/>
<bc code='184' bci='102'/>
<call method='1286' count='-1' prof_factor='0.592437' inline='1'/>
<inline_success reason='inline (hot)'/>
<inline_id id='1906965480532'/>
<direct_call bci='102'/>
<bc code='83' bci='105'/>
<observe that='!need_range_check'/>
<bc code='184' bci='106'/>
<klass id='1285' name='[Ljava.lang.Object;' flags='1041'/>
<method id='1287' holder='1120' name='format' return='1120' arguments='1120 1285' flags='137' bytes='16' iicount='1'/>
<call method='1287' count='-1' prof_factor='0.592437' inline='1'/>
<klass id='1296' name='java.util.Formatter' unloaded='1'/>
<uncommon_trap method='1287' bci='0' reason='unloaded' action='reinterpret' index='955' debug_id='0' klass='1296'/>
<inline_fail reason='never executed'/>
<direct_call bci='106'/>
<bc code='184' bci='109'/>
<call method='1263' count='-1' prof_factor='0.592437' inline='1'/>
<inline_fail reason='never executed'/>
<direct_call bci='109'/>
<bc code='184' bci='123'/>
<method id='1281' holder='1253' name='CENSIZ' return='1113' arguments='1241 1112' flags='24' bytes='9' iicount='96'/>
<call method='1281' count='-1' prof_factor='0.592437' inline='1'/>
<inline_fail reason='executed &lt; MinInliningThreshold times'/>
<direct_call bci='123'/>
<bc code='184' bci='133'/>
<method id='1282' holder='1253' name='CENLEN' return='1113' arguments='1241 1112' flags='24' bytes='9' iicount='144'/>
<call method='1282' count='-1' prof_factor='0.592437' inline='1'/>
<inline_fail reason='executed &lt; MinInliningThreshold times'/>
<direct_call bci='133'/>
<bc code='182' bci='147'/>
<method id='1283' holder='1249' name='checkZip64ExtraFieldValues' return='1114' arguments='1112 1112 1113 1113' flags='2' bytes='104' iicount='1'/>
<call method='1283' count='-1' prof_factor='0.592437' inline='1'/>
<inline_fail reason='too big'/>
<predicted_call bci='147' exact='0' klass='1249'/>
<direct_call bci='147'/>
<parse_done stamp='0.072'/>
</parse>
<bc code='182' bci='174'/>
<klass id='1259' name='java.util.zip.ZipCoder' flags='0'/>
<method id='1260' holder='1249' name='zipCoderForPos' return='1259' arguments='1112' flags='2' bytes='39' compile_id='219' compiler='c2' level='4' iicount='5655'/>
<call method='1260' count='5147' prof_factor='1.000000' inline='1'/>
<inline_success reason='inline (hot)'/>
<predicted_call bci='174' exact='0' klass='1249'/>
<parse method='1260' uses='5655.000000' stamp='0.072'>
<bc code='182' bci='4'/>
<klass id='1252' name='java.util.zip.ZipCoder$UTF8ZipCoder' flags='24'/>
<type id='1106' name='boolean'/>
<method id='1302' holder='1259' name='isUTF8' return='1106' flags='0' bytes='2' iicount='1'/>
<call method='1302' count='5144' prof_factor='1.000000' virtual='1' inline='1' receiver='1252' receiver_count='5144'/>
<method id='1304' holder='1252' name='isUTF8' return='1106' flags='0' bytes='2' compile_id='152' compiler='c1' level='1' iicount='327'/>
<call method='1304' count='5144' prof_factor='1.000000' inline='1'/>
<inline_success reason='inline (hot)'/>
<predicted_call bci='4' exact='1' klass='1252'/>
<uncommon_trap bci='4' reason='null_check' action='maybe_recompile' debug_id='0'/>
<uncommon_trap bci='4' reason='class_check' action='maybe_recompile' debug_id='0' comment='monomorphic vcall checkcast'/>
<predicted_call bci='4' exact='0' klass='1252'/>
<parse method='1304' uses='5656.000000' stamp='0.072'>
<parse_done stamp='0.072'/>
</parse>
<bc code='153' bci='7'/>
<branch target_bci='15' taken='0' not_taken='5656' cnt='5656.000000' prob='never'/>
<parse_done stamp='0.072'/>
</parse>
<bc code='182' bci='186'/>
<method id='1261' holder='1259' name='checkedHash' return='1112' arguments='1241 1112 1112' flags='0' bytes='97' iicount='1'/>
<call method='1261' count='5147' prof_factor='1.000000' virtual='1' inline='1' receiver='1252' receiver_count='5147'/>
<method id='1306' holder='1252' name='checkedHash' return='1112' arguments='1241 1112 1112' flags='0' bytes='91' compile_id='176' compiler='c2' level='4' iicount='3379'/>
<call method='1306' count='5147' prof_factor='1.000000' inline='1'/>
<inline_success reason='inline (hot)'/>
<predicted_call bci='186' exact='1' klass='1252'/>
<uncommon_trap bci='186' reason='class_check' action='maybe_recompile' debug_id='0' comment='monomorphic vcall checkcast'/>
<predicted_call bci='186' exact='0' klass='1252'/>
<parse method='1306' uses='5655.000000' stamp='0.073'>
<bc code='154' bci='1'/>
<branch target_bci='6' taken='3182' not_taken='0' cnt='3182.000000' prob='always'/>
<uncommon_trap bci='1' reason='unstable_if' action='reinterpret' debug_id='0' comment='taken always'/>
<bc code='162' bci='17'/>
<branch target_bci='67' taken='3182' not_taken='169947' cnt='173129.000000' prob='                0.02'/>
<uncommon_trap bci='17' reason='predicate' action='maybe_recompile' debug_id='0'/>
<uncommon_trap bci='17' reason='profile_predicate' action='maybe_recompile' debug_id='0'/>
<uncommon_trap bci='17' reason='loop_limit_check' action='maybe_recompile' debug_id='0'/>
<bc code='51' bci='22'/>
<uncommon_trap bci='22' reason='range_check' action='make_not_entrant' debug_id='0' comment='range_check'/>
<bc code='155' bci='27'/>
<branch target_bci='46' taken='0' not_taken='169947' cnt='169947.000000' prob='never'/>
<uncommon_trap bci='27' reason='unstable_if' action='reinterpret' debug_id='0' comment='taken never'/>
<bc code='162' bci='17'/>
<branch target_bci='67' taken='3182' not_taken='169947' cnt='169947.000000' prob='                0.02'/>
<bc code='51' bci='72'/>
<uncommon_trap bci='72' reason='range_check' action='make_not_entrant' debug_id='0' comment='range_check'/>
<bc code='159' bci='75'/>
<branch target_bci='88' taken='168' not_taken='3014' cnt='3182.000000' prob='                0.05'/>
<parse_done stamp='0.073'/>
</parse>
<bc code='112' bci='200'/>
<uncommon_trap bci='200' reason='div0_check' action='maybe_recompile' debug_id='0'/>
<bc code='46' bci='209'/>
<uncommon_trap bci='209' reason='null_check' action='maybe_recompile' debug_id='0'/>
<uncommon_trap bci='209' reason='range_check' action='make_not_entrant' debug_id='0' comment='range_check'/>
<bc code='79' bci='219'/>
<uncommon_trap bci='219' reason='range_check' action='make_not_entrant' debug_id='0' comment='range_check'/>
<bc code='79' bci='230'/>
<uncommon_trap bci='230' reason='null_check' action='maybe_recompile' debug_id='0'/>
<uncommon_trap bci='230' reason='range_check' action='make_not_entrant' debug_id='0' comment='range_check'/>
<bc code='79' bci='241'/>
<uncommon_trap bci='241' reason='range_check' action='make_not_entrant' debug_id='0' comment='range_check'/>
<bc code='79' bci='248'/>
<uncommon_trap bci='248' reason='range_check' action='make_not_entrant' debug_id='0' comment='range_check'/>
<parse_done stamp='0.073'/>
</parse>
<late_inline method='1286'  inline_id='1906965480532'>
<jvms bci='102' method='1265'/>
<jvms bci='169' method='1250'/>
</late_inline>
<parse method='1286' uses='-1.000000' stamp='0.073'>
<bc code='50' bci='21'/>
<uncommon_trap bci='21' reason='range_check' action='make_not_entrant' debug_id='0' comment='range_check'/>
<bc code='183' bci='28'/>
<method id='1293' holder='1226' name='&lt;init&gt;' return='1114' arguments='1112' flags='1' bytes='10' iicount='7'/>
<call method='1293' count='-1' prof_factor='1.000000' inline='1'/>
<inline_success reason='inline (hot)'/>
<parse method='1293' uses='-1.000000' stamp='0.073'>
<bc code='183' bci='1'/>
<klass id='1221' name='java.lang.Number' flags='1025'/>
<method id='1314' holder='1221' name='&lt;init&gt;' return='1114' flags='1' bytes='5' iicount='29'/>
<call method='1314' count='-1' prof_factor='1.000000' inline='1'/>
<inline_success reason='inline (hot)'/>
<parse method='1314' uses='-1.000000' stamp='0.073'>
<bc code='183' bci='1'/>
<klass id='1119' name='java.lang.Object' flags='1'/>
<method id='1316' holder='1119' name='&lt;init&gt;' return='1114' flags='1' bytes='1' compile_id='13' compiler='c2' level='4' iicount='12160'/>
<call method='1316' count='-1' prof_factor='1.000000' inline='1'/>
<inline_success reason='inline (hot)'/>
<parse method='1316' uses='-1.000000' stamp='0.073'>
<parse_done stamp='0.073'/>
</parse>
<parse_done stamp='0.073'/>
</parse>
<parse_done stamp='0.073'/>
</parse>
<parse_done stamp='0.073'/>
</parse>
<late_inline method='1286'  inline_id='1906965480359'>
<jvms bci='95' method='1265'/>
<jvms bci='169' method='1250'/>
</late_inline>
<parse method='1286' uses='-1.000000' stamp='0.074'>
<bc code='50' bci='21'/>
<uncommon_trap bci='21' reason='range_check' action='make_not_entrant' debug_id='0' comment='range_check'/>
<bc code='183' bci='28'/>
<call method='1293' count='-1' prof_factor='1.000000' inline='1'/>
<inline_success reason='inline (hot)'/>
<parse method='1293' uses='-1.000000' stamp='0.074'>
<bc code='183' bci='1'/>
<call method='1314' count='-1' prof_factor='1.000000' inline='1'/>
<inline_success reason='inline (hot)'/>
<parse method='1314' uses='-1.000000' stamp='0.074'>
<bc code='183' bci='1'/>
<call method='1316' count='-1' prof_factor='1.000000' inline='1'/>
<inline_success reason='inline (hot)'/>
<parse method='1316' uses='-1.000000' stamp='0.074'>
<parse_done stamp='0.074'/>
</parse>
<parse_done stamp='0.074'/>
</parse>
<parse_done stamp='0.074'/>
</parse>
<parse_done stamp='0.074'/>
</parse>
<loop_tree>
<loop idx='2278' inner_loop='1' >
</loop>
<loop idx='2299' >
<loop idx='2300' >
</loop>
</loop>
</loop_tree>
<loop_tree>
<loop idx='2278' inner_loop='1' >
</loop>
<loop idx='2299' >
<loop idx='2300' inner_loop='1' >
</loop>
</loop>
</loop_tree>
<loop_tree>
<loop idx='2278' inner_loop='1' >
</loop>
<loop idx='2299' >
<loop idx='2300' inner_loop='1' >
</loop>
</loop>
</loop_tree>
<loop_tree>
<loop idx='2278' inner_loop='1' >
</loop>
<loop idx='2299' >
<loop idx='2559' inner_loop='1' >
</loop>
</loop>
</loop_tree>
<loop_tree>
<loop idx='2278' inner_loop='1' >
</loop>
<loop idx='2433' inner_loop='1' >
</loop>
<loop idx='2299' >
<loop idx='2642' inner_loop='1' >
</loop>
</loop>
<loop idx='2394' inner_loop='1' >
</loop>
</loop_tree>
<loop_tree>
<loop idx='2278' inner_loop='1' >
</loop>
<loop idx='2433' inner_loop='1' >
</loop>
<loop idx='2299' >
<loop idx='2642' inner_loop='1' >
</loop>
</loop>
<loop idx='2394' inner_loop='1' >
</loop>
</loop_tree>
<loop_tree>
<loop idx='2278' inner_loop='1' >
</loop>
<loop idx='2433' inner_loop='1' >
</loop>
<loop idx='2299' >
<loop idx='2642' inner_loop='1' >
</loop>
</loop>
<loop idx='2394' inner_loop='1' >
</loop>
</loop_tree>
<regalloc attempts='2' success='1'/>
<code_cache total_blobs='656' nmethods='261' adapters='308' free_code_cache='250113792'/>
<task_done success='1' nmsize='3840' count='7934' inlined_bytes='629' stamp='0.087'/>
</task>
<task compile_id='294' method='java.util.Objects requireNonNull (Ljava/lang/Object;)Ljava/lang/Object;' bytes='14' count='5431' iicount='5431' stamp='0.107'>
<klass id='1119' name='java.lang.Object' flags='1'/>
<klass id='1249' name='java.util.Objects' flags='17'/>
<method id='1250' holder='1249' name='requireNonNull' return='1119' arguments='1119' flags='9' bytes='14' compile_id='14' compiler='c1' level='3' iicount='5433'/>
<klass id='1245' name='java.lang.NullPointerException' flags='1'/>
<uncommon_trap method='1250' bci='4' reason='unloaded' action='reinterpret' index='47' debug_id='0' klass='1245'/>
<parse method='1250' uses='5433.000000' stamp='0.107'>
<bc code='199' bci='1'/>
<branch target_bci='12' taken='5433' not_taken='0' cnt='5433.000000' prob='always'/>
<uncommon_trap bci='1' reason='unstable_if' action='reinterpret' debug_id='0' comment='taken always'/>
<parse_done stamp='0.107'/>
</parse>
<regalloc attempts='0' success='1'/>
<code_cache total_blobs='691' nmethods='292' adapters='312' free_code_cache='250079232'/>
<task_done success='1' nmsize='120' count='5438' stamp='0.107'/>
</task>
</compilation_log>
<hotspot_log_done stamp='0.426'/>
</hotspot_log>
